CollateralID,LoanID,CollateralType,Valuation,LienStatus
400000,9002076,Property,257441.59,Active
400001,9023538,Vehicle,99361.7,Released
400002,9009810,Other,373181.85,Active
400003,9000217,Gold,43408.24,Released
400004,9013460,Property,218086.53,Released
400005,9028434,Property,402116.39,Active
400006,9020549,Deposit,84669.17,Released
400007,9007003,Gold,41175.33,Active
400008,9002998,Vehicle,204132.81,Active
400009,9008065,Vehicle,133694.14,Released
400010,9013608,Deposit,9424.92,Active
400011,9022580,Vehicle,62204.89,Active
400012,9018171,Equipment,250388.89,Active
400013,9007049,Property,257382.96,Active
400014,9018412,Equipment,34870.7,Released
400015,9014733,Vehicle,281006.59,Active
400016,9028680,Property,36285.17,Released
400017,9015488,Property,351859.01,Active
400018,9013333,Other,490504.57,Active
400019,9007584,Equipment,455691.4,Active
400020,9024761,Vehicle,253571.74,Released
400021,9019985,Property,52132.02,Released
400022,9003714,Property,106856.97,Active
400023,9014256,Deposit,269647.38,Active
400024,9002357,Equipment,163071.08,Released
400025,9004064,Vehicle,82723.19,Active
400026,9026409,Equipment,294823.69,Active
400027,9007750,Vehicle,126721.69,Released
400028,9005083,Equipment,468900.92,Active
400029,9026995,Vehicle,262998.18,Released
400030,9005261,Property,181035.06,Released
400031,9001132,Vehicle,116793.06,Released
400032,9023758,Deposit,36422.47,Active
400033,9021545,Vehicle,294238.99,Active
400034,9014802,Property,310084.57,Active
400035,9000546,Property,104323.14,Released
400036,9029583,Gold,366663.47,Active
400037,9001531,Equipment,300671.19,Active
400038,9029275,Property,74261.47,Released
400039,9014322,Vehicle,188670.09,Released
400040,9007296,Equipment,320937.53,Released
400041,9000491,Property,167625.93,Active
400042,9029304,Equipment,243275.08,Active
400043,9019393,Property,102323.9,Active
400044,9005260,Other,293249.56,Active
400045,9026464,Vehicle,410194.65,Active
400046,9010533,Property,295430.15,Active
400047,9005376,Vehicle,109408.33,Active
400048,9023323,Deposit,486368.28,Active
400049,9005057,Property,285624.53,Active
400050,9027745,Vehicle,373203.64,Active
400051,9004181,Property,90624.37,Released
400052,9015964,Property,134990.81,Active
400053,9003830,Property,30208.46,Active
400054,9013756,Vehicle,259586.82,Active
400055,9019284,Other,104643.28,Released
400056,9005191,Property,115796.61,Released
400057,9021266,Equipment,169524.93,Active
400058,9006921,Deposit,287614.0,Active
400059,9023335,Vehicle,21377.06,Active
400060,9007687,Vehicle,137069.15,Active
400061,9004124,Equipment,299526.8,Active
400062,9005052,Vehicle,303263.47,Released
400063,9022118,Deposit,332538.18,Active
400064,9025858,Property,304906.58,Released
400065,9008014,Deposit,64740.09,Active
400066,9014480,Deposit,135470.64,Active
400067,9006211,Deposit,392856.52,Active
400068,9017222,Property,203970.05,Released
400069,9004811,Vehicle,179034.42,Released
400070,9014316,Property,319655.93,Active
400071,9013632,Property,129304.03,Active
400072,9016813,Gold,419437.68,Active
400073,9003290,Property,394372.56,Active
400074,9009336,Property,87863.03,Active
400075,9011132,Vehicle,287154.69,Active
400076,9006065,Vehicle,156047.56,Active
400077,9000710,Vehicle,100557.19,Released
400078,9010182,Property,420151.96,Active
400079,9003492,Gold,147022.36,Active
400080,9021440,Gold,206984.71,Active
400081,9011985,Deposit,288415.87,Released
400082,9025817,Deposit,294201.41,Released
400083,9020098,Property,248936.4,Active
400084,9004461,Gold,138190.29,Active
400085,9000282,Property,47951.45,Released
400086,9006866,Property,128884.92,Released
400087,9009799,Property,151558.02,Active
400088,9020569,Vehicle,305151.9,Active
400089,9003969,Equipment,293736.17,Active
400090,9011584,Property,11929.83,Active
400091,9006470,Vehicle,342761.87,Active
400092,9003871,Other,499107.75,Active
400093,9017932,Property,55409.55,Active
400094,9027482,Property,349385.73,Active
400095,9003604,Property,143258.76,Active
400096,9003402,Deposit,46341.06,Active
400097,9008389,Gold,218180.3,Active
400098,9026896,Vehicle,342363.13,Released
400099,9011364,Deposit,179944.25,Active
400100,9021712,Property,18934.22,Active
400101,9029069,Property,405838.73,Active
400102,9014789,Vehicle,245933.17,Active
400103,9018455,Property,170843.88,Released
400104,9019539,Property,365769.67,Active
400105,9018630,Property,456656.19,Active
400106,9008262,Property,224728.81,Active
400107,9024742,Vehicle,199129.98,Active
400108,9011821,Vehicle,258754.54,Released
400109,9009724,Vehicle,88461.92,Active
400110,9016947,Other,346637.17,Active
400111,9013005,Property,275854.87,Active
400112,9027978,Vehicle,264317.04,Active
400113,9004572,Property,53410.21,Released
400114,9018702,Deposit,319826.1,Released
400115,9029933,Vehicle,485464.88,Active
400116,9028368,Equipment,55885.73,Active
400117,9023581,Property,423705.55,Active
400118,9023744,Vehicle,339248.58,Active
400119,9009613,Property,337052.9,Active
400120,9015347,Vehicle,299095.92,Released
400121,9029241,Vehicle,343292.49,Active
400122,9011530,Vehicle,419883.82,Active
400123,9013348,Vehicle,97900.21,Active
400124,9019440,Vehicle,464024.87,Active
400125,9009213,Equipment,83290.7,Released
400126,9005506,Other,39672.95,Active
400127,9007811,Vehicle,8236.47,Active
400128,9002096,Vehicle,110609.46,Active
400129,9022832,Vehicle,388253.67,Active
400130,9019217,Vehicle,237737.19,Active
400131,9023862,Vehicle,240710.19,Active
400132,9002282,Vehicle,270233.97,Active
400133,9013515,Deposit,190216.57,Active
400134,9026165,Vehicle,216302.81,Released
400135,9005756,Property,148744.11,Active
400136,9024272,Property,392762.07,Active
400137,9026928,Equipment,395091.32,Active
400138,9017409,Property,154739.48,Released
400139,9022469,Property,101010.43,Active
400140,9021232,Vehicle,20622.6,Active
400141,9029524,Property,403428.93,Active
400142,9018930,Property,133737.87,Released
400143,9013934,Vehicle,412546.06,Released
400144,9001949,Equipment,395693.56,Active
400145,9015270,Gold,282735.07,Released
400146,9000520,Property,451254.94,Active
400147,9029202,Property,301030.96,Active
400148,9017251,Property,102090.86,Active
400149,9027981,Property,236814.61,Released
400150,9003692,Property,422500.72,Active
400151,9009675,Equipment,374625.86,Active
400152,9007834,Vehicle,388566.53,Active
400153,9010715,Property,258247.95,Active
400154,9023931,Equipment,79927.24,Released
400155,9025112,Property,267619.17,Active
400156,9009286,Vehicle,232259.44,Released
400157,9019425,Vehicle,108563.77,Active
400158,9017361,Other,316883.62,Active
400159,9017755,Deposit,343999.5,Active
400160,9025432,Deposit,474284.53,Active
400161,9024578,Property,231595.62,Active
400162,9002081,Deposit,357685.45,Active
400163,9022040,Gold,293936.45,Released
400164,9021733,Vehicle,345952.91,Active
400165,9006439,Gold,382323.04,Active
400166,9021325,Gold,88218.55,Active
400167,9028622,Gold,137847.1,Active
400168,9028494,Deposit,64341.57,Released
400169,9025797,Property,112715.13,Released
400170,9016089,Property,277784.64,Released
400171,9010496,Vehicle,388219.6,Active
400172,9028803,Gold,177669.47,Active
400173,9018101,Property,117253.02,Active
400174,9001210,Vehicle,368437.15,Active
400175,9024542,Property,347854.78,Released
400176,9022270,Gold,201001.2,Active
400177,9019616,Property,286195.26,Released
400178,9025655,Other,364142.76,Active
400179,9011202,Gold,472043.4,Active
400180,9014436,Equipment,137185.18,Active
400181,9007836,Equipment,111981.17,Released
400182,9005757,Equipment,313709.35,Active
400183,9008564,Vehicle,106505.15,Active
400184,9022275,Vehicle,369426.21,Active
400185,9004279,Gold,474923.19,Active
400186,9005144,Property,98441.32,Released
400187,9002122,Gold,390554.19,Active
400188,9015683,Deposit,183799.19,Active
400189,9029939,Property,34625.84,Active
400190,9002583,Deposit,358354.92,Active
400191,9029786,Vehicle,28879.73,Active
400192,9018126,Vehicle,233261.35,Active
400193,9008327,Property,22649.91,Released
400194,9013350,Deposit,304172.5,Active
400195,9014506,Equipment,89039.1,Released
400196,9015312,Gold,130461.01,Active
400197,9025404,Vehicle,35303.95,Active
400198,9008078,Property,339399.66,Released
400199,9003813,Vehicle,291920.42,Active
400200,9029006,Equipment,113673.77,Released
400201,9022545,Property,371128.42,Active
400202,9025102,Property,259686.37,Active
400203,9011627,Vehicle,366901.09,Active
400204,9022271,Equipment,357703.05,Released
400205,9024949,Deposit,458667.06,Released
400206,9003891,Vehicle,64792.12,Active
400207,9003687,Vehicle,386453.04,Released
400208,9006000,Property,291092.29,Released
400209,9025584,Vehicle,464884.09,Active
400210,9029976,Gold,81299.31,Active
400211,9002895,Property,196565.91,Active
400212,9025944,Equipment,287952.7,Active
400213,9020472,Property,225195.25,Active
400214,9025402,Property,152194.78,Released
400215,9013360,Equipment,276598.88,Active
400216,9029567,Property,456371.24,Active
400217,9007880,Property,278182.27,Released
400218,9006664,Property,81016.98,Released
400219,9012900,Equipment,412075.82,Active
400220,9008674,Property,42366.9,Active
400221,9022114,Vehicle,126592.36,Active
400222,9010643,Vehicle,127540.85,Released
400223,9001438,Property,306994.03,Active
400224,9021958,Property,369422.67,Released
400225,9011171,Vehicle,64012.85,Active
400226,9005523,Property,85815.52,Active
400227,9022732,Equipment,471155.4,Active
400228,9027364,Property,294565.76,Active
400229,9015041,Property,40145.03,Active
400230,9020968,Property,79985.45,Active
400231,9023415,Property,43563.53,Active
400232,9015043,Property,200901.99,Released
400233,9022942,Equipment,418267.13,Active
400234,9002250,Vehicle,358186.27,Active
400235,9027844,Property,485708.4,Active
400236,9010625,Property,371929.35,Active
400237,9028491,Other,357860.96,Active
400238,9020276,Property,378778.21,Released
400239,9015516,Deposit,73531.02,Active
400240,9007745,Vehicle,348125.5,Active
400241,9011886,Vehicle,345335.03,Released
400242,9029363,Vehicle,10419.13,Active
400243,9000405,Property,339693.98,Released
400244,9006570,Deposit,61321.9,Active
400245,9024839,Vehicle,475567.17,Active
400246,9003693,Vehicle,343435.42,Active
400247,9002173,Property,183100.58,Released
400248,9029082,Property,108878.7,Active
400249,9027941,Deposit,184178.9,Released
400250,9016720,Vehicle,132795.35,Released
400251,9000211,Deposit,227547.46,Active
400252,9021743,Property,54817.03,Active
400253,9005904,Vehicle,459220.06,Active
400254,9023013,Property,36498.88,Active
400255,9019503,Vehicle,125077.09,Released
400256,9023473,Gold,219248.86,Released
400257,9003321,Equipment,201323.73,Released
400258,9016071,Property,258076.35,Active
400259,9012762,Property,121296.01,Active
400260,9005145,Equipment,33000.86,Released
400261,9019835,Vehicle,428578.7,Active
400262,9029733,Property,61737.77,Released
400263,9011723,Property,338367.82,Active
400264,9006602,Gold,334676.96,Active
400265,9000905,Property,49743.72,Active
400266,9028309,Property,258640.62,Active
400267,9014378,Property,294697.6,Active
400268,9025943,Deposit,170316.07,Released
400269,9027455,Property,174659.61,Active
400270,9020888,Property,417218.39,Released
400271,9019536,Property,301935.67,Released
400272,9007191,Property,242596.32,Active
400273,9003119,Gold,154089.17,Released
400274,9008225,Vehicle,245518.7,Released
400275,9009526,Property,180987.74,Active
400276,9003175,Property,142800.76,Released
400277,9020239,Equipment,205311.86,Active
400278,9009791,Deposit,147622.65,Active
400279,9002070,Equipment,259011.66,Active
400280,9014654,Gold,298464.67,Active
400281,9020572,Deposit,308000.82,Active
400282,9004367,Vehicle,431212.4,Active
400283,9026183,Vehicle,323152.86,Released
400284,9029374,Property,126669.65,Active
400285,9018945,Vehicle,417676.25,Active
400286,9005362,Equipment,106693.3,Active
400287,9011389,Property,408029.11,Released
400288,9019875,Equipment,9575.66,Active
400289,9012733,Other,186166.34,Released
400290,9029454,Property,497496.06,Active
400291,9026113,Property,412125.23,Active
400292,9012927,Property,291368.61,Active
400293,9015765,Property,216414.76,Active
400294,9005789,Property,343399.53,Active
400295,9019014,Equipment,489585.56,Active
400296,9020331,Property,382744.56,Active
400297,9009449,Deposit,106081.5,Active
400298,9025238,Property,13153.01,Active
400299,9008520,Vehicle,416893.35,Active
400300,9000053,Deposit,271556.76,Released
400301,9021367,Other,478544.93,Active
400302,9014579,Vehicle,418979.19,Active
400303,9018294,Property,80662.51,Active
400304,9013738,Vehicle,51099.95,Active
400305,9015212,Deposit,159402.7,Active
400306,9016176,Vehicle,438340.05,Active
400307,9019552,Property,356612.32,Active
400308,9029347,Vehicle,406572.0,Active
400309,9024232,Property,41324.77,Active
400310,9022162,Equipment,118200.7,Active
400311,9006834,Vehicle,54187.47,Active
400312,9011919,Property,385506.94,Released
400313,9025056,Deposit,255473.67,Released
400314,9015032,Property,345712.03,Active
400315,9000718,Property,130587.69,Active
400316,9002609,Deposit,15976.32,Active
400317,9003226,Property,44101.84,Active
400318,9018262,Vehicle,145920.63,Active
400319,9004151,Property,399664.56,Active
400320,9015934,Vehicle,164684.68,Released
400321,9012881,Property,332938.32,Active
400322,9021197,Property,78226.52,Active
400323,9014389,Equipment,131540.75,Active
400324,9005439,Gold,38936.06,Active
400325,9008927,Deposit,372939.39,Active
400326,9015692,Property,24179.91,Released
400327,9016313,Equipment,49171.91,Active
400328,9016805,Equipment,119754.61,Active
400329,9019450,Vehicle,24167.43,Active
400330,9023189,Vehicle,464679.68,Active
400331,9016850,Vehicle,466199.83,Active
400332,9025077,Vehicle,173703.23,Active
400333,9018045,Property,293903.32,Active
400334,9009303,Other,437915.44,Active
400335,9024615,Vehicle,95583.34,Active
400336,9010105,Vehicle,336264.07,Active
400337,9024033,Vehicle,137904.54,Released
400338,9029272,Gold,69780.24,Released
400339,9008352,Property,54579.1,Active
400340,9017713,Property,185064.23,Released
400341,9003971,Gold,467662.72,Released
400342,9026813,Gold,453317.69,Active
400343,9011589,Gold,486504.19,Active
400344,9023019,Property,349975.11,Active
400345,9000979,Equipment,112974.27,Released
400346,9019432,Property,331905.38,Active
400347,9023715,Property,406997.84,Active
400348,9015012,Property,85033.95,Active
400349,9002452,Deposit,416521.63,Released
400350,9023730,Property,341815.09,Active
400351,9005622,Vehicle,131571.05,Active
400352,9005130,Equipment,313390.67,Released
400353,9006397,Property,172238.34,Released
400354,9027187,Deposit,348228.73,Active
400355,9026139,Property,307039.15,Active
400356,9022198,Deposit,7373.81,Active
400357,9029734,Equipment,464212.7,Active
400358,9010138,Property,227069.5,Active
400359,9006923,Gold,253097.55,Released
400360,9006737,Property,317573.6,Released
400361,9007998,Deposit,425085.0,Released
400362,9015065,Equipment,460113.3,Released
400363,9000338,Equipment,230788.72,Active
400364,9013654,Property,432548.19,Active
400365,9001373,Property,14809.7,Active
400366,9009487,Vehicle,416700.2,Active
400367,9000811,Property,444750.4,Active
400368,9002541,Gold,372119.15,Active
400369,9026091,Deposit,476067.55,Released
400370,9028746,Vehicle,210183.52,Active
400371,9019388,Vehicle,123572.81,Released
400372,9015819,Property,322344.11,Active
400373,9026926,Deposit,429374.12,Active
400374,9007455,Vehicle,462620.09,Active
400375,9026652,Property,483850.39,Released
400376,9004868,Equipment,95865.76,Active
400377,9017997,Vehicle,283243.59,Released
400378,9020715,Equipment,233432.71,Active
400379,9010878,Other,153161.89,Released
400380,9023723,Equipment,443991.22,Active
400381,9023924,Property,442719.82,Released
400382,9013937,Property,87216.23,Released
400383,9016837,Other,184749.56,Active
400384,9019205,Gold,216910.2,Active
400385,9006185,Property,87577.76,Active
400386,9001908,Vehicle,498065.69,Active
400387,9014186,Property,119111.79,Active
400388,9027053,Other,156195.65,Released
400389,9009594,Other,357424.92,Active
400390,9021387,Other,372824.04,Active
400391,9006086,Equipment,390270.32,Active
400392,9002947,Property,233439.33,Released
400393,9017962,Property,127841.61,Active
400394,9014442,Property,126619.43,Active
400395,9021215,Deposit,138178.07,Active
400396,9022683,Gold,448946.41,Active
400397,9007479,Equipment,61877.88,Active
400398,9006182,Gold,69751.53,Released
400399,9027157,Deposit,172623.22,Released
400400,9009835,Vehicle,62913.22,Active
400401,9019714,Deposit,16115.29,Active
400402,9001649,Vehicle,454091.64,Active
400403,9011708,Property,283503.52,Active
400404,9029521,Vehicle,370779.37,Released
400405,9021662,Vehicle,137356.34,Active
400406,9002469,Deposit,123152.12,Released
400407,9025949,Gold,260189.37,Active
400408,9012168,Property,407235.28,Active
400409,9000908,Vehicle,124148.32,Released
400410,9006842,Property,12052.67,Released
400411,9007173,Equipment,94215.41,Released
400412,9002930,Vehicle,158137.37,Active
400413,9017158,Property,272898.49,Active
400414,9006745,Property,89910.93,Active
400415,9012282,Gold,200530.22,Active
400416,9002598,Equipment,244191.36,Active
400417,9025426,Vehicle,148950.49,Active
400418,9004287,Deposit,337520.92,Released
400419,9007517,Vehicle,147784.6,Released
400420,9020670,Vehicle,194114.8,Active
400421,9018594,Property,150649.91,Active
400422,9004229,Vehicle,198546.07,Active
400423,9005948,Property,419888.24,Active
400424,9011688,Property,439964.07,Active
400425,9001996,Vehicle,257094.25,Active
400426,9014920,Other,453469.96,Active
400427,9012085,Equipment,110318.91,Active
400428,9029827,Vehicle,137811.55,Active
400429,9028882,Gold,341977.79,Active
400430,9017875,Property,449445.55,Active
400431,9026175,Vehicle,162515.28,Active
400432,9015080,Gold,220788.16,Active
400433,9027273,Deposit,234947.69,Released
400434,9025608,Equipment,474134.72,Active
400435,9026981,Property,308071.66,Released
400436,9011243,Gold,370064.34,Active
400437,9019509,Vehicle,157921.19,Active
400438,9002581,Gold,184941.09,Released
400439,9003056,Property,222729.21,Active
400440,9015454,Property,105784.1,Released
400441,9010303,Property,272856.2,Active
400442,9012328,Property,454387.43,Active
400443,9020459,Property,39464.42,Active
400444,9006607,Property,133507.18,Active
400445,9014014,Property,107557.96,Released
400446,9001159,Equipment,336431.85,Released
400447,9011845,Vehicle,446778.12,Active
400448,9019230,Vehicle,394027.43,Active
400449,9011562,Gold,283304.27,Released
400450,9021164,Property,360841.46,Released
400451,9023570,Equipment,391120.56,Released
400452,9024778,Vehicle,256745.09,Active
400453,9022010,Property,12732.94,Released
400454,9018942,Property,67153.38,Active
400455,9001104,Property,186945.41,Active
400456,9008832,Property,10048.87,Released
400457,9002771,Property,189648.74,Released
400458,9023987,Other,324664.33,Released
400459,9029036,Property,132209.26,Active
400460,9014907,Deposit,405354.38,Active
400461,9025240,Other,222873.1,Active
400462,9027228,Equipment,70007.35,Released
400463,9008321,Property,441086.75,Released
400464,9004172,Equipment,69113.2,Released
400465,9015623,Other,193023.92,Released
400466,9004174,Property,457344.03,Released
400467,9025758,Property,237121.14,Released
400468,9017388,Deposit,126107.17,Active
400469,9022937,Vehicle,177487.18,Active
400470,9027154,Property,74895.54,Active
400471,9027514,Property,169015.25,Active
400472,9022276,Deposit,466914.08,Released
400473,9016563,Other,41974.78,Active
400474,9005670,Vehicle,86689.19,Active
400475,9007996,Property,271566.21,Active
400476,9007436,Vehicle,333113.02,Released
400477,9000860,Gold,413885.05,Active
400478,9001050,Gold,73338.95,Active
400479,9023737,Property,137460.14,Active
400480,9020358,Vehicle,153559.45,Active
400481,9018868,Vehicle,129915.05,Released
400482,9025100,Gold,388855.22,Active
400483,9024297,Property,46019.08,Released
400484,9024043,Property,264652.65,Active
400485,9000502,Vehicle,194184.4,Released
400486,9029488,Deposit,304453.45,Released
400487,9006508,Gold,342470.66,Released
400488,9014091,Property,197119.38,Active
400489,9021568,Property,488130.88,Active
400490,9002687,Vehicle,49813.82,Active
400491,9010224,Equipment,386044.03,Active
400492,9022388,Property,254375.69,Active
400493,9014008,Vehicle,161897.03,Released
400494,9006629,Property,249634.86,Active
400495,9017447,Property,265809.1,Active
400496,9026764,Other,234570.13,Active
400497,9017870,Property,405583.0,Active
400498,9016514,Property,458835.18,Released
400499,9000635,Property,95899.36,Active
400500,9024730,Property,158705.14,Released
400501,9026575,Property,55437.13,Active
400502,9004887,Deposit,85794.51,Active
400503,9004331,Property,467620.19,Released
400504,9006337,Property,381312.35,Released
400505,9018160,Property,26292.72,Released
400506,9000028,Property,323229.76,Active
400507,9022828,Equipment,397438.29,Released
400508,9027746,Equipment,9004.87,Active
400509,9024236,Gold,289170.87,Active
400510,9013849,Property,266384.89,Active
400511,9004226,Gold,92409.84,Active
400512,9001399,Property,91228.0,Active
400513,9006674,Property,263682.09,Active
400514,9015192,Deposit,234621.43,Active
400515,9002832,Equipment,95742.25,Released
400516,9011315,Property,251200.46,Active
400517,9021102,Property,16285.31,Active
400518,9005776,Vehicle,62280.59,Active
400519,9022050,Property,77750.49,Active
400520,9013797,Property,454487.45,Active
400521,9016504,Property,376909.59,Released
400522,9006589,Property,139932.56,Released
400523,9020936,Gold,210629.44,Released
400524,9011983,Property,175599.21,Active
400525,9010645,Other,77563.71,Active
400526,9010168,Deposit,451610.68,Active
400527,9002101,Property,457548.82,Active
400528,9027369,Gold,413349.98,Released
400529,9028613,Gold,140797.41,Active
400530,9010219,Property,129220.41,Active
400531,9023504,Other,402115.14,Released
400532,9016041,Equipment,454312.73,Released
400533,9010779,Property,428275.19,Active
400534,9006404,Deposit,471087.0,Active
400535,9029594,Vehicle,381120.72,Active
400536,9019990,Property,125934.97,Active
400537,9004040,Property,403685.57,Active
400538,9020758,Equipment,372525.82,Released
400539,9028306,Equipment,207682.6,Active
400540,9006831,Deposit,242598.46,Active
400541,9014944,Equipment,232191.7,Released
400542,9018623,Vehicle,282227.69,Released
400543,9007068,Property,202427.95,Active
400544,9003058,Gold,423079.86,Released
400545,9005442,Property,429179.84,Active
400546,9005663,Vehicle,102130.11,Released
400547,9005521,Property,315036.45,Active
400548,9021221,Property,144644.92,Active
400549,9009618,Vehicle,248046.81,Active
400550,9009038,Vehicle,49924.21,Active
400551,9011301,Property,482628.04,Active
400552,9024057,Equipment,288996.0,Active
400553,9028891,Vehicle,27461.57,Active
400554,9005094,Vehicle,274939.11,Released
400555,9028513,Vehicle,359392.05,Active
400556,9012720,Equipment,392283.77,Active
400557,9005353,Deposit,97613.96,Active
400558,9010637,Equipment,354824.53,Active
400559,9028750,Gold,56330.77,Active
400560,9026177,Property,16192.42,Active
400561,9020830,Vehicle,17979.93,Released
400562,9028045,Property,365163.25,Active
400563,9015762,Property,193383.18,Released
400564,9009567,Property,146091.09,Active
400565,9000031,Property,128140.11,Active
400566,9029384,Gold,388157.1,Active
400567,9024046,Deposit,78831.23,Active
400568,9007199,Vehicle,324233.94,Released
400569,9009087,Property,88789.38,Released
400570,9010428,Other,268069.01,Active
400571,9019220,Property,335541.11,Released
400572,9019451,Property,16074.54,Active
400573,9016474,Equipment,53422.51,Released
400574,9014217,Vehicle,87891.41,Released
400575,9013154,Other,169725.27,Active
400576,9027061,Property,30683.28,Released
400577,9019346,Property,197625.57,Released
400578,9016111,Property,412830.56,Active
400579,9004149,Gold,382309.65,Active
400580,9011893,Gold,303573.1,Active
400581,9025484,Other,220231.1,Released
400582,9001224,Property,188601.41,Active
400583,9025155,Vehicle,153916.93,Active
400584,9027070,Property,148890.72,Active
400585,9002169,Property,424417.81,Active
400586,9015621,Property,470791.42,Active
400587,9014099,Property,446297.79,Released
400588,9018966,Property,86554.49,Active
400589,9017263,Gold,296001.23,Active
400590,9004884,Property,249612.49,Active
400591,9006728,Vehicle,61278.94,Released
400592,9027162,Property,62623.8,Active
400593,9027032,Vehicle,377964.04,Active
400594,9000814,Property,216888.05,Active
400595,9024505,Property,157343.62,Active
400596,9022439,Property,173509.5,Active
400597,9017254,Deposit,413295.02,Released
400598,9007790,Deposit,181477.23,Active
400599,9000596,Vehicle,330635.44,Released
400600,9005602,Equipment,174875.72,Active
400601,9009430,Vehicle,291375.89,Released
400602,9019180,Vehicle,166525.99,Released
400603,9004808,Vehicle,488923.04,Released
400604,9023676,Property,285991.98,Active
400605,9029556,Property,402012.33,Active
400606,9029341,Property,124442.84,Released
400607,9001879,Equipment,320245.96,Active
400608,9026706,Vehicle,465394.09,Active
400609,9014747,Deposit,481459.8,Active
400610,9014707,Vehicle,298427.67,Released
400611,9025872,Property,39237.71,Active
400612,9016379,Property,462925.25,Active
400613,9024444,Vehicle,224780.12,Released
400614,9005136,Vehicle,172306.87,Released
400615,9017337,Property,338856.8,Released
400616,9017143,Property,47648.52,Active
400617,9003195,Deposit,231392.55,Released
400618,9011696,Property,376430.03,Active
400619,9027965,Vehicle,467147.48,Active
400620,9017365,Property,270000.63,Active
400621,9010073,Gold,455835.46,Released
400622,9004835,Deposit,44744.65,Active
400623,9004322,Vehicle,400781.61,Released
400624,9015011,Deposit,218616.32,Active
400625,9002553,Equipment,282698.19,Active
400626,9025539,Deposit,110021.63,Active
400627,9015585,Vehicle,294051.26,Released
400628,9008063,Property,401910.28,Released
400629,9017435,Equipment,284672.86,Active
400630,9006644,Other,295614.76,Active
400631,9027382,Property,418854.69,Active
400632,9027442,Other,76949.3,Released
400633,9028300,Deposit,453161.69,Released
400634,9011059,Property,23654.59,Active
400635,9010337,Deposit,128885.05,Released
400636,9013775,Vehicle,253258.95,Active
400637,9016200,Property,415733.56,Released
400638,9022278,Gold,133746.39,Active
400639,9008580,Vehicle,291024.0,Active
400640,9005611,Property,328415.04,Active
400641,9003800,Deposit,30082.92,Released
400642,9018062,Property,402341.35,Active
400643,9007602,Property,333415.9,Released
400644,9026097,Vehicle,454709.8,Active
400645,9016992,Vehicle,482570.4,Active
400646,9029020,Property,398138.46,Released
400647,9015780,Property,265400.94,Active
400648,9004486,Vehicle,260129.18,Released
400649,9022145,Property,352537.07,Active
400650,9007320,Vehicle,196194.94,Active
400651,9023665,Property,374290.72,Released
400652,9002330,Gold,388827.68,Active
400653,9022758,Property,222836.44,Active
400654,9010986,Vehicle,435136.35,Active
400655,9007300,Property,10864.88,Active
400656,9010384,Property,250430.69,Released
400657,9027649,Vehicle,276771.2,Active
400658,9013525,Property,310979.36,Active
400659,9018786,Property,302293.76,Active
400660,9022692,Vehicle,191366.01,Active
400661,9005318,Property,59596.37,Active
400662,9002494,Property,452227.92,Active
400663,9020035,Other,199411.17,Active
400664,9025905,Property,233937.38,Active
400665,9010641,Gold,388445.57,Released
400666,9014665,Vehicle,352095.54,Active
400667,9008146,Property,375155.01,Active
400668,9002935,Equipment,460218.14,Active
400669,9029540,Vehicle,421183.27,Active
400670,9001763,Other,38146.35,Active
400671,9025626,Other,337945.42,Active
400672,9029450,Vehicle,81943.23,Released
400673,9010099,Vehicle,20685.6,Active
400674,9013439,Vehicle,221561.27,Active
400675,9015257,Property,402834.35,Active
400676,9009902,Equipment,110125.72,Released
400677,9029464,Vehicle,201494.3,Released
400678,9016553,Property,49107.71,Active
400679,9027275,Vehicle,6313.83,Released
400680,9022960,Gold,156857.42,Active
400681,9013232,Vehicle,23017.21,Active
400682,9005201,Vehicle,281394.02,Active
400683,9004678,Deposit,166821.22,Active
400684,9014839,Property,456397.99,Active
400685,9001124,Property,119862.21,Active
400686,9001868,Property,258226.53,Active
400687,9025378,Other,167408.45,Active
400688,9017026,Property,254683.87,Active
400689,9002605,Gold,23197.43,Active
400690,9026852,Property,308969.99,Active
400691,9005110,Vehicle,386123.93,Active
400692,9005991,Deposit,14851.58,Released
400693,9020901,Vehicle,447995.31,Active
400694,9020518,Deposit,138096.13,Active
400695,9004931,Equipment,398739.91,Active
400696,9012310,Property,498988.98,Active
400697,9009013,Equipment,128521.71,Active
400698,9022289,Vehicle,221426.19,Released
400699,9017557,Equipment,54114.03,Active
400700,9001465,Property,13021.63,Released
400701,9028788,Vehicle,131967.73,Released
400702,9011366,Property,215655.16,Released
400703,9009929,Gold,470429.41,Released
400704,9015731,Gold,294764.48,Active
400705,9025747,Vehicle,28747.43,Released
400706,9007797,Vehicle,463555.24,Active
400707,9017056,Property,284945.65,Active
400708,9027692,Equipment,138633.63,Active
400709,9013124,Vehicle,173284.76,Active
400710,9021851,Vehicle,108815.19,Active
400711,9012876,Property,436627.91,Active
400712,9010359,Property,19706.27,Active
400713,9024879,Vehicle,408451.71,Active
400714,9018824,Equipment,194125.27,Released
400715,9029138,Property,358938.99,Active
400716,9018645,Property,63180.74,Active
400717,9014264,Equipment,104530.44,Active
400718,9027441,Property,497375.72,Released
400719,9009265,Deposit,303850.59,Active
400720,9001922,Property,389195.27,Released
400721,9026841,Vehicle,49772.97,Released
400722,9014207,Vehicle,393400.81,Released
400723,9029800,Vehicle,366148.7,Released
400724,9020662,Property,95929.27,Active
400725,9000285,Equipment,54595.42,Released
400726,9005056,Vehicle,73285.3,Released
400727,9007884,Gold,498325.67,Active
400728,9018200,Property,236779.4,Active
400729,9014519,Vehicle,483816.94,Active
400730,9020656,Vehicle,469032.75,Active
400731,9008076,Property,43852.07,Active
400732,9005972,Equipment,362461.02,Active
400733,9018620,Property,254547.52,Released
400734,9017126,Other,278831.71,Active
400735,9000339,Property,115763.29,Active
400736,9015993,Property,137352.58,Released
400737,9010952,Equipment,484449.19,Active
400738,9016208,Gold,272402.27,Released
400739,9000136,Property,438961.85,Released
400740,9020475,Vehicle,394047.18,Released
400741,9017536,Vehicle,299390.58,Released
400742,9003582,Deposit,488842.76,Active
400743,9011121,Deposit,475945.48,Active
400744,9006016,Vehicle,339903.54,Active
400745,9007240,Deposit,434436.91,Released
400746,9009032,Vehicle,281456.89,Active
400747,9011460,Equipment,268299.49,Released
400748,9003769,Deposit,353773.92,Released
400749,9028307,Deposit,440357.3,Released
400750,9005006,Property,167294.05,Active
400751,9029497,Property,79197.25,Active
400752,9002802,Property,114226.72,Active
400753,9029387,Property,128841.28,Active
400754,9010551,Vehicle,87066.5,Active
400755,9023457,Property,374233.44,Released
400756,9006786,Vehicle,211230.94,Active
400757,9008689,Property,60478.95,Released
400758,9005891,Deposit,7345.65,Active
400759,9026339,Property,48304.37,Released
400760,9022377,Gold,413600.79,Released
400761,9023192,Vehicle,449539.22,Active
400762,9013359,Vehicle,83602.76,Active
400763,9012383,Property,22244.5,Released
400764,9011269,Other,345373.23,Released
400765,9019682,Equipment,103408.0,Active
400766,9018264,Property,38468.23,Active
400767,9027732,Property,450143.71,Active
400768,9028525,Gold,256333.0,Active
400769,9017032,Gold,418495.04,Released
400770,9011272,Property,189491.29,Released
400771,9005278,Gold,490385.63,Active
400772,9005327,Property,413693.56,Active
400773,9013938,Vehicle,329530.77,Released
400774,9020395,Vehicle,204017.26,Active
400775,9024411,Deposit,144607.88,Active
400776,9017132,Deposit,376495.56,Active
400777,9001358,Vehicle,75863.84,Active
400778,9003344,Property,218613.33,Active
400779,9018269,Vehicle,243496.92,Active
400780,9000244,Property,149385.84,Active
400781,9025891,Property,120856.73,Released
400782,9029690,Deposit,484505.53,Active
400783,9002593,Equipment,159694.41,Active
400784,9027816,Vehicle,306044.08,Released
400785,9014894,Vehicle,191719.73,Active
400786,9017288,Vehicle,212177.11,Active
400787,9020828,Deposit,353706.33,Active
400788,9017638,Vehicle,307690.53,Active
400789,9029712,Property,491261.96,Active
400790,9028839,Vehicle,302445.7,Active
400791,9022411,Vehicle,13059.62,Active
400792,9003743,Deposit,264391.5,Active
400793,9016206,Vehicle,48282.62,Released
400794,9005450,Property,362693.44,Active
400795,9019053,Vehicle,474789.31,Active
400796,9026931,Gold,281088.11,Active
400797,9008788,Deposit,58842.99,Released
400798,9009261,Vehicle,12234.81,Released
400799,9008885,Property,167182.82,Released
400800,9021737,Vehicle,331594.45,Released
400801,9004414,Vehicle,131636.23,Active
400802,9023032,Equipment,118353.99,Active
400803,9002965,Property,128366.58,Active
400804,9013599,Vehicle,478321.2,Released
400805,9000430,Vehicle,262282.85,Active
400806,9011471,Gold,38045.7,Active
400807,9005672,Property,349678.16,Released
400808,9010330,Property,460836.7,Active
400809,9017532,Property,224130.98,Active
400810,9011156,Deposit,23459.39,Active
400811,9004639,Vehicle,364453.35,Active
400812,9008533,Deposit,143947.06,Active
400813,9005133,Vehicle,329850.26,Active
400814,9011190,Other,91615.37,Active
400815,9028439,Property,151935.04,Active
400816,9001352,Vehicle,234096.86,Active
400817,9009173,Property,291354.02,Active
400818,9023130,Property,400965.05,Active
400819,9015335,Property,120064.25,Active
400820,9009077,Property,192847.88,Active
400821,9017216,Vehicle,167847.01,Active
400822,9026098,Property,312738.3,Active
400823,9007139,Property,215778.85,Active
400824,9012825,Gold,29453.58,Active
400825,9007123,Property,497929.89,Active
400826,9005806,Gold,29626.46,Released
400827,9029688,Property,376240.0,Released
400828,9007397,Gold,409402.15,Active
400829,9014447,Gold,26212.63,Active
400830,9008058,Property,420845.58,Active
400831,9004320,Property,107861.98,Released
400832,9020866,Other,470157.48,Active
400833,9008059,Vehicle,440803.85,Released
400834,9009445,Property,212151.59,Active
400835,9008032,Property,101766.8,Active
400836,9008054,Gold,204311.41,Active
400837,9008021,Other,61451.53,Released
400838,9016279,Vehicle,302565.5,Active
400839,9027311,Property,168786.44,Released
400840,9024708,Other,327694.25,Released
400841,9008086,Property,12374.38,Released
400842,9025377,Property,62536.83,Active
400843,9023575,Deposit,106093.58,Active
400844,9020753,Vehicle,324131.73,Released
400845,9011042,Equipment,459382.76,Active
400846,9002026,Deposit,49390.69,Active
400847,9029005,Equipment,217866.94,Released
400848,9029231,Property,369245.18,Released
400849,9020444,Equipment,334270.68,Active
400850,9022156,Equipment,248295.15,Released
400851,9027092,Vehicle,71731.55,Active
400852,9005176,Deposit,287593.61,Active
400853,9026812,Vehicle,323883.66,Released
400854,9024383,Equipment,415632.58,Active
400855,9022816,Property,177549.34,Active
400856,9025300,Equipment,350170.35,Active
400857,9006666,Property,371691.42,Released
400858,9002132,Vehicle,447226.96,Active
400859,9020553,Vehicle,325278.46,Released
400860,9016716,Property,77935.7,Active
400861,9011764,Property,74588.12,Active
400862,9007353,Gold,62174.77,Active
400863,9006435,Deposit,309790.14,Active
400864,9027381,Gold,476944.5,Active
400865,9024707,Vehicle,192487.62,Released
400866,9024543,Vehicle,193449.94,Active
400867,9006303,Property,483673.56,Released
400868,9019869,Equipment,319658.68,Active
400869,9001625,Property,286577.43,Active
400870,9014363,Vehicle,122659.48,Active
400871,9017128,Property,410295.77,Active
400872,9021470,Vehicle,109387.3,Active
400873,9005816,Property,367735.82,Active
400874,9005848,Property,478205.84,Released
400875,9022397,Equipment,491303.67,Active
400876,9002548,Gold,125788.09,Active
400877,9028272,Property,125267.72,Active
400878,9028840,Property,144762.77,Active
400879,9012629,Property,325244.58,Active
400880,9014838,Vehicle,331584.93,Active
400881,9014026,Property,56723.51,Active
400882,9016501,Vehicle,103284.49,Active
400883,9006920,Deposit,125716.01,Active
400884,9006845,Property,359458.6,Released
400885,9026262,Vehicle,279967.04,Released
400886,9004573,Vehicle,391058.68,Released
400887,9029033,Property,180495.69,Active
400888,9024285,Vehicle,304866.47,Active
400889,9013657,Gold,303227.38,Active
400890,9029720,Deposit,412025.87,Active
400891,9022502,Property,59810.42,Active
400892,9000439,Gold,360396.03,Released
400893,9019188,Vehicle,62418.08,Released
400894,9007280,Property,313468.71,Released
400895,9009997,Deposit,375490.18,Released
400896,9000624,Property,312541.65,Active
400897,9002628,Equipment,444861.59,Active
400898,9020965,Property,437865.55,Active
400899,9012368,Gold,331479.8,Active
400900,9012493,Gold,343218.61,Active
400901,9023248,Gold,325014.12,Active
400902,9014288,Property,357427.54,Active
400903,9022926,Property,207383.79,Active
400904,9014359,Equipment,24634.73,Released
400905,9004469,Vehicle,120425.05,Active
400906,9022857,Deposit,308349.91,Active
400907,9028797,Property,206271.1,Active
400908,9008809,Equipment,62255.33,Active
400909,9023897,Property,417815.09,Active
400910,9008165,Deposit,242356.13,Active
400911,9010000,Property,412772.16,Released
400912,9029899,Property,294981.46,Active
400913,9004514,Vehicle,73905.38,Active
400914,9029178,Property,353427.97,Active
400915,9008092,Gold,461728.39,Active
400916,9006765,Equipment,405912.02,Active
400917,9017313,Vehicle,354956.86,Released
400918,9012269,Property,135766.48,Released
400919,9029460,Deposit,267423.67,Active
400920,9007033,Vehicle,66348.72,Released
400921,9022836,Gold,387993.26,Active
400922,9029805,Property,206933.89,Released
400923,9021661,Property,192859.01,Released
400924,9004298,Equipment,441287.48,Active
400925,9024105,Property,55550.87,Active
400926,9000990,Deposit,260100.75,Released
400927,9028442,Equipment,458158.73,Active
400928,9016453,Vehicle,379712.82,Released
400929,9019325,Property,189202.24,Released
400930,9006717,Property,366953.16,Released
400931,9025779,Vehicle,288676.05,Active
400932,9000545,Gold,466010.74,Active
400933,9008739,Gold,339921.91,Released
400934,9022307,Vehicle,468293.33,Active
400935,9011219,Property,201140.28,Active
400936,9011308,Gold,101512.13,Active
400937,9011840,Other,126486.1,Active
400938,9018937,Gold,127757.96,Released
400939,9009903,Property,178383.39,Active
400940,9027583,Deposit,117840.61,Active
400941,9027370,Gold,364129.17,Active
400942,9001341,Vehicle,175606.21,Released
400943,9026952,Gold,459371.39,Active
400944,9013028,Property,353848.57,Active
400945,9010938,Vehicle,52494.33,Active
400946,9025710,Equipment,308117.47,Active
400947,9025769,Vehicle,173114.91,Active
400948,9007835,Property,329530.5,Released
400949,9028358,Vehicle,348779.09,Active
400950,9024114,Property,98430.28,Active
400951,9001221,Property,191914.46,Active
400952,9016101,Vehicle,57462.62,Active
400953,9027133,Equipment,248772.72,Active
400954,9005962,Property,221030.49,Active
400955,9006827,Vehicle,171720.05,Active
400956,9021850,Property,444759.07,Active
400957,9029978,Deposit,483643.86,Active
400958,9014097,Equipment,453796.33,Active
400959,9005400,Property,168100.39,Released
400960,9016049,Gold,154286.45,Active
400961,9015377,Property,310810.37,Active
400962,9027630,Property,133051.64,Active
400963,9015696,Vehicle,369791.95,Active
400964,9026686,Vehicle,130275.12,Active
400965,9000315,Gold,236374.91,Active
400966,9005426,Other,444547.57,Active
400967,9004283,Gold,80891.2,Released
400968,9006518,Vehicle,445232.88,Active
400969,9013453,Deposit,303131.39,Released
400970,9026062,Vehicle,153372.09,Active
400971,9000483,Gold,480371.0,Active
400972,9007720,Vehicle,430040.24,Released
400973,9018029,Vehicle,180548.17,Active
400974,9007366,Vehicle,56545.61,Active
400975,9017702,Equipment,166026.8,Active
400976,9015463,Equipment,412111.88,Active
400977,9019357,Property,301326.83,Active
400978,9021681,Vehicle,360444.84,Released
400979,9002539,Vehicle,253795.48,Active
400980,9013391,Gold,99912.19,Active
400981,9014138,Property,454138.88,Released
400982,9017328,Property,375748.21,Released
400983,9024502,Equipment,486189.17,Active
400984,9016581,Property,263729.05,Active
400985,9006089,Vehicle,119059.91,Active
400986,9025314,Other,24843.22,Released
400987,9006271,Property,21734.83,Released
400988,9008890,Vehicle,366765.65,Released
400989,9005983,Deposit,298334.89,Active
400990,9001841,Equipment,387243.04,Active
400991,9007914,Property,103263.59,Active
400992,9007459,Vehicle,73573.28,Active
400993,9005465,Property,126580.67,Active
400994,9017205,Equipment,386915.89,Active
400995,9003486,Property,141422.4,Active
400996,9016777,Vehicle,286253.32,Active
400997,9016608,Deposit,29870.44,Active
400998,9003026,Property,217844.65,Active
400999,9025535,Gold,373307.64,Released
401000,9012117,Deposit,301886.7,Active
401001,9017459,Vehicle,319373.44,Active
401002,9018675,Deposit,478352.64,Released
401003,9009616,Vehicle,135225.4,Active
401004,9018782,Vehicle,367840.69,Released
401005,9019964,Property,293569.63,Active
401006,9012997,Property,490792.06,Active
401007,9003925,Vehicle,343034.43,Active
401008,9010023,Property,261038.13,Released
401009,9018794,Gold,380877.32,Active
401010,9025163,Other,24382.08,Released
401011,9023485,Property,261462.9,Active
401012,9007574,Vehicle,13227.89,Active
401013,9011395,Vehicle,144899.63,Active
401014,9022801,Property,351756.04,Active
401015,9015060,Property,498739.32,Released
401016,9011125,Equipment,405808.61,Active
401017,9023141,Equipment,129858.47,Released
401018,9006599,Property,458383.63,Released
401019,9023792,Vehicle,167585.88,Active
401020,9020754,Vehicle,262487.71,Active
401021,9009054,Property,365640.64,Released
401022,9003983,Deposit,33595.35,Released
401023,9009985,Gold,430970.04,Active
401024,9021337,Property,278596.71,Active
401025,9020779,Vehicle,294822.32,Active
401026,9009712,Property,372522.77,Released
401027,9001213,Gold,437826.25,Released
401028,9016615,Property,154707.78,Active
401029,9014218,Property,434577.48,Active
401030,9006389,Property,311278.47,Active
401031,9024821,Property,363620.07,Active
401032,9018693,Property,420440.31,Released
401033,9020764,Equipment,458011.14,Released
401034,9012928,Equipment,480562.25,Active
401035,9003929,Vehicle,384276.01,Active
401036,9006001,Property,476943.09,Active
401037,9026199,Vehicle,228362.22,Active
401038,9013238,Equipment,238387.33,Released
401039,9021053,Vehicle,147974.12,Active
401040,9028239,Vehicle,342459.79,Released
401041,9002646,Vehicle,79790.81,Active
401042,9001658,Vehicle,356250.66,Released
401043,9004303,Property,14467.21,Active
401044,9003859,Property,78714.41,Active
401045,9029157,Other,408664.8,Released
401046,9015871,Other,267615.88,Released
401047,9023916,Gold,381304.43,Released
401048,9021065,Property,361307.68,Active
401049,9023296,Other,455658.97,Active
401050,9023022,Property,115102.85,Active
401051,9012589,Deposit,393260.2,Active
401052,9011522,Vehicle,26249.3,Active
401053,9005779,Equipment,129120.59,Released
401054,9017076,Gold,167922.54,Active
401055,9016868,Property,222724.63,Active
401056,9006631,Equipment,81859.73,Active
401057,9014578,Property,473688.19,Active
401058,9021699,Vehicle,391223.22,Active
401059,9006416,Equipment,485960.58,Active
401060,9025818,Deposit,414959.26,Active
401061,9002226,Deposit,7090.86,Released
401062,9015288,Deposit,303031.83,Active
401063,9002405,Deposit,140440.42,Released
401064,9017468,Gold,140441.9,Active
401065,9011666,Vehicle,403780.95,Active
401066,9020400,Deposit,395655.19,Active
401067,9008163,Property,392353.24,Active
401068,9021991,Property,105167.88,Released
401069,9005722,Gold,191912.35,Active
401070,9020759,Property,154959.9,Active
401071,9003847,Vehicle,107999.82,Active
401072,9021457,Property,119463.91,Active
401073,9007151,Gold,435148.57,Active
401074,9016858,Vehicle,97806.9,Active
401075,9003860,Gold,50811.14,Released
401076,9028900,Property,302066.46,Released
401077,9009462,Property,159497.95,Released
401078,9009707,Property,190317.54,Active
401079,9021464,Property,493879.12,Active
401080,9010911,Gold,138187.41,Released
401081,9010517,Property,17615.01,Active
401082,9000538,Gold,114187.06,Active
401083,9010479,Property,482698.98,Active
401084,9019202,Vehicle,49053.14,Active
401085,9010729,Vehicle,422034.58,Active
401086,9017528,Property,280594.69,Active
401087,9006358,Property,41769.98,Active
401088,9002233,Gold,220751.07,Active
401089,9000789,Vehicle,458719.74,Released
401090,9004045,Other,69583.91,Active
401091,9017719,Vehicle,395803.91,Active
401092,9003320,Other,417094.08,Active
401093,9014887,Vehicle,59614.54,Active
401094,9020220,Vehicle,107079.96,Active
401095,9019583,Property,180353.38,Active
401096,9024900,Vehicle,452825.01,Active
401097,9015044,Property,262831.5,Active
401098,9000528,Property,232172.21,Released
401099,9024567,Property,356548.98,Active
401100,9023071,Property,213503.44,Active
401101,9014325,Vehicle,365267.36,Active
401102,9027726,Property,99891.98,Released
401103,9012824,Gold,337476.43,Released
401104,9014630,Vehicle,338282.55,Active
401105,9006616,Equipment,96671.93,Active
401106,9019057,Equipment,46021.72,Active
401107,9004072,Property,23866.55,Active
401108,9026798,Deposit,304079.17,Active
401109,9024257,Property,29741.61,Active
401110,9011421,Property,359920.29,Active
401111,9006451,Gold,9629.46,Active
401112,9024058,Equipment,388018.88,Active
401113,9018705,Vehicle,220511.73,Active
401114,9020255,Property,130861.74,Released
401115,9010968,Vehicle,418417.67,Active
401116,9016636,Property,297459.09,Active
401117,9015170,Property,361320.39,Released
401118,9014574,Deposit,369951.27,Released
401119,9029294,Deposit,365642.76,Released
401120,9000606,Property,442303.64,Active
401121,9013601,Property,209370.64,Released
401122,9006808,Property,225553.83,Active
401123,9029855,Property,205823.77,Active
401124,9004518,Deposit,58288.58,Active
401125,9024276,Property,429996.18,Released
401126,9003088,Deposit,47770.48,Active
401127,9001138,Deposit,122812.36,Active
401128,9004697,Property,166084.35,Active
401129,9014376,Property,241945.3,Active
401130,9015723,Property,12921.62,Active
401131,9026333,Other,236045.86,Active
401132,9029726,Vehicle,184005.42,Active
401133,9022803,Property,17269.99,Released
401134,9000250,Deposit,116665.05,Active
401135,9017597,Property,364934.95,Active
401136,9000011,Property,478204.12,Active
401137,9028516,Property,432474.39,Active
401138,9011593,Property,358011.79,Active
401139,9005597,Equipment,413108.98,Released
401140,9004067,Other,372322.36,Active
401141,9003031,Property,390004.48,Active
401142,9008511,Deposit,429741.97,Active
401143,9025273,Other,269223.65,Active
401144,9028076,Vehicle,276773.92,Active
401145,9028617,Property,426253.21,Active
401146,9025816,Property,23055.81,Released
401147,9000564,Property,415760.33,Released
401148,9015980,Property,361971.6,Released
401149,9021054,Deposit,442530.88,Active
401150,9005864,Deposit,293234.21,Active
401151,9020596,Property,185516.75,Active
401152,9010902,Property,76455.48,Released
401153,9022272,Deposit,422200.07,Active
401154,9028125,Vehicle,435150.29,Active
401155,9019138,Property,98995.14,Active
401156,9028980,Property,128623.52,Released
401157,9010783,Property,473058.08,Active
401158,9018809,Vehicle,384903.34,Active
401159,9018993,Vehicle,371075.48,Released
401160,9000091,Property,53537.27,Active
401161,9000782,Vehicle,311499.36,Active
401162,9022196,Vehicle,355032.03,Released
401163,9001681,Vehicle,282007.96,Active
401164,9026854,Property,104963.52,Active
401165,9025156,Property,470555.77,Released
401166,9020989,Property,341115.73,Released
401167,9009816,Deposit,226670.05,Released
401168,9026443,Vehicle,73728.1,Active
401169,9023274,Deposit,89870.36,Released
401170,9003958,Property,291632.8,Active
401171,9013508,Vehicle,63395.07,Active
401172,9010709,Vehicle,75731.92,Active
401173,9020234,Equipment,14407.54,Active
401174,9018439,Property,283490.73,Active
401175,9003355,Property,128054.12,Active
401176,9008118,Property,183054.76,Active
401177,9001467,Vehicle,157350.94,Released
401178,9027689,Property,422163.44,Active
401179,9005016,Equipment,336404.15,Active
401180,9014799,Property,228233.68,Active
401181,9012316,Property,319435.55,Active
401182,9023767,Vehicle,282999.66,Released
401183,9022317,Property,90505.59,Active
401184,9009309,Gold,13819.91,Active
401185,9001083,Gold,25574.26,Active
401186,9006308,Vehicle,441040.02,Active
401187,9020151,Property,297087.45,Released
401188,9020748,Property,44947.53,Active
401189,9007043,Property,215305.28,Active
401190,9018296,Equipment,169436.61,Released
401191,9013092,Gold,83666.67,Released
401192,9011254,Vehicle,439957.91,Active
401193,9004232,Gold,132110.27,Active
401194,9007005,Equipment,235165.53,Released
401195,9000477,Property,99596.41,Active
401196,9026120,Property,408613.73,Released
401197,9027343,Property,248401.22,Active
401198,9005374,Property,58501.78,Active
401199,9019910,Other,465165.22,Active
401200,9010712,Vehicle,326084.34,Released
401201,9025319,Property,126413.88,Active
401202,9012227,Property,167209.01,Released
401203,9011288,Equipment,169947.75,Released
401204,9025999,Deposit,202745.34,Released
401205,9007082,Property,315257.98,Released
401206,9021697,Property,122410.12,Active
401207,9029871,Gold,489940.51,Active
401208,9009242,Equipment,357047.24,Active
401209,9029580,Property,378868.73,Active
401210,9019569,Equipment,19918.62,Active
401211,9006586,Vehicle,204883.92,Released
401212,9018471,Property,193133.0,Active
401213,9015295,Property,255167.21,Active
401214,9006261,Property,88427.93,Released
401215,9009496,Property,391594.48,Active
401216,9027801,Vehicle,465744.34,Released
401217,9023073,Other,90409.21,Active
401218,9025774,Property,420238.66,Released
401219,9018964,Equipment,73128.57,Released
401220,9013652,Equipment,297165.78,Released
401221,9022058,Equipment,153095.54,Active
401222,9026955,Equipment,448480.61,Released
401223,9017666,Gold,34249.47,Released
401224,9017025,Property,340367.69,Active
401225,9008955,Deposit,391875.41,Active
401226,9012503,Gold,358080.71,Active
401227,9018812,Property,100181.46,Active
401228,9028619,Property,140715.0,Active
401229,9004421,Property,302785.2,Released
401230,9023158,Vehicle,343331.25,Released
401231,9020807,Property,410134.47,Active
401232,9002360,Equipment,11573.82,Active
401233,9001386,Vehicle,310938.57,Active
401234,9002955,Property,81669.27,Active
401235,9029597,Deposit,333006.19,Released
401236,9018215,Equipment,169742.98,Active
401237,9006743,Property,166934.48,Active
401238,9016695,Deposit,202406.1,Active
401239,9004617,Vehicle,122883.3,Released
401240,9025123,Property,146429.31,Active
401241,9008354,Property,349560.64,Active
401242,9020621,Property,385178.07,Released
401243,9019253,Other,133763.75,Active
401244,9022404,Property,378544.57,Active
401245,9011707,Property,93099.75,Released
401246,9028872,Deposit,305718.49,Active
401247,9007862,Vehicle,123783.93,Active
401248,9022315,Vehicle,340099.09,Active
401249,9006585,Vehicle,86686.09,Released
401250,9021849,Property,435799.85,Released
401251,9017245,Property,287624.75,Active
401252,9016065,Vehicle,196280.76,Released
401253,9027001,Property,479728.41,Active
401254,9003146,Other,72788.84,Active
401255,9009154,Property,376746.24,Active
401256,9028313,Deposit,335861.28,Active
401257,9000140,Property,405023.4,Released
401258,9025536,Other,89308.45,Released
401259,9020742,Other,213194.78,Active
401260,9000938,Deposit,107712.12,Active
401261,9014615,Property,343660.02,Active
401262,9029953,Property,400813.08,Active
401263,9026615,Vehicle,203488.55,Active
401264,9006540,Deposit,344087.41,Active
401265,9016959,Vehicle,476362.14,Active
401266,9011083,Equipment,392929.05,Active
401267,9000423,Property,379990.51,Released
401268,9021446,Deposit,299195.03,Released
401269,9002027,Other,43031.02,Active
401270,9022652,Equipment,352855.02,Released
401271,9004880,Equipment,239226.52,Active
401272,9000736,Property,206018.54,Released
401273,9002561,Property,462980.79,Active
401274,9015788,Vehicle,32283.07,Active
401275,9004522,Gold,239933.55,Active
401276,9001286,Vehicle,149057.66,Released
401277,9011413,Property,396683.92,Active
401278,9009520,Property,339140.32,Active
401279,9024894,Vehicle,345741.0,Active
401280,9008062,Property,32397.3,Active
401281,9029328,Property,332017.06,Released
401282,9022338,Property,341546.49,Active
401283,9016913,Vehicle,451230.35,Active
401284,9011001,Vehicle,407288.72,Active
401285,9000828,Property,190959.36,Active
401286,9007896,Equipment,147209.98,Released
401287,9007534,Property,176878.77,Active
401288,9007471,Vehicle,308417.97,Active
401289,9028148,Property,291467.95,Active
401290,9017198,Vehicle,153688.73,Active
401291,9016118,Other,403588.88,Active
401292,9013512,Property,330002.73,Active
401293,9004891,Gold,473822.62,Active
401294,9009317,Property,21501.9,Active
401295,9007348,Property,15056.64,Released
401296,9017795,Property,164128.87,Active
401297,9017332,Vehicle,260482.34,Released
401298,9008855,Property,364582.48,Released
401299,9018887,Vehicle,209759.28,Active
401300,9027619,Vehicle,95498.23,Active
401301,9000328,Property,228860.59,Active
401302,9024325,Property,236472.83,Released
401303,9028965,Vehicle,93703.94,Active
401304,9023974,Vehicle,312530.69,Active
401305,9016446,Property,453187.36,Released
401306,9010860,Property,472807.2,Released
401307,9008105,Property,193755.41,Released
401308,9012251,Deposit,68524.8,Released
401309,9011064,Vehicle,311890.22,Released
401310,9013379,Property,190621.42,Released
401311,9011432,Gold,426956.08,Active
401312,9028106,Vehicle,485945.1,Active
401313,9012329,Equipment,246277.36,Released
401314,9023116,Property,113724.88,Released
401315,9004188,Property,474915.75,Active
401316,9000964,Property,341653.56,Active
401317,9010068,Equipment,326503.47,Active
401318,9015561,Deposit,60516.23,Active
401319,9010268,Vehicle,110193.14,Active
401320,9007960,Vehicle,184622.75,Active
401321,9000204,Gold,77425.34,Released
401322,9021376,Vehicle,349190.23,Active
401323,9007483,Gold,469926.87,Active
401324,9028496,Gold,452517.7,Active
401325,9010534,Property,284662.54,Active
401326,9020180,Vehicle,367122.84,Active
401327,9010877,Property,189869.46,Released
401328,9012984,Property,385787.0,Active
401329,9013432,Vehicle,477771.82,Active
401330,9003554,Deposit,319559.59,Active
401331,9008091,Property,410427.53,Released
401332,9002722,Equipment,88674.88,Active
401333,9024756,Other,27402.02,Released
401334,9018321,Property,451124.44,Released
401335,9013850,Property,441448.46,Active
401336,9005969,Vehicle,31422.6,Released
401337,9013663,Property,223907.59,Active
401338,9017089,Property,472873.45,Active
401339,9028450,Vehicle,490192.61,Active
401340,9027612,Deposit,298935.48,Active
401341,9025379,Vehicle,432071.5,Released
401342,9027178,Property,129073.18,Active
401343,9027874,Vehicle,354602.88,Active
401344,9002740,Gold,301606.49,Active
401345,9002932,Property,288091.8,Released
401346,9009289,Property,71240.13,Released
401347,9006366,Vehicle,475294.66,Active
401348,9028400,Equipment,122700.36,Active
401349,9003232,Vehicle,426691.45,Released
401350,9029143,Vehicle,86584.96,Active
401351,9025132,Vehicle,276080.61,Released
401352,9027156,Property,42085.58,Active
401353,9012846,Vehicle,359913.59,Released
401354,9001529,Gold,218212.74,Released
401355,9014877,Equipment,297199.52,Active
401356,9011888,Equipment,150291.51,Released
401357,9016348,Other,249863.0,Active
401358,9020088,Vehicle,30544.22,Active
401359,9026647,Property,62489.62,Released
401360,9011673,Equipment,356752.27,Active
401361,9010052,Vehicle,52936.97,Released
401362,9010213,Vehicle,59551.98,Released
401363,9001636,Property,6117.2,Active
401364,9014423,Gold,299075.76,Released
401365,9012918,Property,99377.99,Active
401366,9010680,Vehicle,432661.84,Active
401367,9014724,Gold,222942.79,Active
401368,9014039,Gold,189443.57,Active
401369,9006154,Equipment,397368.33,Released
401370,9029917,Vehicle,73527.15,Active
401371,9015480,Gold,299868.13,Active
401372,9002004,Property,219938.02,Active
401373,9007546,Property,60346.14,Active
401374,9024131,Property,344845.09,Active
401375,9001298,Property,352549.24,Active
401376,9023051,Deposit,460044.37,Active
401377,9006710,Vehicle,181437.81,Active
401378,9009934,Property,210252.74,Released
401379,9023185,Property,341865.41,Released
401380,9026429,Equipment,474863.41,Active
401381,9000310,Property,464689.41,Released
401382,9015600,Property,22986.06,Released
401383,9009290,Vehicle,225902.43,Released
401384,9013134,Gold,141585.18,Active
401385,9024062,Property,283753.68,Released
401386,9001966,Property,266848.79,Active
401387,9026861,Deposit,86231.24,Active
401388,9025672,Vehicle,483567.76,Released
401389,9026500,Vehicle,290039.54,Released
401390,9009749,Equipment,314310.54,Active
401391,9018183,Property,328098.1,Active
401392,9010649,Equipment,231989.97,Released
401393,9026370,Deposit,482459.32,Released
401394,9025514,Equipment,228299.82,Active
401395,9007878,Deposit,27667.59,Active
401396,9003974,Property,275351.63,Released
401397,9007072,Property,306542.77,Active
401398,9014079,Vehicle,340860.02,Active
401399,9018967,Vehicle,23721.39,Active
401400,9013269,Property,48339.95,Active
401401,9011435,Property,447212.75,Active
401402,9018065,Property,233953.88,Released
401403,9011292,Other,228822.24,Active
401404,9021306,Property,402753.71,Released
401405,9008416,Gold,494085.05,Released
401406,9020729,Vehicle,468903.84,Active
401407,9020085,Property,438507.32,Released
401408,9017957,Vehicle,253240.77,Active
401409,9011805,Property,378771.06,Active
401410,9008534,Vehicle,99495.45,Active
401411,9022368,Gold,409198.76,Released
401412,9000805,Vehicle,209122.23,Active
401413,9006687,Property,292726.86,Active
401414,9012268,Vehicle,7705.98,Released
401415,9018785,Vehicle,134816.72,Active
401416,9004389,Equipment,449431.51,Active
401417,9014284,Equipment,429499.65,Active
401418,9020579,Deposit,347754.64,Released
401419,9003667,Deposit,442616.2,Released
401420,9027620,Property,200025.28,Released
401421,9019708,Vehicle,248319.65,Active
401422,9007655,Vehicle,42502.18,Active
401423,9004078,Vehicle,310263.7,Active
401424,9008865,Deposit,115963.51,Active
401425,9012679,Property,255220.92,Active
401426,9025807,Other,210713.91,Released
401427,9003741,Deposit,159512.04,Released
401428,9013958,Property,225812.07,Active
401429,9021278,Deposit,45417.52,Released
401430,9001909,Property,113642.83,Released
401431,9006143,Property,101160.41,Active
401432,9012696,Deposit,339747.26,Active
401433,9026870,Property,352871.2,Active
401434,9017520,Property,292649.95,Active
401435,9015058,Property,169516.09,Released
401436,9026701,Property,331757.4,Active
401437,9004539,Other,45887.51,Released
401438,9006703,Gold,372213.4,Active
401439,9003198,Vehicle,358577.4,Active
401440,9015521,Equipment,194496.43,Active
401441,9019028,Other,106498.73,Released
401442,9010051,Vehicle,328343.3,Released
401443,9012057,Equipment,317550.85,Released
401444,9014711,Deposit,13617.09,Active
401445,9021663,Property,137115.49,Active
401446,9021547,Deposit,65399.48,Active
401447,9002710,Property,137383.37,Active
401448,9003133,Property,270433.48,Active
401449,9018146,Equipment,211725.55,Active
401450,9014655,Vehicle,495885.72,Released
401451,9012038,Gold,243694.57,Released
401452,9029562,Equipment,339452.24,Active
401453,9004837,Property,247982.14,Released
401454,9013893,Vehicle,42790.4,Released
401455,9028462,Gold,308039.88,Active
401456,9000533,Property,99552.24,Active
401457,9013328,Property,416539.71,Active
401458,9015016,Vehicle,29940.33,Active
401459,9021675,Other,50358.87,Active
401460,9010671,Gold,191150.27,Released
401461,9026646,Deposit,308946.75,Active
401462,9006763,Vehicle,476767.25,Active
401463,9006986,Gold,430846.77,Released
401464,9014809,Property,228251.97,Active
401465,9018840,Property,101427.63,Active
401466,9025076,Gold,211416.94,Released
401467,9003140,Equipment,69605.71,Active
401468,9008130,Vehicle,358400.02,Active
401469,9006274,Property,252921.94,Active
401470,9004196,Gold,362165.95,Released
401471,9023660,Property,295255.53,Active
401472,9003377,Vehicle,214824.18,Active
401473,9001305,Property,147762.05,Released
401474,9017836,Other,348058.23,Released
401475,9019657,Vehicle,136615.72,Released
401476,9000556,Property,55294.66,Active
401477,9014167,Gold,149158.75,Released
401478,9004912,Equipment,100986.96,Active
401479,9009674,Gold,60151.07,Released
401480,9026900,Vehicle,379056.28,Active
401481,9020865,Vehicle,256992.93,Active
401482,9009768,Property,206593.84,Released
401483,9017492,Vehicle,492055.66,Active
401484,9018796,Vehicle,85920.39,Active
401485,9005995,Property,97019.15,Active
401486,9004423,Vehicle,193990.25,Active
401487,9014681,Deposit,68641.21,Active
401488,9009106,Equipment,451458.46,Active
401489,9008563,Equipment,270488.33,Active
401490,9010369,Gold,417272.05,Active
401491,9026014,Property,160784.64,Active
401492,9020996,Property,300107.58,Active
401493,9016804,Vehicle,323175.05,Released
401494,9001545,Property,336555.28,Released
401495,9026954,Property,36457.29,Released
401496,9015572,Vehicle,395908.14,Released
401497,9014454,Property,258929.29,Released
401498,9000573,Vehicle,99315.79,Active
401499,9000889,Deposit,11848.67,Released
401500,9005385,Vehicle,468640.63,Active
401501,9027461,Property,388579.03,Released
401502,9016691,Property,449567.89,Active
401503,9021193,Property,214021.57,Active
401504,9029235,Equipment,13093.35,Released
401505,9005841,Gold,171645.49,Active
401506,9013200,Other,234653.95,Active
401507,9018482,Equipment,28608.26,Released
401508,9003720,Gold,434950.95,Released
401509,9021827,Other,427768.3,Active
401510,9000358,Vehicle,145423.87,Active
401511,9022399,Vehicle,323827.15,Active
401512,9027527,Other,240083.17,Active
401513,9011504,Property,59429.34,Released
401514,9002380,Deposit,276277.42,Active
401515,9013573,Property,11781.45,Active
401516,9000355,Deposit,361913.04,Active
401517,9028312,Property,218681.54,Released
401518,9018959,Equipment,314318.6,Released
401519,9008993,Property,273424.2,Active
401520,9021603,Gold,435899.01,Active
401521,9028326,Vehicle,155174.43,Active
401522,9001549,Property,231314.4,Active
401523,9019006,Other,200211.12,Active
401524,9020850,Gold,130110.08,Active
401525,9025685,Deposit,496491.04,Active
401526,9009338,Vehicle,161180.91,Active
401527,9009781,Property,66485.1,Active
401528,9023128,Gold,389008.93,Active
401529,9007095,Property,341276.51,Active
401530,9026537,Equipment,124126.3,Released
401531,9001099,Gold,74586.01,Active
401532,9006443,Vehicle,323611.87,Released
401533,9006092,Vehicle,222449.04,Active
401534,9019891,Other,26548.5,Active
401535,9022287,Property,39958.75,Active
401536,9014934,Property,272137.7,Released
401537,9026093,Vehicle,29719.53,Active
401538,9015601,Property,18763.69,Active
401539,9003206,Vehicle,56625.52,Active
401540,9005576,Vehicle,338749.89,Released
401541,9008126,Vehicle,57339.99,Active
401542,9021010,Vehicle,320719.97,Active
401543,9006017,Gold,480203.49,Active
401544,9015436,Other,469320.51,Active
401545,9002499,Property,127578.22,Released
401546,9021148,Property,19715.46,Active
401547,9019857,Property,355822.9,Active
401548,9015922,Property,149813.65,Active
401549,9025260,Equipment,212742.71,Active
401550,9029710,Other,386023.29,Active
401551,9009901,Property,11253.78,Released
401552,9011340,Equipment,204002.58,Active
401553,9028418,Gold,50748.71,Active
401554,9025486,Vehicle,224042.71,Active
401555,9013804,Property,458518.91,Active
401556,9025654,Deposit,126655.25,Active
401557,9011075,Property,217542.66,Active
401558,9015178,Other,233825.5,Released
401559,9007026,Vehicle,444206.53,Released
401560,9000399,Gold,32326.34,Active
401561,9023982,Property,46688.0,Active
401562,9003955,Property,32128.59,Active
401563,9006247,Property,463238.55,Active
401564,9010895,Gold,401793.16,Active
401565,9015366,Property,176456.25,Released
401566,9026804,Equipment,378774.58,Active
401567,9011791,Vehicle,356945.0,Active
401568,9022731,Vehicle,315455.52,Active
401569,9016859,Property,46674.01,Active
401570,9027512,Property,270321.17,Active
401571,9010622,Deposit,334635.43,Active
401572,9026019,Property,277920.29,Active
401573,9015583,Property,113381.39,Active
401574,9021411,Vehicle,412852.21,Active
401575,9006935,Vehicle,335088.37,Active
401576,9014213,Property,463358.03,Released
401577,9024992,Vehicle,43866.32,Active
401578,9014040,Vehicle,296733.85,Active
401579,9026542,Other,313216.37,Active
401580,9001773,Property,246731.72,Active
401581,9026908,Other,361950.9,Active
401582,9001567,Property,445520.74,Active
401583,9027033,Gold,140016.66,Active
401584,9024518,Equipment,235241.27,Released
401585,9021971,Vehicle,358944.92,Active
401586,9003764,Vehicle,21522.43,Active
401587,9012376,Vehicle,468051.82,Active
401588,9018681,Vehicle,426660.1,Released
401589,9023550,Property,141291.78,Active
401590,9004407,Vehicle,183039.99,Released
401591,9004080,Equipment,194170.05,Active
401592,9009851,Vehicle,367788.03,Active
401593,9027436,Property,241683.87,Released
401594,9003179,Vehicle,216458.22,Released
401595,9010064,Gold,294023.88,Released
401596,9000326,Equipment,362275.27,Active
401597,9006549,Vehicle,52974.49,Released
401598,9013018,Property,104400.07,Active
401599,9005014,Property,27108.76,Active
401600,9004711,Vehicle,344485.31,Active
401601,9015319,Property,262005.61,Active
401602,9015912,Property,92357.47,Active
401603,9003589,Vehicle,131068.99,Active
401604,9015180,Property,91064.92,Active
401605,9015245,Property,483807.66,Active
401606,9029705,Property,454586.42,Released
401607,9017443,Property,293625.93,Released
401608,9006400,Vehicle,224873.72,Released
401609,9008922,Equipment,235338.31,Active
401610,9014366,Gold,83070.7,Released
401611,9013610,Property,262360.03,Active
401612,9027872,Property,173803.61,Released
401613,9008001,Vehicle,369952.27,Active
401614,9019750,Vehicle,143274.95,Active
401615,9010942,Vehicle,442463.01,Active
401616,9000516,Property,401643.07,Active
401617,9002339,Property,79998.84,Released
401618,9025013,Equipment,415530.12,Active
401619,9026637,Gold,209716.58,Active
401620,9019939,Equipment,239859.61,Released
401621,9014199,Vehicle,419773.82,Active
401622,9011623,Property,224838.86,Released
401623,9021778,Equipment,362156.33,Released
401624,9019675,Deposit,387055.85,Released
401625,9011019,Deposit,236465.08,Released
401626,9028130,Deposit,396623.32,Active
401627,9004285,Vehicle,26390.21,Active
401628,9025869,Deposit,47288.49,Active
401629,9021368,Vehicle,88923.75,Active
401630,9004661,Vehicle,85586.95,Active
401631,9013518,Vehicle,155063.65,Active
401632,9014697,Deposit,112608.88,Released
401633,9016171,Gold,322057.67,Released
401634,9027452,Gold,300456.38,Active
401635,9027824,Property,402295.35,Active
401636,9012388,Gold,464211.57,Active
401637,9005814,Property,342314.98,Active
401638,9026373,Property,104727.05,Active
401639,9022743,Gold,197156.45,Active
401640,9016290,Equipment,386897.33,Active
401641,9019368,Property,402870.58,Active
401642,9025431,Property,248357.38,Released
401643,9003001,Property,18923.12,Active
401644,9008119,Other,203015.28,Active
401645,9013112,Vehicle,98109.78,Active
401646,9013857,Property,388570.85,Active
401647,9001775,Property,217275.0,Active
401648,9020944,Property,277360.55,Active
401649,9026219,Property,106908.93,Released
401650,9020647,Gold,411809.09,Released
401651,9001653,Deposit,220207.68,Active
401652,9013369,Property,196680.88,Active
401653,9005417,Property,487987.73,Active
401654,9024259,Vehicle,156952.43,Released
401655,9019114,Equipment,286006.82,Active
401656,9028219,Vehicle,489416.4,Active
401657,9024213,Equipment,468087.12,Active
401658,9000253,Property,67546.7,Released
401659,9012001,Vehicle,75718.5,Released
401660,9001442,Other,240030.44,Active
401661,9011890,Gold,289155.96,Released
401662,9017119,Property,248731.29,Released
401663,9020150,Property,280380.66,Active
401664,9007525,Vehicle,36804.84,Active
401665,9003643,Equipment,118594.85,Active
401666,9022113,Deposit,309831.04,Active
401667,9024013,Other,323932.53,Active
401668,9025388,Property,428078.28,Active
401669,9025125,Property,246224.73,Active
401670,9029746,Vehicle,40061.75,Active
401671,9019820,Equipment,333704.24,Released
401672,9023552,Property,217112.18,Active
401673,9014859,Property,157523.36,Active
401674,9012512,Property,10225.06,Active
401675,9019957,Deposit,361355.6,Released
401676,9024245,Vehicle,450828.13,Released
401677,9012058,Equipment,118268.06,Active
401678,9002446,Gold,498662.59,Released
401679,9013436,Property,82675.8,Active
401680,9016455,Gold,117862.68,Active
401681,9014474,Property,368273.09,Active
401682,9014493,Vehicle,184193.12,Active
401683,9008906,Property,160249.46,Active
401684,9006919,Property,185879.37,Active
401685,9021771,Vehicle,57075.98,Active
401686,9002953,Vehicle,103846.78,Active
401687,9028067,Property,55908.91,Active
401688,9004971,Other,215519.02,Active
401689,9027577,Gold,369265.4,Active
401690,9013343,Property,400085.38,Active
401691,9029928,Property,455179.62,Active
401692,9001806,Deposit,97521.26,Active
401693,9006471,Property,75038.66,Active
401694,9027603,Vehicle,234742.5,Released
401695,9005101,Vehicle,172420.04,Active
401696,9021481,Property,264253.74,Active
401697,9024445,Other,355158.12,Active
401698,9000228,Vehicle,446247.5,Active
401699,9008911,Gold,324008.33,Active
401700,9016956,Gold,233469.4,Active
401701,9007543,Vehicle,335595.45,Active
401702,9007507,Property,31734.24,Active
401703,9020362,Property,155371.54,Active
401704,9012036,Property,402398.34,Active
401705,9025361,Property,26563.46,Active
401706,9004559,Other,327197.88,Active
401707,9023837,Vehicle,275052.01,Active
401708,9027006,Vehicle,419472.13,Released
401709,9022176,Other,47027.59,Active
401710,9007712,Property,462109.33,Released
401711,9029463,Deposit,343219.3,Active
401712,9026953,Gold,396616.17,Active
401713,9004583,Equipment,283987.19,Active
401714,9013482,Vehicle,409903.17,Active
401715,9027850,Property,179636.05,Active
401716,9002197,Vehicle,372684.08,Active
401717,9010746,Deposit,342404.82,Active
401718,9013338,Deposit,326621.92,Active
401719,9010813,Property,124234.45,Active
401720,9020058,Other,5487.6,Released
401721,9017133,Vehicle,217946.58,Active
401722,9028486,Vehicle,70730.77,Active
401723,9018465,Vehicle,82523.23,Active
401724,9011624,Property,160230.45,Active
401725,9013682,Property,188227.45,Released
401726,9029837,Vehicle,188979.2,Active
401727,9027793,Deposit,220993.11,Active
401728,9022751,Vehicle,412193.27,Active
401729,9016624,Property,484351.83,Active
401730,9005471,Vehicle,337244.62,Active
401731,9027871,Gold,41568.26,Active
401732,9010368,Deposit,465111.6,Active
401733,9008350,Property,487931.26,Released
401734,9007013,Deposit,241554.18,Released
401735,9005322,Other,177476.05,Active
401736,9004428,Vehicle,367433.36,Released
401737,9000256,Vehicle,351198.76,Active
401738,9015865,Property,227650.0,Active
401739,9010921,Equipment,64422.71,Active
401740,9000123,Deposit,163186.23,Released
401741,9024110,Property,474680.79,Active
401742,9019249,Property,414340.65,Released
401743,9015368,Other,333050.94,Released
401744,9003494,Vehicle,497068.4,Active
401745,9004205,Property,163477.24,Active
401746,9022086,Property,137884.56,Active
401747,9005143,Property,280177.33,Released
401748,9018777,Property,358106.65,Released
401749,9023521,Vehicle,151628.13,Active
401750,9005852,Gold,355028.93,Active
401751,9010461,Vehicle,461666.29,Active
401752,9006205,Deposit,89039.06,Active
401753,9025510,Equipment,209931.21,Active
401754,9020315,Gold,248120.14,Active
401755,9026946,Gold,302564.65,Active
401756,9020216,Property,272643.67,Active
401757,9017912,Property,457560.89,Active
401758,9023138,Property,143605.46,Active
401759,9010516,Property,187825.02,Released
401760,9024412,Deposit,196307.77,Released
401761,9017564,Equipment,469591.9,Active
401762,9002683,Vehicle,463618.56,Released
401763,9028242,Property,149913.45,Active
401764,9025370,Deposit,248684.19,Active
401765,9004900,Vehicle,448207.98,Active
401766,9005124,Other,386215.79,Released
401767,9024547,Other,463713.9,Active
401768,9017733,Equipment,314306.82,Released
401769,9028532,Deposit,186901.81,Active
401770,9020799,Gold,361634.87,Released
401771,9007605,Property,344395.63,Active
401772,9013808,Vehicle,435179.21,Active
401773,9027920,Property,171455.92,Active
401774,9018285,Vehicle,24230.58,Released
401775,9014073,Gold,6752.01,Active
401776,9002940,Property,231958.68,Active
401777,9006100,Other,32237.0,Released
401778,9024231,Vehicle,286152.69,Active
401779,9023562,Vehicle,197835.52,Released
401780,9001268,Property,473554.18,Released
401781,9017103,Property,202345.46,Released
401782,9020280,Gold,271811.12,Active
401783,9026103,Property,335161.3,Active
401784,9025649,Property,208100.02,Active
401785,9021285,Equipment,424276.91,Released
401786,9026286,Vehicle,448152.42,Active
401787,9019587,Deposit,392181.34,Released
401788,9007463,Property,310293.12,Released
401789,9015154,Equipment,376345.09,Active
401790,9007177,Other,483316.84,Active
401791,9013597,Vehicle,403887.48,Active
401792,9020704,Gold,81667.91,Released
401793,9006202,Equipment,93843.46,Active
401794,9018198,Deposit,193294.33,Active
401795,9028317,Vehicle,207546.3,Active
401796,9007122,Equipment,255016.45,Active
401797,9013377,Deposit,30828.55,Active
401798,9015524,Deposit,135886.9,Active
401799,9029620,Property,463769.49,Released
401800,9010681,Other,490590.94,Active
401801,9028104,Property,404170.52,Active
401802,9022021,Property,482034.26,Active
401803,9027638,Property,438151.6,Released
401804,9023764,Equipment,261459.0,Active
401805,9006102,Property,336118.02,Active
401806,9008875,Deposit,276354.06,Active
401807,9026188,Equipment,91373.2,Active
401808,9007452,Property,255929.06,Active
401809,9013259,Vehicle,72463.74,Released
401810,9004059,Property,224883.83,Released
401811,9006543,Property,20203.57,Active
401812,9002423,Deposit,462841.28,Active
401813,9011915,Vehicle,442366.29,Released
401814,9008489,Property,150568.05,Released
401815,9009108,Property,363295.78,Released
401816,9016190,Property,177372.01,Active
401817,9017717,Vehicle,401189.19,Released
401818,9007965,Property,370135.7,Active
401819,9010874,Vehicle,344970.83,Active
401820,9024736,Property,489082.73,Released
401821,9017841,Property,380923.64,Active
401822,9008446,Gold,436562.07,Active
401823,9003439,Other,267578.25,Active
401824,9013406,Property,339011.02,Released
401825,9001300,Deposit,455678.22,Active
401826,9007559,Vehicle,175647.3,Active
401827,9012633,Deposit,318386.32,Released
401828,9011298,Property,134269.51,Active
401829,9010264,Property,46871.57,Active
401830,9006120,Property,342348.91,Released
401831,9026462,Property,171376.03,Released
401832,9028237,Gold,90256.79,Active
401833,9011361,Gold,71401.65,Active
401834,9022038,Vehicle,260219.41,Released
401835,9007089,Deposit,215965.61,Released
401836,9021655,Property,333503.19,Released
401837,9015619,Property,33934.65,Released
401838,9006700,Property,179343.51,Active
401839,9005696,Property,414180.9,Released
401840,9006603,Property,11714.36,Active
401841,9024711,Vehicle,341927.15,Active
401842,9027408,Equipment,368883.01,Active
401843,9013102,Property,311769.67,Released
401844,9024882,Deposit,207997.9,Active
401845,9024398,Gold,438231.22,Active
401846,9010827,Property,472957.1,Released
401847,9017851,Equipment,343184.94,Active
401848,9016940,Vehicle,344969.03,Active
401849,9009645,Deposit,54437.81,Active
401850,9029869,Property,14866.36,Active
401851,9024112,Vehicle,333967.7,Active
401852,9006965,Vehicle,311339.29,Released
401853,9012797,Property,6807.89,Active
401854,9012247,Property,487018.48,Active
401855,9018557,Vehicle,11698.1,Active
401856,9012867,Property,404795.86,Active
401857,9022334,Deposit,367703.66,Active
401858,9000065,Equipment,75810.11,Active
401859,9022671,Property,292162.19,Released
401860,9003316,Vehicle,374106.24,Active
401861,9007872,Deposit,441267.3,Active
401862,9007387,Property,418289.49,Released
401863,9000773,Property,261476.72,Active
401864,9003415,Other,395875.98,Active
401865,9018187,Property,448401.38,Active
401866,9003864,Property,37178.72,Active
401867,9019624,Vehicle,20683.98,Released
401868,9010196,Property,36023.27,Active
401869,9019602,Vehicle,98340.5,Released
401870,9006541,Equipment,223812.44,Released
401871,9001114,Property,122949.25,Active
401872,9003384,Gold,332529.07,Active
401873,9023203,Equipment,383634.39,Active
401874,9003707,Property,81559.02,Active
401875,9024233,Property,141797.9,Active
401876,9003491,Property,354536.67,Active
401877,9023201,Property,69920.43,Active
401878,9029693,Vehicle,237030.26,Active
401879,9018237,Vehicle,295737.95,Active
401880,9008320,Equipment,5203.22,Released
401881,9004310,Gold,170272.67,Released
401882,9000802,Deposit,395762.99,Active
401883,9022560,Vehicle,496291.25,Active
401884,9024856,Equipment,181742.37,Active
401885,9027564,Gold,50427.89,Active
401886,9018933,Vehicle,199177.49,Active
401887,9014625,Vehicle,208168.58,Active
401888,9015997,Property,398682.89,Active
401889,9012442,Deposit,411051.94,Active
401890,9011908,Property,186607.94,Active
401891,9006960,Gold,32618.56,Active
401892,9025169,Property,234675.78,Active
401893,9019185,Property,439607.68,Active
401894,9016742,Vehicle,260246.25,Released
401895,9018901,Deposit,474938.82,Active
401896,9004709,Property,485408.61,Released
401897,9007281,Property,422836.8,Active
401898,9026570,Property,218282.38,Released
401899,9018491,Property,68670.61,Released
401900,9023292,Deposit,319341.25,Active
401901,9018123,Vehicle,295387.08,Active
401902,9001362,Vehicle,402832.35,Released
401903,9012612,Property,407792.05,Active
401904,9028710,Property,396806.78,Active
401905,9017581,Property,186505.2,Active
401906,9004366,Vehicle,480485.16,Released
401907,9000522,Vehicle,363165.74,Active
401908,9000922,Gold,247441.6,Active
401909,9025101,Vehicle,454916.14,Released
401910,9017982,Vehicle,258875.49,Released
401911,9004515,Property,332769.57,Released
401912,9012394,Deposit,259728.49,Active
401913,9001627,Deposit,23637.53,Active
401914,9015156,Gold,104678.84,Active
401915,9009190,Equipment,189723.09,Active
401916,9002652,Property,79737.1,Active
401917,9010803,Equipment,433036.46,Released
401918,9016368,Vehicle,282171.72,Active
401919,9013222,Deposit,422197.75,Active
401920,9025137,Vehicle,50114.2,Active
401921,9006209,Deposit,142617.21,Active
401922,9029716,Vehicle,243267.91,Released
401923,9026510,Property,85188.97,Released
401924,9011784,Property,466377.97,Active
401925,9007651,Property,485382.16,Active
401926,9004590,Property,400376.41,Active
401927,9004179,Property,175335.66,Active
401928,9003524,Property,270146.82,Active
401929,9028178,Deposit,185633.84,Released
401930,9014785,Vehicle,370581.34,Active
401931,9011025,Property,218377.86,Active
401932,9020527,Property,11993.29,Released
401933,9011692,Property,291236.43,Active
401934,9011500,Gold,283030.07,Active
401935,9011419,Property,324826.59,Active
401936,9025867,Property,440141.11,Active
401937,9016058,Equipment,346062.8,Released
401938,9016003,Gold,335846.32,Active
401939,9011185,Deposit,24483.04,Active
401940,9007694,Vehicle,470685.66,Released
401941,9020587,Vehicle,41316.51,Active
401942,9011609,Other,439723.91,Active
401943,9008326,Other,156870.21,Active
401944,9014558,Other,75938.95,Released
401945,9015083,Property,337981.66,Active
401946,9004698,Equipment,149672.02,Active
401947,9027682,Gold,90087.53,Active
401948,9028698,Property,111522.0,Active
401949,9027479,Vehicle,177959.23,Active
401950,9019245,Deposit,55992.72,Released
401951,9001604,Property,269148.23,Released
401952,9020182,Vehicle,258880.22,Released
401953,9001743,Property,262939.61,Released
401954,9025770,Vehicle,488060.6,Active
401955,9026154,Gold,43438.38,Active
401956,9028339,Vehicle,247412.61,Active
401957,9019934,Deposit,45560.04,Active
401958,9028361,Equipment,332622.3,Released
401959,9008200,Vehicle,369703.23,Released
401960,9008737,Property,91497.14,Released
401961,9029111,Property,159309.11,Active
401962,9029086,Deposit,171276.66,Released
401963,9021400,Property,130949.34,Active
401964,9008439,Property,395225.03,Active
401965,9023912,Property,231793.84,Active
401966,9007688,Property,13131.2,Active
401967,9006559,Vehicle,150164.94,Active
401968,9000201,Vehicle,479236.68,Active
401969,9014621,Property,196250.28,Active
401970,9007088,Vehicle,165778.64,Active
401971,9001566,Vehicle,220893.93,Active
401972,9020246,Equipment,392778.12,Active
401973,9026527,Vehicle,307508.68,Active
401974,9027180,Equipment,150905.22,Active
401975,9002728,Equipment,255767.44,Active
401976,9024768,Vehicle,403083.2,Active
401977,9010561,Other,455811.23,Active
401978,9012728,Property,240239.41,Active
401979,9000107,Vehicle,470857.26,Active
401980,9012261,Property,118670.08,Active
401981,9010001,Other,430145.99,Active
401982,9028018,Equipment,460860.11,Released
401983,9012331,Property,489268.95,Released
401984,9022466,Property,218514.73,Active
401985,9027097,Property,394306.78,Active
401986,9023431,Property,377443.84,Active
401987,9002265,Vehicle,456503.62,Released
401988,9022971,Equipment,493769.61,Active
401989,9026487,Gold,419261.39,Released
401990,9018704,Vehicle,73049.92,Active
401991,9000822,Property,197068.92,Active
401992,9021140,Vehicle,80162.4,Released
401993,9001454,Property,320401.23,Active
401994,9022457,Deposit,231499.78,Active
401995,9016217,Property,246946.52,Active
401996,9018896,Property,496826.69,Active
401997,9021104,Equipment,280819.18,Active
401998,9029316,Property,357679.57,Active
401999,9010713,Vehicle,455810.2,Released
402000,9003162,Property,105669.34,Released
402001,9018950,Property,356610.07,Active
402002,9006267,Deposit,313902.56,Released
402003,9028036,Vehicle,187080.56,Active
402004,9008917,Property,239208.85,Active
402005,9011740,Property,449008.84,Active
402006,9007736,Vehicle,455492.64,Released
402007,9014321,Deposit,131585.21,Active
402008,9013660,Vehicle,448876.31,Active
402009,9013345,Equipment,67863.57,Active
402010,9021356,Vehicle,302265.41,Active
402011,9023888,Equipment,238406.43,Active
402012,9019928,Property,298009.35,Active
402013,9003584,Property,410607.81,Released
402014,9022073,Property,286461.06,Active
402015,9015268,Other,358461.78,Released
402016,9023564,Vehicle,451844.7,Active
402017,9017782,Equipment,53811.6,Active
402018,9019558,Property,181755.25,Active
402019,9001876,Vehicle,187120.72,Active
402020,9022992,Other,332632.27,Active
402021,9005960,Property,100109.26,Active
402022,9029366,Gold,116300.49,Active
402023,9016642,Vehicle,259528.12,Released
402024,9022847,Vehicle,366683.4,Active
402025,9006937,Vehicle,492412.11,Active
402026,9024321,Vehicle,108015.6,Active
402027,9029518,Vehicle,70927.33,Active
402028,9017785,Property,162522.41,Released
402029,9026781,Property,12346.58,Active
402030,9029191,Vehicle,294681.41,Active
402031,9023363,Property,114429.36,Active
402032,9000885,Vehicle,111921.31,Active
402033,9005701,Equipment,389779.81,Active
402034,9029846,Vehicle,184912.49,Active
402035,9013390,Gold,461821.84,Active
402036,9020067,Equipment,299859.19,Released
402037,9018056,Property,212660.95,Released
402038,9025634,Property,471907.11,Released
402039,9019629,Property,464598.27,Released
402040,9011712,Property,282010.84,Released
402041,9028116,Vehicle,218322.8,Active
402042,9026287,Equipment,410890.85,Released
402043,9011010,Equipment,346100.2,Active
402044,9005877,Deposit,457940.4,Active
402045,9004503,Vehicle,419568.08,Released
402046,9023381,Property,455503.86,Active
402047,9017450,Property,87460.91,Released
402048,9026545,Gold,438112.71,Released
402049,9018725,Property,186324.25,Active
402050,9001779,Property,34189.57,Released
402051,9013420,Property,291609.97,Released
402052,9015834,Property,136112.45,Active
402053,9009276,Property,350683.13,Released
402054,9009191,Vehicle,485151.1,Active
402055,9006824,Property,397994.45,Released
402056,9023512,Vehicle,139994.94,Active
402057,9028487,Vehicle,497097.98,Active
402058,9012735,Vehicle,232235.92,Released
402059,9016963,Vehicle,237608.57,Active
402060,9021212,Property,122985.62,Active
402061,9020445,Property,156234.44,Active
402062,9014341,Vehicle,451578.99,Released
402063,9001072,Property,157436.38,Released
402064,9019807,Gold,209100.55,Released
402065,9009058,Other,137218.7,Active
402066,9002228,Property,225054.6,Released
402067,9012800,Property,401966.02,Active
402068,9020718,Gold,203720.67,Released
402069,9016473,Deposit,229154.64,Active
402070,9029970,Gold,409280.61,Released
402071,9020404,Deposit,436373.87,Released
402072,9000697,Equipment,351584.9,Active
402073,9007676,Property,358575.25,Active
402074,9011194,Other,275836.25,Active
402075,9004785,Gold,36410.73,Active
402076,9002031,Vehicle,207617.51,Released
402077,9025521,Property,306428.32,Active
402078,9018180,Vehicle,77234.36,Active
402079,9027194,Property,268654.55,Active
402080,9004531,Property,314348.5,Released
402081,9000236,Vehicle,324233.3,Released
402082,9023265,Vehicle,248248.46,Active
402083,9007142,Vehicle,6727.82,Released
402084,9028781,Vehicle,343769.69,Active
402085,9021321,Vehicle,103722.47,Active
402086,9017931,Vehicle,356721.5,Active
402087,9027017,Property,422832.57,Active
402088,9021289,Vehicle,87227.68,Released
402089,9012333,Gold,203554.8,Released
402090,9005713,Deposit,439023.92,Released
402091,9020256,Deposit,20642.38,Released
402092,9003129,Vehicle,435248.39,Active
402093,9027350,Property,207623.62,Active
402094,9029382,Vehicle,106550.41,Active
402095,9018886,Other,72133.74,Active
402096,9029232,Vehicle,197971.55,Active
402097,9012023,Property,121608.64,Active
402098,9001252,Vehicle,20437.17,Released
402099,9003291,Property,240430.75,Released
402100,9016441,Gold,445575.73,Released
402101,9020344,Vehicle,343822.22,Active
402102,9016894,Vehicle,318219.19,Active
402103,9001439,Deposit,260816.44,Active
402104,9001096,Property,42666.35,Active
402105,9027236,Vehicle,264912.81,Released
402106,9024067,Property,182867.73,Released
402107,9000057,Gold,74868.76,Released
402108,9003044,Property,277056.31,Active
402109,9005029,Other,83655.56,Released
402110,9012902,Vehicle,214842.12,Active
402111,9014933,Vehicle,117765.13,Released
402112,9019838,Gold,200663.57,Active
402113,9019233,Vehicle,214684.28,Active
402114,9005704,Property,31080.23,Active
402115,9016052,Deposit,294393.72,Released
402116,9020538,Deposit,154827.36,Active
402117,9007743,Vehicle,181437.18,Active
402118,9016318,Property,396628.54,Active
402119,9025149,Property,219602.74,Active
402120,9007097,Vehicle,19858.43,Active
402121,9028851,Equipment,214905.94,Active
402122,9019110,Property,261468.5,Active
402123,9029076,Other,421636.47,Released
402124,9021962,Vehicle,114623.97,Active
402125,9024875,Property,346537.56,Active
402126,9029963,Equipment,157628.08,Active
402127,9006319,Property,410744.41,Active
402128,9018935,Equipment,436084.07,Active
402129,9028785,Property,373674.27,Active
402130,9007980,Other,140050.37,Released
402131,9009552,Vehicle,146238.84,Released
402132,9008591,Vehicle,100525.74,Active
402133,9017370,Other,61524.27,Active
402134,9002496,Property,392210.84,Released
402135,9015298,Vehicle,462981.88,Released
402136,9020457,Deposit,306888.51,Active
402137,9027206,Property,282114.31,Active
402138,9010026,Vehicle,6603.18,Active
402139,9019321,Vehicle,403497.4,Released
402140,9022598,Other,469853.7,Active
402141,9029658,Equipment,89741.94,Active
402142,9013785,Equipment,352037.96,Active
402143,9021122,Property,213306.44,Active
402144,9014612,Property,306788.49,Active
402145,9025446,Property,211772.14,Active
402146,9000086,Gold,195350.59,Active
402147,9004147,Equipment,339095.28,Active
402148,9024820,Property,78863.36,Released
402149,9007035,Equipment,88834.33,Released
402150,9016469,Vehicle,188099.89,Released
402151,9005945,Property,125743.32,Active
402152,9014820,Property,487720.78,Released
402153,9019191,Other,325147.9,Active
402154,9002444,Property,351013.27,Released
402155,9002145,Deposit,355582.7,Active
402156,9005064,Property,393605.68,Released
402157,9020318,Gold,40593.45,Active
402158,9008941,Property,17834.96,Active
402159,9022210,Vehicle,127545.89,Active
402160,9020630,Vehicle,158692.94,Released
402161,9012157,Property,391983.78,Active
402162,9009357,Property,285202.62,Active
402163,9004782,Gold,376687.33,Released
402164,9018219,Gold,118979.06,Active
402165,9022679,Gold,133507.47,Active
402166,9019472,Property,327425.06,Active
402167,9022260,Deposit,129959.16,Released
402168,9001118,Property,382456.66,Active
402169,9026786,Equipment,38585.13,Active
402170,9006582,Vehicle,264145.72,Released
402171,9006194,Equipment,33535.56,Released
402172,9002653,Property,48436.8,Active
402173,9002410,Gold,425983.31,Released
402174,9015529,Other,469207.03,Active
402175,9019502,Equipment,449113.83,Active
402176,9029738,Vehicle,204004.55,Active
402177,9013063,Vehicle,265297.2,Active
402178,9003518,Vehicle,272370.2,Released
402179,9011358,Property,316971.76,Released
402180,9019728,Vehicle,429462.09,Active
402181,9000349,Property,230934.5,Active
402182,9010500,Equipment,374119.87,Released
402183,9013206,Property,24755.79,Active
402184,9006213,Equipment,123458.19,Active
402185,9020803,Property,278372.82,Released
402186,9001963,Property,45034.99,Active
402187,9008655,Property,322201.94,Active
402188,9027009,Vehicle,133285.22,Active
402189,9019493,Equipment,324991.98,Released
402190,9004543,Property,309617.24,Released
402191,9015398,Deposit,170246.79,Active
402192,9016196,Property,479084.85,Active
402193,9005687,Property,46554.2,Released
402194,9007875,Vehicle,185665.28,Active
402195,9022459,Deposit,79488.77,Released
402196,9001319,Deposit,92367.47,Active
402197,9000841,Property,81224.92,Active
402198,9011424,Vehicle,19555.91,Active
402199,9022563,Gold,358234.99,Active
402200,9009069,Property,481903.54,Active
402201,9017718,Equipment,456956.45,Active
402202,9002485,Vehicle,267131.94,Released
402203,9006398,Property,456715.35,Released
402204,9002045,Property,96249.4,Released
402205,9000112,Vehicle,131424.79,Active
402206,9026763,Vehicle,34935.25,Active
402207,9007643,Property,338016.85,Active
402208,9000526,Other,226042.34,Active
402209,9016809,Equipment,194402.1,Released
402210,9012452,Other,384674.38,Active
402211,9005608,Vehicle,406064.15,Active
402212,9013251,Vehicle,251275.02,Released
402213,9003811,Gold,239701.67,Active
402214,9007156,Property,208735.38,Released
402215,9003814,Other,476161.79,Active
402216,9019327,Property,293620.13,Released
402217,9007632,Gold,458427.03,Released
402218,9017207,Vehicle,350072.39,Released
402219,9009840,Property,272987.22,Active
402220,9029109,Deposit,301911.64,Active
402221,9001552,Deposit,152548.98,Active
402222,9020552,Equipment,316250.1,Released
402223,9019038,Property,442627.25,Active
402224,9014030,Property,428290.13,Released
402225,9021117,Vehicle,469479.61,Active
402226,9023656,Deposit,304781.97,Active
402227,9017669,Equipment,216168.62,Active
402228,9009969,Property,344049.54,Active
402229,9022438,Property,450762.7,Active
402230,9022445,Property,101893.55,Active
402231,9003004,Equipment,164372.34,Active
402232,9003497,Property,475737.97,Active
402233,9029541,Property,434134.66,Active
402234,9017452,Gold,403916.48,Active
402235,9004012,Property,156482.78,Active
402236,9008659,Equipment,438529.51,Active
402237,9029136,Gold,465870.72,Active
402238,9018956,Property,165426.7,Active
402239,9026893,Gold,148049.01,Active
402240,9025147,Deposit,320618.77,Active
402241,9004194,Vehicle,214081.66,Released
402242,9014179,Property,19422.19,Active
402243,9009692,Property,438171.36,Active
402244,9022839,Property,209373.63,Active
402245,9011965,Property,413718.53,Active
402246,9001945,Deposit,203647.1,Released
402247,9007063,Property,257629.45,Active
402248,9021658,Property,51862.03,Active
402249,9022830,Property,243095.92,Active
402250,9023594,Property,309180.57,Released
402251,9013885,Vehicle,94705.8,Active
402252,9027100,Deposit,473648.87,Active
402253,9010574,Gold,186131.53,Active
402254,9005599,Deposit,17987.36,Released
402255,9005330,Property,152572.21,Active
402256,9012325,Property,387342.54,Active
402257,9003996,Property,316054.73,Active
402258,9029212,Equipment,170590.57,Active
402259,9001595,Vehicle,323015.67,Released
402260,9024124,Gold,370888.11,Released
402261,9015845,Gold,367215.1,Active
402262,9019946,Property,233965.61,Active
402263,9017961,Property,262934.93,Released
402264,9019621,Vehicle,303347.53,Active
402265,9000751,Vehicle,62743.48,Released
402266,9002944,Property,389399.26,Active
402267,9011087,Vehicle,495872.81,Active
402268,9011377,Gold,372884.69,Active
402269,9005290,Vehicle,299027.4,Active
402270,9029848,Equipment,431701.73,Active
402271,9014020,Vehicle,317052.1,Released
402272,9011970,Vehicle,106446.15,Released
402273,9027986,Property,73207.69,Active
402274,9025544,Property,247104.24,Released
402275,9025499,Gold,429058.72,Released
402276,9027374,Property,338269.34,Released
402277,9026863,Property,236094.34,Released
402278,9005751,Property,166905.96,Active
402279,9016380,Gold,460898.39,Released
402280,9000595,Vehicle,193750.7,Active
402281,9027081,Other,45818.96,Active
402282,9016141,Property,468698.63,Released
402283,9019995,Gold,184513.43,Released
402284,9004375,Gold,273462.17,Active
402285,9013019,Vehicle,286084.3,Active
402286,9005752,Property,56825.33,Active
402287,9018067,Deposit,83608.65,Released
402288,9016202,Deposit,371179.81,Active
402289,9006949,Vehicle,424914.84,Active
402290,9028297,Property,370565.17,Released
402291,9006377,Vehicle,102395.15,Active
402292,9021333,Property,461913.74,Active
402293,9001158,Vehicle,27157.23,Released
402294,9010158,Property,34148.21,Released
402295,9019639,Gold,357822.9,Active
402296,9019653,Property,311666.25,Active
402297,9009706,Property,23862.38,Active
402298,9029901,Vehicle,479879.8,Released
402299,9008438,Equipment,104432.68,Active
402300,9006656,Gold,367708.46,Active
402301,9023898,Vehicle,137128.96,Active
402302,9029994,Vehicle,273755.55,Active
402303,9028697,Gold,405134.94,Active
402304,9025650,Other,35338.29,Released
402305,9015904,Gold,397398.03,Active
402306,9022739,Property,79788.46,Active
402307,9023456,Vehicle,291512.2,Released
402308,9015077,Deposit,430942.3,Active
402309,9014993,Property,109198.63,Active
402310,9005938,Deposit,377234.74,Released
402311,9021570,Vehicle,401264.01,Active
402312,9003677,Gold,131317.6,Active
402313,9008988,Equipment,389140.82,Released
402314,9015002,Property,155441.16,Active
402315,9025376,Vehicle,225189.93,Active
402316,9015737,Property,403630.46,Released
402317,9011872,Gold,27386.26,Active
402318,9017357,Gold,292868.72,Active
402319,9015176,Gold,239754.83,Active
402320,9023604,Other,481186.03,Active
402321,9001514,Gold,271440.84,Active
402322,9005434,Property,124874.66,Active
402323,9011699,Vehicle,34555.16,Released
402324,9003189,Property,417403.57,Released
402325,9003369,Property,105912.52,Active
402326,9003858,Gold,100655.79,Released
402327,9023166,Property,36632.17,Active
402328,9016102,Property,467773.52,Active
402329,9004945,Deposit,202764.48,Released
402330,9014269,Equipment,119469.32,Active
402331,9009786,Property,314768.83,Released
402332,9007592,Gold,242545.17,Released
402333,9023948,Vehicle,119406.67,Active
402334,9019437,Property,490187.56,Active
402335,9028917,Property,262527.86,Active
402336,9024758,Property,369002.12,Active
402337,9018830,Gold,273382.37,Active
402338,9026822,Vehicle,128439.54,Active
402339,9023393,Property,228414.23,Active
402340,9022098,Deposit,367793.63,Active
402341,9010905,Equipment,134437.21,Active
402342,9006933,Property,360679.65,Released
402343,9024564,Other,183613.52,Active
402344,9011319,Gold,300372.88,Released
402345,9003028,Vehicle,392908.97,Active
402346,9004983,Property,52948.36,Active
402347,9021602,Other,158445.87,Active
402348,9027792,Property,299442.3,Active
402349,9001994,Vehicle,418658.74,Active
402350,9028967,Equipment,265561.49,Active
402351,9018897,Deposit,54243.4,Released
402352,9002928,Property,325728.61,Released
402353,9001022,Property,203712.43,Active
402354,9001167,Deposit,403410.88,Active
402355,9021003,Vehicle,85546.97,Active
402356,9026751,Vehicle,441336.27,Active
402357,9012514,Gold,124801.25,Active
402358,9027897,Property,323071.41,Active
402359,9005529,Property,332318.34,Active
402360,9006164,Vehicle,395139.54,Released
402361,9005640,Gold,281932.66,Active
402362,9028943,Vehicle,451712.58,Active
402363,9022112,Property,349312.07,Active
402364,9022927,Property,78371.21,Active
402365,9020543,Equipment,458062.99,Active
402366,9015358,Property,55327.38,Released
402367,9013441,Equipment,164275.03,Active
402368,9021546,Deposit,66626.45,Active
402369,9027841,Property,225422.23,Active
402370,9000182,Vehicle,113760.43,Active
402371,9015611,Other,142759.77,Active
402372,9015349,Property,399493.16,Active
402373,9022313,Equipment,32054.28,Released
402374,9001791,Gold,53055.47,Active
402375,9012708,Equipment,169194.25,Active
402376,9009755,Property,281131.05,Active
402377,9025341,Gold,77248.36,Active
402378,9016732,Vehicle,161877.3,Released
402379,9002903,Gold,319903.85,Released
402380,9014740,Vehicle,274447.48,Active
402381,9003183,Property,381774.45,Released
402382,9004696,Gold,14060.34,Released
402383,9004903,Equipment,204052.5,Active
402384,9015789,Equipment,277729.92,Released
402385,9015443,Property,387343.45,Active
402386,9009281,Vehicle,265189.94,Active
402387,9010799,Equipment,146940.84,Released
402388,9012757,Deposit,287379.76,Active
402389,9004562,Deposit,168491.02,Active
402390,9025979,Equipment,306801.69,Active
402391,9019603,Property,324305.55,Active
402392,9022143,Property,239225.56,Released
402393,9013374,Vehicle,127956.47,Active
402394,9012773,Gold,268478.79,Active
402395,9025117,Vehicle,383654.3,Active
402396,9010151,Vehicle,86483.78,Active
402397,9023612,Property,469652.2,Active
402398,9015024,Property,179123.95,Released
402399,9019839,Equipment,494838.9,Active
402400,9019244,Property,383039.82,Active
402401,9014327,Property,418518.29,Active
402402,9019840,Property,194462.98,Released
402403,9021671,Other,233353.15,Active
402404,9009498,Gold,415012.47,Released
402405,9004834,Property,479163.58,Released
402406,9001738,Vehicle,136097.27,Active
402407,9006527,Vehicle,242830.8,Active
402408,9004308,Vehicle,284303.05,Active
402409,9006118,Property,167024.7,Released
402410,9023345,Property,287634.51,Active
402411,9008304,Other,473346.22,Active
402412,9022700,Property,75054.69,Released
402413,9008238,Other,87105.46,Active
402414,9011916,Vehicle,350207.56,Active
402415,9006048,Deposit,72241.98,Active
402416,9011620,Gold,394859.87,Released
402417,9000141,Vehicle,376278.53,Active
402418,9004142,Property,99274.13,Active
402419,9016652,Property,153611.9,Active
402420,9005397,Gold,329262.35,Released
402421,9012909,Gold,313476.6,Active
402422,9017743,Other,364687.71,Active
402423,9019545,Property,26462.59,Active
402424,9027220,Property,268680.9,Active
402425,9020298,Property,246974.35,Active
402426,9000529,Deposit,363736.46,Active
402427,9010167,Equipment,192169.16,Active
402428,9013743,Vehicle,140723.03,Active
402429,9009676,Property,119887.23,Active
402430,9014642,Deposit,485068.43,Active
402431,9024824,Property,300986.03,Active
402432,9019013,Property,381296.84,Active
402433,9016639,Gold,438337.39,Active
402434,9026986,Property,74686.8,Active
402435,9002273,Property,383056.52,Active
402436,9028566,Other,379467.62,Active
402437,9003269,Property,172711.8,Released
402438,9026367,Property,429829.76,Released
402439,9014241,Property,167975.45,Released
402440,9029299,Property,63349.34,Active
402441,9012657,Property,407597.48,Active
402442,9021984,Vehicle,473292.51,Active
402443,9014509,Vehicle,343936.47,Released
402444,9007466,Other,182131.4,Active
402445,9016750,Equipment,87510.2,Released
402446,9013500,Deposit,369155.17,Active
402447,9019175,Vehicle,492737.72,Released
402448,9023183,Vehicle,52749.71,Active
402449,9009657,Equipment,458209.39,Active
402450,9015809,Property,281944.31,Active
402451,9023293,Equipment,373223.31,Active
402452,9029009,Property,488902.75,Active
402453,9009631,Equipment,414734.95,Released
402454,9013504,Property,92456.89,Released
402455,9021496,Other,312460.02,Active
402456,9027522,Deposit,81256.1,Released
402457,9009169,Other,234562.23,Released
402458,9002824,Property,452115.61,Active
402459,9021382,Property,24072.66,Active
402460,9028834,Property,15079.15,Active
402461,9024976,Vehicle,89625.79,Active
402462,9021380,Deposit,160688.48,Active
402463,9005076,Equipment,421634.63,Active
402464,9000946,Vehicle,63575.86,Released
402465,9013731,Deposit,242978.88,Active
402466,9023258,Vehicle,344061.82,Active
402467,9009550,Property,176791.96,Released
402468,9027707,Equipment,466070.99,Active
402469,9008351,Vehicle,25924.65,Active
402470,9000817,Vehicle,412874.61,Active
402471,9020396,Gold,18998.51,Active
402472,9025704,Vehicle,137544.02,Active
402473,9010657,Deposit,156315.95,Active
402474,9008418,Property,186063.12,Released
402475,9017791,Property,269416.39,Active
402476,9013727,Property,63302.25,Released
402477,9011939,Gold,19661.69,Released
402478,9008544,Property,207111.93,Released
402479,9009865,Gold,355191.88,Active
402480,9017908,Property,96821.44,Released
402481,9028734,Property,220994.46,Active
402482,9019756,Property,17882.9,Active
402483,9020658,Property,495088.71,Active
402484,9003857,Property,178534.67,Active
402485,9021918,Property,274649.79,Released
402486,9026596,Vehicle,410727.78,Active
402487,9022400,Property,101235.0,Active
402488,9013788,Property,142034.72,Active
402489,9027783,Property,104858.39,Active
402490,9013687,Property,166522.5,Active
402491,9005598,Property,36399.93,Active
402492,9004875,Vehicle,334775.98,Active
402493,9027766,Property,269919.91,Active
402494,9010756,Property,398550.72,Active
402495,9028654,Property,271065.95,Active
402496,9010972,Property,85218.39,Released
402497,9029490,Equipment,144443.33,Active
402498,9017307,Equipment,222119.9,Active
402499,9018927,Property,219519.96,Active
402500,9004593,Vehicle,371433.17,Active
402501,9024095,Property,76531.3,Released
402502,9018355,Equipment,438833.53,Active
402503,9021731,Equipment,266318.0,Active
402504,9019258,Property,406139.82,Active
402505,9011834,Property,240183.95,Released
402506,9029379,Vehicle,444021.47,Active
402507,9012967,Property,377194.39,Active
402508,9009091,Equipment,257535.3,Released
402509,9020171,Equipment,424714.54,Active
402510,9010050,Equipment,431911.17,Active
402511,9007656,Property,54929.12,Released
402512,9013642,Property,369564.22,Active
402513,9016787,Property,249854.04,Active
402514,9002214,Property,481830.99,Active
402515,9015650,Gold,210807.27,Active
402516,9006594,Vehicle,42793.0,Released
402517,9020443,Vehicle,465557.38,Active
402518,9026226,Gold,390810.76,Active
402519,9004114,Property,282367.63,Active
402520,9019037,Property,249744.68,Released
402521,9020673,Vehicle,351595.14,Active
402522,9003387,Property,185683.7,Active
402523,9001896,Deposit,33635.83,Active
402524,9008729,Property,448431.01,Released
402525,9006614,Vehicle,346025.77,Active
402526,9010445,Vehicle,472954.59,Active
402527,9006363,Property,254743.77,Active
402528,9029077,Property,400280.44,Active
402529,9003908,Property,359776.3,Active
402530,9012121,Property,419684.28,Active
402531,9029320,Property,468639.78,Active
402532,9023868,Equipment,252220.64,Released
402533,9029474,Vehicle,466047.39,Released
402534,9015337,Deposit,22943.4,Released
402535,9007991,Property,125911.04,Active
402536,9017021,Property,373579.08,Active
402537,9019199,Deposit,447698.08,Active
402538,9018492,Vehicle,153470.07,Active
402539,9005573,Property,332416.85,Released
402540,9024243,Property,161723.98,Released
402541,9012855,Property,123764.99,Active
402542,9001620,Property,117079.02,Active
402543,9019277,Property,288943.12,Active
402544,9000373,Vehicle,414488.2,Active
402545,9013313,Deposit,139121.43,Released
402546,9020700,Property,90736.89,Active
402547,9003959,Property,298614.77,Released
402548,9016494,Vehicle,270084.22,Active
402549,9012639,Deposit,384976.18,Active
402550,9001028,Deposit,186380.82,Active
402551,9004234,Vehicle,93147.65,Active
402552,9001536,Property,359754.09,Active
402553,9029569,Property,297966.0,Released
402554,9018735,Vehicle,75630.17,Active
402555,9023123,Property,323379.42,Active
402556,9018345,Property,259822.61,Active
402557,9029432,Gold,348552.23,Active
402558,9026152,Property,142871.82,Released
402559,9014211,Vehicle,441150.04,Active
402560,9001506,Equipment,251750.05,Released
402561,9020856,Deposit,128789.74,Active
402562,9017531,Property,336975.03,Released
402563,9029551,Equipment,280762.11,Active
402564,9025830,Property,208326.4,Released
402565,9028444,Property,29697.03,Active
402566,9028279,Property,187720.82,Released
402567,9020509,Property,40800.42,Active
402568,9023241,Gold,469819.86,Active
402569,9010159,Property,140022.01,Active
402570,9001141,Property,97350.99,Active
402571,9026076,Gold,490801.8,Active
402572,9001431,Property,433916.3,Active
402573,9013123,Vehicle,343471.62,Active
402574,9004026,Property,228587.37,Active
402575,9001082,Vehicle,300126.94,Released
402576,9008804,Property,328710.52,Active
402577,9013058,Property,66181.63,Active
402578,9013556,Vehicle,83923.87,Active
402579,9023283,Property,95089.65,Active
402580,9020089,Gold,72278.12,Active
402581,9028528,Deposit,369428.49,Released
402582,9028660,Vehicle,189554.35,Active
402583,9018477,Equipment,42421.36,Released
402584,9001164,Vehicle,47108.85,Active
402585,9014412,Property,114602.23,Active
402586,9000588,Property,216306.45,Active
402587,9020092,Gold,203819.17,Active
402588,9013027,Equipment,76977.4,Active
402589,9009984,Vehicle,443561.55,Active
402590,9007580,Equipment,472399.69,Active
402591,9023756,Vehicle,105592.38,Released
402592,9007349,Deposit,158948.48,Active
402593,9025630,Vehicle,112697.43,Active
402594,9016537,Vehicle,452950.97,Active
402595,9021801,Other,118023.09,Released
402596,9029607,Property,278881.46,Released
402597,9025550,Property,444970.83,Active
402598,9026909,Vehicle,491142.89,Active
402599,9009881,Vehicle,144708.06,Active
402600,9014635,Deposit,252970.16,Released
402601,9017771,Equipment,419939.1,Released
402602,9024605,Property,412186.81,Active
402603,9006534,Property,338542.7,Active
402604,9021768,Property,336432.94,Released
402605,9001671,Vehicle,342451.85,Active
402606,9019585,Gold,454051.84,Active
402607,9021566,Gold,475490.53,Active
402608,9005585,Other,384686.89,Released
402609,9024433,Property,279568.15,Active
402610,9010307,Equipment,326001.25,Released
402611,9028283,Property,97315.31,Active
402612,9021493,Property,165225.39,Released
402613,9015745,Equipment,257677.08,Released
402614,9001786,Vehicle,333219.01,Released
402615,9012414,Vehicle,337185.3,Active
402616,9003323,Vehicle,165231.01,Active
402617,9021389,Deposit,381046.11,Active
402618,9022274,Vehicle,253693.14,Active
402619,9014045,Vehicle,496104.69,Active
402620,9007799,Gold,272214.28,Active
402621,9005570,Property,209448.38,Active
402622,9021219,Vehicle,356234.39,Released
402623,9020868,Gold,363086.26,Active
402624,9007629,Vehicle,292576.04,Active
402625,9015654,Property,199313.39,Released
402626,9008203,Property,349052.2,Active
402627,9017901,Property,11473.03,Active
402628,9002053,Property,490002.08,Released
402629,9000912,Vehicle,493697.23,Active
402630,9014428,Property,242855.39,Active
402631,9007812,Property,101346.03,Active
402632,9010616,Property,16925.36,Active
402633,9004213,Equipment,358410.7,Released
402634,9007542,Vehicle,210997.84,Active
402635,9022178,Vehicle,32598.62,Active
402636,9006562,Property,454001.22,Released
402637,9021772,Gold,260251.07,Active
402638,9027107,Vehicle,366771.09,Active
402639,9013405,Deposit,37944.53,Active
402640,9010943,Vehicle,120503.32,Active
402641,9003266,Other,94347.85,Active
402642,9001015,Property,47297.82,Active
402643,9012250,Property,481070.08,Active
402644,9024376,Gold,81567.5,Active
402645,9022518,Property,13368.59,Active
402646,9024990,Property,362918.2,Released
402647,9000330,Vehicle,123182.68,Active
402648,9012448,Vehicle,75404.19,Active
402649,9009852,Property,424497.79,Active
402650,9018552,Property,165131.06,Active
402651,9015796,Other,64126.73,Released
402652,9001053,Vehicle,307195.67,Active
402653,9012359,Gold,372244.48,Active
402654,9029843,Other,413169.81,Active
402655,9026588,Property,191639.43,Active
402656,9011026,Property,78360.21,Active
402657,9011849,Vehicle,228490.9,Active
402658,9026836,Property,322083.37,Active
402659,9025348,Deposit,396416.53,Released
402660,9017290,Property,379445.7,Released
402661,9004760,Vehicle,90899.48,Active
402662,9022615,Property,356631.76,Active
402663,9023830,Gold,341668.73,Active
402664,9029106,Property,11800.01,Active
402665,9014143,Vehicle,15266.62,Active
402666,9025187,Gold,83900.28,Active
402667,9019724,Vehicle,223510.6,Released
402668,9006775,Vehicle,367893.13,Active
402669,9020576,Property,301462.57,Released
402670,9019765,Property,446429.75,Released
402671,9028038,Property,29063.25,Active
402672,9018225,Property,45319.7,Active
402673,9009771,Property,55213.98,Active
402674,9014899,Vehicle,318354.42,Released
402675,9019733,Property,227686.16,Active
402676,9029629,Property,132214.84,Released
402677,9008150,Property,290845.99,Active
402678,9024337,Property,322335.78,Active
402679,9015499,Property,258021.19,Active
402680,9016347,Equipment,486039.86,Active
402681,9005639,Vehicle,468685.54,Released
402682,9028515,Property,380131.89,Released
402683,9008679,Property,403446.84,Released
402684,9008168,Equipment,459000.15,Released
402685,9006472,Deposit,397759.78,Released
402686,9016730,Vehicle,148802.35,Active
402687,9001848,Other,53506.97,Released
402688,9019086,Vehicle,280132.98,Active
402689,9024238,Vehicle,497931.95,Released
402690,9015130,Deposit,103085.76,Released
402691,9027022,Gold,146868.89,Active
402692,9003356,Vehicle,53622.64,Active
402693,9016786,Gold,382133.58,Released
402694,9007087,Property,167737.49,Released
402695,9022044,Property,499621.96,Active
402696,9019257,Property,446976.26,Active
402697,9015243,Property,151297.06,Active
402698,9015707,Deposit,132112.82,Active
402699,9016138,Gold,299443.25,Released
402700,9017588,Property,48741.31,Released
402701,9014932,Property,470288.01,Active
402702,9026499,Gold,21340.53,Released
402703,9017890,Property,326377.64,Active
402704,9004624,Deposit,38201.44,Released
402705,9004812,Property,218320.8,Active
402706,9029552,Property,250428.13,Active
402707,9017690,Property,436924.38,Active
402708,9004036,Vehicle,318929.45,Active
402709,9022827,Equipment,470657.27,Active
402710,9016560,Property,155508.44,Active
402711,9029872,Deposit,42408.58,Active
402712,9027137,Property,168132.59,Active
402713,9011826,Property,464164.15,Released
402714,9003234,Property,51267.33,Released
402715,9025311,Deposit,136132.16,Active
402716,9013668,Vehicle,187756.25,Active
402717,9001380,Property,136607.6,Released
402718,9013203,Property,494178.52,Active
402719,9018520,Property,486213.23,Active
402720,9009965,Vehicle,66037.28,Active
402721,9009237,Property,78460.13,Active
402722,9022892,Vehicle,292769.48,Active
402723,9003776,Other,247032.38,Active
402724,9008696,Vehicle,17485.28,Active
402725,9013667,Property,499578.98,Active
402726,9012540,Equipment,91651.06,Active
402727,9029056,Property,491366.63,Released
402728,9008541,Property,357600.19,Active
402729,9022148,Gold,43904.61,Active
402730,9015171,Other,60121.1,Active
402731,9014033,Vehicle,422492.41,Released
402732,9029396,Property,458351.75,Released
402733,9028334,Deposit,496428.84,Active
402734,9021371,Property,427384.07,Released
402735,9017602,Property,190514.53,Active
402736,9026317,Property,117894.26,Active
402737,9026384,Equipment,321861.78,Active
402738,9017225,Vehicle,61715.07,Active
402739,9023314,Deposit,107167.55,Released
402740,9029975,Vehicle,271140.99,Active
402741,9017504,Vehicle,391805.57,Released
402742,9013818,Equipment,340348.84,Active
402743,9018307,Property,496526.15,Released
402744,9017093,Property,455032.83,Active
402745,9004068,Equipment,225277.78,Active
402746,9024051,Deposit,424331.09,Active
402747,9002287,Other,19865.28,Released
402748,9003286,Deposit,253963.85,Released
402749,9029392,Property,499702.85,Active
402750,9014002,Other,113229.87,Active
402751,9013725,Vehicle,384891.2,Active
402752,9026505,Property,317292.96,Active
402753,9008817,Property,467266.91,Active
402754,9010439,Deposit,356678.54,Active
402755,9020889,Property,315414.48,Released
402756,9003647,Property,46473.62,Active
402757,9003362,Property,137335.94,Active
402758,9012843,Equipment,77517.54,Released
402759,9002270,Property,140164.02,Active
402760,9017868,Deposit,115891.42,Active
402761,9026878,Property,54860.94,Released
402762,9026716,Vehicle,37859.24,Active
402763,9021552,Property,172157.56,Active
402764,9005369,Property,316072.44,Released
402765,9024299,Vehicle,285250.18,Active
402766,9014981,Property,121133.89,Released
402767,9011607,Vehicle,228361.83,Active
402768,9020461,Deposit,449086.88,Active
402769,9008935,Gold,349597.75,Released
402770,9023464,Vehicle,364061.99,Active
402771,9010979,Property,8526.74,Active
402772,9026324,Vehicle,477153.83,Released
402773,9015397,Vehicle,259601.8,Active
402774,9008761,Vehicle,344995.41,Active
402775,9006492,Gold,490625.17,Active
402776,9015863,Property,31873.51,Active
402777,9021528,Vehicle,420272.01,Active
402778,9029147,Property,404082.61,Released
402779,9005531,Property,287256.69,Active
402780,9002727,Property,159409.67,Active
402781,9012868,Vehicle,477344.55,Active
402782,9000047,Equipment,328148.09,Released
402783,9028142,Gold,403532.95,Released
402784,9025192,Deposit,95309.36,Active
402785,9000745,Vehicle,233280.16,Active
402786,9020231,Property,43891.11,Active
402787,9003836,Vehicle,53934.34,Active
402788,9004220,Property,480279.44,Released
402789,9009746,Property,452297.26,Active
402790,9013635,Gold,444022.38,Active
402791,9000993,Vehicle,178808.01,Active
402792,9006225,Property,186058.45,Active
402793,9028727,Property,439587.53,Released
402794,9000767,Property,138932.76,Active
402795,9008361,Property,494083.31,Active
402796,9023684,Other,107647.15,Active
402797,9025694,Gold,308055.32,Active
402798,9004006,Property,263752.86,Active
402799,9005396,Vehicle,61812.47,Active
402800,9025286,Equipment,262081.53,Active
402801,9002466,Deposit,80430.67,Active
402802,9002284,Deposit,124583.38,Active
402803,9006701,Gold,365599.64,Active
402804,9028565,Property,52519.16,Active
402805,9025985,Deposit,127361.0,Released
402806,9002862,Property,208483.46,Active
402807,9013148,Equipment,9989.67,Released
402808,9028389,Property,397004.72,Active
402809,9022241,Vehicle,293427.89,Active
402810,9017082,Equipment,384241.58,Active
402811,9019339,Equipment,201762.11,Active
402812,9008910,Property,403998.0,Active
402813,9003526,Property,378880.08,Active
402814,9019712,Vehicle,409352.97,Active
402815,9008267,Property,154573.58,Active
402816,9011153,Deposit,232452.32,Active
402817,9019641,Property,316001.69,Active
402818,9019204,Property,70459.66,Active
402819,9006215,Vehicle,22033.32,Active
402820,9019925,Property,229348.02,Active
402821,9029486,Property,197238.38,Released
402822,9012707,Equipment,258678.92,Active
402823,9005555,Property,116101.7,Active
402824,9018100,Property,375857.74,Released
402825,9002087,Other,163938.97,Released
402826,9007321,Other,398136.87,Active
402827,9002085,Property,190924.18,Active
402828,9023095,Property,352494.25,Active
402829,9028801,Equipment,433411.12,Active
402830,9026297,Other,391765.77,Active
402831,9020471,Property,122891.62,Active
402832,9016918,Vehicle,252747.7,Active
402833,9003972,Gold,229546.53,Active
402834,9019793,Gold,35508.85,Released
402835,9015537,Vehicle,84976.55,Active
402836,9002578,Property,481136.6,Released
402837,9010869,Deposit,126195.75,Released
402838,9020802,Other,104477.11,Active
402839,9029913,Equipment,154143.38,Active
402840,9007243,Vehicle,97643.79,Released
402841,9008719,Property,478486.88,Released
402842,9002171,Vehicle,365229.61,Active
402843,9018544,Gold,493328.12,Released
402844,9008972,Property,214401.69,Active
402845,9014005,Property,361670.14,Released
402846,9009566,Deposit,62838.83,Active
402847,9019739,Vehicle,463984.75,Active
402848,9028363,Property,205304.24,Released
402849,9028426,Gold,358937.63,Active
402850,9006341,Deposit,417747.61,Active
402851,9019843,Vehicle,74157.34,Active
402852,9007870,Equipment,334418.56,Active
402853,9011296,Property,250654.28,Active
402854,9029286,Vehicle,321603.25,Active
402855,9007898,Property,87716.51,Active
402856,9015832,Property,97529.41,Active
402857,9023433,Vehicle,50859.99,Active
402858,9002490,Property,274765.44,Released
402859,9014843,Other,358506.19,Released
402860,9008616,Vehicle,266670.78,Active
402861,9024050,Property,87198.46,Active
402862,9010904,Property,19939.41,Active
402863,9019134,Property,446326.0,Active
402864,9017867,Gold,479600.0,Active
402865,9018983,Property,498303.31,Active
402866,9021223,Property,59877.03,Released
402867,9024078,Vehicle,229028.48,Active
402868,9020959,Gold,9437.39,Released
402869,9011968,Vehicle,468215.9,Released
402870,9026557,Vehicle,88689.39,Active
402871,9025479,Property,242597.74,Released
402872,9002959,Property,243963.58,Active
402873,9007564,Vehicle,285937.47,Active
402874,9006878,Deposit,425426.05,Active
402875,9005233,Property,59248.1,Released
402876,9020595,Property,75150.4,Active
402877,9005775,Vehicle,298331.02,Active
402878,9009796,Equipment,25426.25,Released
402879,9005366,Property,418191.01,Released
402880,9011013,Vehicle,145858.23,Released
402881,9021534,Equipment,94191.08,Active
402882,9007071,Vehicle,483493.63,Active
402883,9009095,Property,438011.64,Active
402884,9008954,Vehicle,62687.82,Released
402885,9009710,Vehicle,372121.24,Released
402886,9027215,Vehicle,411742.76,Active
402887,9011700,Property,130064.24,Released
402888,9000895,Deposit,419235.13,Active
402889,9010520,Vehicle,486983.9,Active
402890,9027132,Vehicle,49461.67,Released
402891,9029468,Property,59436.01,Released
402892,9015139,Property,125779.99,Active
402893,9019426,Property,29468.1,Active
402894,9028870,Property,357843.97,Active
402895,9021732,Gold,467117.98,Active
402896,9012437,Gold,95240.94,Active
402897,9014121,Vehicle,394632.11,Active
402898,9026215,Deposit,69113.41,Released
402899,9014003,Vehicle,47887.2,Released
402900,9014225,Property,218983.47,Released
402901,9024024,Property,378449.33,Released
402902,9013703,Property,354203.37,Active
402903,9029581,Deposit,28316.83,Active
402904,9026454,Equipment,378643.31,Released
402905,9029207,Equipment,6474.64,Active
402906,9003329,Property,106446.98,Active
402907,9006897,Equipment,367316.56,Released
402908,9008751,Property,275235.35,Active
402909,9019385,Property,245725.61,Active
402910,9013792,Vehicle,90083.74,Active
402911,9027956,Vehicle,208934.12,Active
402912,9008281,Equipment,21588.07,Released
402913,9021183,Equipment,275256.6,Active
402914,9023786,Equipment,30620.26,Active
402915,9014343,Vehicle,343600.26,Released
402916,9020006,Vehicle,304059.7,Active
402917,9015880,Gold,117746.5,Released
402918,9014967,Property,494447.59,Active
402919,9015622,Other,378069.16,Active
402920,9020893,Property,306058.28,Active
402921,9002324,Gold,451790.26,Active
402922,9012901,Property,400610.3,Active
402923,9006071,Other,472723.94,Active
402924,9002065,Property,211189.96,Active
402925,9006998,Property,100400.51,Active
402926,9023511,Other,211950.58,Active
402927,9017861,Vehicle,248433.13,Active
402928,9012835,Gold,258866.84,Released
402929,9018248,Vehicle,73832.21,Released
402930,9002472,Gold,449396.57,Active
402931,9010528,Vehicle,435387.71,Released
402932,9021363,Property,224451.61,Released
402933,9029937,Equipment,119842.5,Active
402934,9003300,Property,65746.29,Released
402935,9010288,Property,440427.5,Active
402936,9014798,Equipment,91788.44,Released
402937,9005227,Property,332868.23,Active
402938,9011425,Vehicle,409161.14,Active
402939,9004282,Equipment,498380.87,Active
402940,9021561,Vehicle,197892.84,Active
402941,9017685,Deposit,84228.05,Released
402942,9000709,Property,403694.43,Active
402943,9012256,Property,205415.58,Active
402944,9027400,Gold,141946.84,Active
402945,9025110,Vehicle,225179.28,Released
402946,9017485,Property,265614.47,Active
402947,9000209,Property,459371.96,Released
402948,9028648,Vehicle,290533.52,Active
402949,9002398,Deposit,448318.38,Active
402950,9026797,Deposit,342033.21,Released
402951,9022328,Property,215917.16,Active
402952,9026065,Property,151707.6,Active
402953,9024172,Other,251614.64,Active
402954,9014773,Vehicle,32457.73,Released
402955,9014405,Property,168240.62,Active
402956,9021074,Property,28921.85,Active
402957,9017197,Vehicle,93352.09,Active
402958,9028503,Property,338500.69,Active
402959,9020446,Vehicle,467713.93,Active
402960,9001982,Gold,434354.65,Active
402961,9017679,Property,438321.94,Released
402962,9006768,Other,373143.18,Released
402963,9029264,Property,267004.29,Active
402964,9026546,Property,19499.96,Released
402965,9011935,Vehicle,60381.13,Active
402966,9022831,Deposit,238828.29,Released
402967,9008646,Gold,436957.64,Active
402968,9013800,Vehicle,229766.15,Active
402969,9019567,Equipment,183154.68,Active
402970,9023554,Vehicle,247370.39,Active
402971,9011235,Property,438923.02,Released
402972,9010375,Vehicle,278272.98,Active
402973,9006860,Deposit,130713.85,Released
402974,9002239,Other,440727.96,Released
402975,9013816,Property,321511.01,Released
402976,9008204,Property,327808.9,Active
402977,9026357,Equipment,157801.39,Released
402978,9013782,Other,390080.04,Released
402979,9026898,Property,448435.2,Active
402980,9026088,Gold,76939.25,Active
402981,9012463,Vehicle,158289.49,Active
402982,9027030,Vehicle,21224.13,Active
402983,9002261,Property,281803.99,Active
402984,9008976,Vehicle,275272.37,Released
402985,9023976,Deposit,247673.37,Released
402986,9016757,Property,488480.96,Released
402987,9006668,Property,161337.98,Active
402988,9016801,Property,90020.2,Active
402989,9005038,Vehicle,441176.86,Released
402990,9001509,Vehicle,171696.06,Active
402991,9009266,Vehicle,308949.54,Active
402992,9025141,Vehicle,259988.81,Active
402993,9018807,Property,8476.2,Active
402994,9008342,Vehicle,357470.9,Active
402995,9024427,Equipment,291283.34,Active
402996,9011926,Deposit,237579.02,Active
402997,9007498,Equipment,223572.75,Released
402998,9021246,Property,348182.16,Active
402999,9029197,Equipment,417127.36,Active
403000,9022798,Equipment,418055.79,Active
403001,9003128,Equipment,481500.32,Active
403002,9005982,Equipment,8385.8,Active
403003,9020235,Property,62632.42,Active
403004,9014457,Property,396947.65,Active
403005,9012039,Vehicle,272612.86,Active
403006,9007992,Property,106388.62,Released
403007,9002520,Vehicle,470122.65,Released
403008,9003635,Property,270998.79,Released
403009,9019914,Equipment,16482.53,Active
403010,9007782,Property,321498.95,Active
403011,9007394,Property,15188.72,Active
403012,9016766,Gold,374447.26,Active
403013,9029204,Vehicle,347902.6,Active
403014,9017989,Vehicle,392872.32,Active
403015,9015152,Property,217242.34,Active
403016,9016671,Property,136602.27,Active
403017,9010867,Property,336834.07,Active
403018,9021016,Property,289475.0,Released
403019,9018864,Gold,53785.06,Active
403020,9023204,Gold,493588.97,Active
403021,9003558,Property,165250.07,Active
403022,9002252,Vehicle,258246.43,Released
403023,9028832,Equipment,280171.5,Active
403024,9028443,Vehicle,148554.2,Active
403025,9007104,Vehicle,299301.25,Released
403026,9020988,Property,455758.04,Active
403027,9028186,Gold,274331.88,Released
403028,9011946,Equipment,381033.03,Active
403029,9022916,Property,459055.18,Active
403030,9012059,Property,443680.85,Active
403031,9012690,Property,328646.64,Released
403032,9018406,Vehicle,56994.34,Active
403033,9012907,Property,198142.69,Released
403034,9001544,Equipment,208182.25,Active
403035,9010122,Gold,26536.17,Active
403036,9005745,Vehicle,307458.0,Active
403037,9020463,Other,223206.66,Active
403038,9005534,Property,121991.42,Active
403039,9006420,Property,45918.07,Released
403040,9023238,Vehicle,337899.68,Active
403041,9007092,Property,188135.44,Active
403042,9028220,Other,88849.7,Active
403043,9013385,Vehicle,323751.65,Active
403044,9011693,Equipment,158072.54,Released
403045,9010858,Gold,394348.68,Active
403046,9009891,Equipment,57226.54,Active
403047,9002030,Deposit,296031.7,Released
403048,9009596,Property,196654.46,Active
403049,9008828,Vehicle,119782.16,Active
403050,9009463,Property,396081.46,Released
403051,9010110,Other,410500.47,Active
403052,9009048,Equipment,438179.34,Active
403053,9000084,Property,293792.73,Active
403054,9020447,Vehicle,166288.92,Active
403055,9011631,Other,73130.72,Active
403056,9002231,Property,72255.26,Active
403057,9002066,Vehicle,355079.99,Active
403058,9009064,Vehicle,29593.33,Released
403059,9025599,Property,306155.79,Active
403060,9026054,Deposit,126237.38,Active
403061,9002440,Equipment,288501.65,Released
403062,9003572,Gold,215008.92,Active
403063,9022940,Vehicle,195358.2,Released
403064,9027534,Deposit,237344.88,Active
403065,9010388,Other,460530.83,Active
403066,9005240,Vehicle,325738.17,Active
403067,9021049,Property,475247.43,Released
403068,9012453,Equipment,54241.92,Active
403069,9014885,Property,492163.66,Active
403070,9006736,Equipment,90980.35,Active
403071,9016119,Deposit,40264.13,Released
403072,9015535,Vehicle,244318.55,Active
403073,9012526,Property,462383.87,Active
403074,9002458,Vehicle,144154.88,Active
403075,9013218,Property,243708.56,Active
403076,9029189,Vehicle,236354.23,Active
403077,9020099,Vehicle,202778.76,Released
403078,9024480,Property,336279.9,Active
403079,9007718,Vehicle,409977.97,Active
403080,9025197,Gold,304447.13,Released
403081,9029598,Gold,420797.59,Released
403082,9010444,Vehicle,303360.23,Released
403083,9016277,Property,238657.68,Active
403084,9027504,Vehicle,379708.28,Active
403085,9016496,Property,325238.01,Released
403086,9000474,Equipment,299970.32,Released
403087,9015059,Property,119379.06,Active
403088,9006816,Vehicle,97317.72,Released
403089,9005642,Property,377763.4,Active
403090,9021442,Vehicle,14792.66,Released
403091,9005040,Property,34369.12,Released
403092,9013399,Vehicle,51638.5,Active
403093,9008896,Gold,386588.02,Active
403094,9007182,Vehicle,12917.44,Released
403095,9019588,Vehicle,434915.81,Released
403096,9017537,Equipment,293818.0,Active
403097,9001602,Vehicle,238105.28,Active
403098,9009093,Vehicle,27298.86,Active
403099,9023680,Property,296114.4,Released
403100,9022797,Vehicle,381141.63,Active
403101,9027886,Property,182595.93,Released
403102,9003681,Property,80444.9,Active
403103,9004645,Property,221325.01,Released
403104,9022678,Equipment,52598.37,Active
403105,9010515,Gold,385729.85,Active
403106,9010040,Vehicle,381195.38,Active
403107,9002213,Property,160267.39,Active
403108,9012806,Deposit,85013.49,Released
403109,9009374,Property,168126.57,Active
403110,9025009,Equipment,213435.43,Active
403111,9011676,Vehicle,493713.9,Released
403112,9010773,Deposit,156065.82,Active
403113,9013239,Property,312739.25,Active
403114,9015773,Property,339678.05,Active
403115,9016158,Gold,267075.78,Active
403116,9009867,Vehicle,409775.48,Released
403117,9008436,Gold,330927.86,Active
403118,9019367,Property,295178.04,Released
403119,9008114,Property,448688.67,Active
403120,9017045,Gold,219678.18,Active
403121,9000127,Property,453725.29,Active
403122,9028151,Property,462153.1,Active
403123,9015673,Property,71803.6,Active
403124,9017524,Property,167467.98,Active
403125,9013492,Gold,9514.28,Active
403126,9004596,Property,196042.63,Active
403127,9011147,Vehicle,361090.64,Released
403128,9024728,Property,181503.4,Active
403129,9029098,Property,379931.4,Active
403130,9026644,Vehicle,13635.72,Active
403131,9017917,Property,252304.18,Active
403132,9023090,Property,385020.12,Active
403133,9027134,Other,47274.22,Active
403134,9010495,Deposit,497441.1,Released
403135,9022557,Equipment,300729.92,Released
403136,9012417,Gold,485794.57,Active
403137,9003915,Property,161220.73,Active
403138,9005802,Equipment,262108.75,Released
403139,9005738,Gold,254232.6,Released
403140,9005058,Property,13974.68,Active
403141,9017596,Other,280107.03,Active
403142,9029555,Property,201778.48,Released
403143,9026673,Property,431589.91,Active
403144,9010278,Property,229652.72,Released
403145,9016867,Property,357586.59,Released
403146,9011927,Equipment,274018.89,Active
403147,9023347,Deposit,29240.1,Active
403148,9003650,Property,284169.88,Active
403149,9002941,Gold,11282.68,Active
403150,9027862,Deposit,490276.16,Active
403151,9028110,Vehicle,143646.79,Released
403152,9016567,Property,348814.48,Released
403153,9029070,Property,432087.56,Active
403154,9008182,Property,458842.92,Released
403155,9012290,Equipment,467674.11,Active
403156,9001733,Property,178454.78,Active
403157,9018387,Property,64332.31,Active
403158,9010742,Equipment,424222.16,Active
403159,9002306,Property,287859.84,Active
403160,9028032,Property,39409.42,Released
403161,9006976,Deposit,95648.31,Released
403162,9011891,Deposit,136333.63,Active
403163,9019310,Property,71942.09,Released
403164,9000875,Property,459155.87,Active
403165,9019135,Property,499576.19,Active
403166,9013889,Property,11433.18,Active
403167,9026705,Vehicle,370582.81,Active
403168,9022666,Property,274387.16,Active
403169,9007227,Equipment,431129.3,Active
403170,9017907,Property,476378.37,Active
403171,9028963,Gold,195875.59,Active
403172,9029653,Property,388743.95,Released
403173,9020265,Property,362941.55,Active
403174,9022618,Deposit,479875.33,Active
403175,9005974,Equipment,354224.39,Active
403176,9005968,Gold,251006.89,Active
403177,9006134,Property,321003.72,Active
403178,9021047,Deposit,378812.34,Released
403179,9012971,Property,384771.94,Active
403180,9016291,Property,390835.69,Released
403181,9003854,Property,70361.82,Active
403182,9012886,Deposit,72393.23,Released
403183,9022004,Equipment,353472.69,Active
403184,9004347,Vehicle,89719.01,Active
403185,9000778,Vehicle,145526.34,Released
403186,9023358,Property,462410.21,Released
403187,9000102,Property,156538.66,Active
403188,9020267,Vehicle,405040.09,Released
403189,9018946,Equipment,81360.4,Active
403190,9013870,Vehicle,424583.29,Active
403191,9014662,Vehicle,134376.39,Released
403192,9014883,Property,17458.23,Active
403193,9014862,Deposit,441854.19,Active
403194,9014730,Deposit,404934.28,Released
403195,9021195,Vehicle,297102.54,Released
403196,9003922,Vehicle,97562.84,Active
403197,9019885,Vehicle,300608.66,Active
403198,9013252,Property,476325.24,Active
403199,9007697,Deposit,276997.16,Active
403200,9019290,Vehicle,131460.5,Active
403201,9018061,Vehicle,429639.67,Released
403202,9011056,Vehicle,404738.4,Active
403203,9006122,Deposit,300294.15,Active
403204,9000770,Deposit,160280.42,Released
403205,9022297,Property,431805.54,Active
403206,9022998,Property,193188.83,Active
403207,9017272,Property,372627.34,Active
403208,9000992,Property,420519.76,Active
403209,9023629,Property,308235.79,Active
403210,9027189,Equipment,209189.83,Released
403211,9002624,Property,429080.87,Released
403212,9009187,Property,166540.77,Active
403213,9027919,Gold,394268.63,Active
403214,9007207,Gold,290064.49,Released
403215,9025522,Gold,394095.75,Active
403216,9010677,Vehicle,271263.53,Active
403217,9024930,Vehicle,84232.86,Active
403218,9026369,Property,414587.88,Released
403219,9018003,Equipment,388561.65,Active
403220,9014362,Other,497621.35,Released
403221,9004745,Vehicle,124988.99,Active
403222,9028167,Property,436162.99,Released
403223,9024614,Property,281381.14,Released
403224,9025840,Property,141106.36,Active
403225,9028351,Property,55327.8,Active
403226,9017879,Vehicle,141714.23,Released
403227,9012958,Vehicle,422806.98,Active
403228,9004271,Equipment,201622.59,Active
403229,9025439,Other,421428.99,Active
403230,9006890,Vehicle,233714.3,Active
403231,9024176,Vehicle,92893.45,Released
403232,9020956,Property,66437.79,Released
403233,9022240,Property,277889.91,Active
403234,9021559,Equipment,307611.61,Active
403235,9004135,Vehicle,462670.13,Active
403236,9025727,Vehicle,345485.07,Active
403237,9029313,Property,299875.26,Released
403238,9017075,Deposit,289912.2,Released
403239,9026095,Property,359207.51,Active
403240,9003948,Gold,420371.55,Released
403241,9015135,Vehicle,109436.04,Active
403242,9029251,Deposit,32712.94,Active
403243,9028539,Property,142803.28,Active
403244,9021452,Property,427115.79,Active
403245,9021548,Vehicle,170857.7,Released
403246,9007171,Equipment,99015.1,Active
403247,9002720,Property,214345.0,Active
403248,9029962,Equipment,425135.56,Active
403249,9005024,Vehicle,433707.19,Active
403250,9006855,Vehicle,496879.19,Active
403251,9021087,Property,160066.56,Active
403252,9012570,Deposit,209814.45,Active
403253,9010967,Deposit,54906.2,Released
403254,9026400,Other,486640.5,Active
403255,9021767,Property,492516.47,Active
403256,9001928,Property,196651.98,Active
403257,9010393,Vehicle,193129.94,Active
403258,9003122,Vehicle,319771.09,Active
403259,9026437,Equipment,50735.84,Active
403260,9021483,Gold,97775.55,Active
403261,9023873,Deposit,403357.8,Released
403262,9002271,Deposit,350043.33,Released
403263,9029130,Vehicle,393132.71,Released
403264,9020722,Property,161180.56,Released
403265,9013161,Gold,366374.45,Active
403266,9006177,Property,215635.62,Active
403267,9015213,Property,348009.59,Active
403268,9027111,Vehicle,473275.13,Released
403269,9005157,Vehicle,290843.43,Released
403270,9003480,Property,429866.51,Active
403271,9020620,Property,50780.95,Active
403272,9018495,Property,353608.33,Active
403273,9009387,Vehicle,289427.7,Active
403274,9013220,Equipment,243014.02,Active
403275,9029416,Deposit,79375.76,Active
403276,9009795,Property,95946.96,Released
403277,9007371,Property,51900.04,Active
403278,9015638,Property,122176.54,Active
403279,9029766,Property,399765.2,Active
403280,9000839,Vehicle,263947.71,Active
403281,9008720,Property,220957.64,Active
403282,9016427,Vehicle,114256.3,Active
403283,9025350,Equipment,38394.25,Active
403284,9015984,Vehicle,290575.49,Released
403285,9012953,Deposit,319350.94,Active
403286,9010833,Gold,377447.02,Active
403287,9019548,Property,82729.61,Active
403288,9002310,Deposit,287196.25,Active
403289,9014760,Gold,8343.18,Released
403290,9006057,Property,356981.84,Active
403291,9023147,Property,72963.89,Active
403292,9021857,Gold,62237.8,Active
403293,9029789,Vehicle,211286.3,Active
403294,9019763,Property,166125.31,Active
403295,9026134,Property,209199.72,Active
403296,9019225,Vehicle,34184.87,Active
403297,9011663,Vehicle,391649.92,Released
403298,9029865,Deposit,337251.94,Released
403299,9026827,Gold,354705.54,Active
403300,9014491,Deposit,122243.73,Active
403301,9023990,Property,334566.58,Active
403302,9023181,Equipment,314024.22,Released
403303,9001664,Gold,381291.92,Active
403304,9013828,Vehicle,290848.04,Active
403305,9023343,Property,54305.45,Active
403306,9021638,Vehicle,209114.12,Released
403307,9014512,Vehicle,88231.69,Active
403308,9001668,Gold,104891.1,Active
403309,9018573,Gold,60197.55,Released
403310,9011588,Equipment,16613.55,Active
403311,9003354,Gold,314040.97,Released
403312,9013584,Vehicle,39807.24,Active
403313,9022076,Deposit,156022.52,Active
403314,9018733,Other,93251.86,Active
403315,9028702,Gold,240635.48,Active
403316,9011744,Property,217633.89,Active
403317,9008852,Property,488938.69,Released
403318,9002819,Gold,222655.32,Active
403319,9001322,Property,201875.99,Released
403320,9022128,Property,413166.94,Active
403321,9007829,Vehicle,484480.54,Released
403322,9018488,Deposit,423091.14,Released
403323,9015962,Property,76472.29,Active
403324,9002432,Equipment,431316.05,Active
403325,9013006,Property,126114.3,Active
403326,9023497,Gold,178590.84,Active
403327,9008584,Other,482621.03,Active
403328,9029236,Vehicle,189953.4,Released
403329,9010696,Property,302562.14,Active
403330,9017787,Vehicle,498077.09,Active
403331,9007628,Property,439987.17,Active
403332,9020161,Vehicle,72108.6,Active
403333,9018270,Vehicle,63221.05,Active
403334,9022665,Gold,397963.87,Active
403335,9018600,Property,410023.82,Active
403336,9006034,Property,79022.95,Active
403337,9018001,Equipment,183932.88,Active
403338,9021396,Deposit,192624.85,Active
403339,9023291,Other,345514.01,Active
403340,9012689,Vehicle,81806.48,Active
403341,9003406,Property,88963.51,Active
403342,9016105,Vehicle,149644.34,Active
403343,9007714,Property,479137.78,Active
403344,9005766,Gold,272734.19,Released
403345,9022002,Vehicle,171970.31,Active
403346,9008380,Vehicle,396770.73,Released
403347,9026129,Vehicle,114276.95,Active
403348,9025873,Vehicle,338104.58,Released
403349,9006995,Property,403057.71,Active
403350,9020775,Property,283235.8,Active
403351,9025542,Property,272155.32,Released
403352,9008188,Other,66701.61,Active
403353,9005280,Other,304650.57,Active
403354,9007684,Gold,200017.41,Active
403355,9016040,Property,241557.16,Active
403356,9005084,Property,235054.75,Released
403357,9024594,Property,302373.86,Released
403358,9005475,Property,271384.23,Active
403359,9027149,Vehicle,128286.94,Released
403360,9025168,Equipment,418311.74,Released
403361,9003548,Equipment,364986.74,Active
403362,9004920,Property,88211.62,Released
403363,9023528,Equipment,51414.53,Active
403364,9013438,Property,136347.82,Active
403365,9017655,Property,347320.18,Released
403366,9013075,Property,383170.2,Active
403367,9026725,Property,399720.62,Released
403368,9001495,Vehicle,59552.27,Released
403369,9029167,Gold,323882.39,Active
403370,9019034,Gold,360101.56,Active
403371,9007058,Gold,25183.2,Released
403372,9022712,Deposit,226220.99,Active
403373,9007788,Equipment,401040.15,Active
403374,9004680,Property,461387.91,Released
403375,9029750,Equipment,95994.34,Released
403376,9021370,Equipment,338478.25,Active
403377,9015031,Property,137108.37,Active
403378,9008500,Property,401281.18,Active
403379,9012421,Property,279219.81,Active
403380,9017375,Property,71168.12,Released
403381,9006449,Property,193271.12,Active
403382,9007009,Property,218532.58,Active
403383,9021067,Deposit,159320.03,Active
403384,9012482,Other,107475.32,Active
403385,9025751,Property,198006.22,Active
403386,9018636,Equipment,251457.07,Released
403387,9008419,Other,171923.8,Released
403388,9016272,Property,429542.35,Active
403389,9015605,Equipment,147930.27,Active
403390,9012146,Vehicle,79498.57,Released
403391,9007070,Gold,252605.48,Active
403392,9016407,Deposit,497012.32,Active
403393,9016312,Deposit,27454.55,Released
403394,9007235,Gold,141142.23,Active
403395,9010290,Property,114749.5,Released
403396,9023795,Property,264966.63,Active
403397,9000800,Vehicle,92758.66,Active
403398,9018753,Deposit,219093.46,Released
403399,9022159,Vehicle,387523.08,Active
403400,9002838,Property,337032.69,Active
403401,9026481,Deposit,459919.26,Active
403402,9001749,Vehicle,409308.55,Active
403403,9009211,Equipment,441561.21,Released
403404,9022170,Property,140103.14,Active
403405,9004621,Gold,53483.04,Active
403406,9003679,Vehicle,179447.63,Active
403407,9028596,Vehicle,207824.05,Active
403408,9023210,Property,419905.85,Active
403409,9019238,Equipment,451100.55,Active
403410,9004007,Vehicle,455397.73,Active
403411,9006203,Property,17537.58,Released
403412,9028082,Property,125327.3,Active
403413,9005742,Other,276552.79,Active
403414,9012299,Equipment,278293.45,Released
403415,9026178,Property,492370.46,Active
403416,9023359,Vehicle,347311.02,Active
403417,9003192,Deposit,480678.53,Released
403418,9005002,Deposit,435767.8,Active
403419,9011537,Gold,375170.57,Released
403420,9000995,Deposit,226255.11,Released
403421,9016516,Other,202085.9,Active
403422,9018445,Other,13432.14,Released
403423,9007551,Property,222786.81,Active
403424,9000708,Gold,174026.48,Active
403425,9026657,Property,61880.26,Released
403426,9010451,Equipment,181669.66,Released
403427,9016194,Equipment,272479.4,Active
403428,9006239,Vehicle,190439.02,Active
403429,9006670,Property,265745.89,Active
403430,9005379,Vehicle,261961.56,Released
403431,9027112,Vehicle,194515.05,Active
403432,9009856,Property,434645.89,Active
403433,9025472,Vehicle,258027.52,Active
403434,9000678,Property,440796.75,Active
403435,9017431,Property,411391.61,Active
403436,9008756,Property,183850.24,Active
403437,9012432,Equipment,254014.29,Active
403438,9023163,Property,17374.57,Released
403439,9024284,Property,297394.57,Released
403440,9009899,Property,323270.95,Released
403441,9022973,Property,148867.65,Active
403442,9020874,Deposit,499478.41,Released
403443,9005862,Vehicle,434809.91,Active
403444,9020967,Gold,61874.38,Released
403445,9004404,Vehicle,423149.42,Released
403446,9014070,Vehicle,361170.76,Released
403447,9002920,Property,373299.4,Released
403448,9010234,Property,308823.52,Active
403449,9000437,Property,487410.9,Active
403450,9023969,Equipment,486359.57,Active
403451,9019640,Property,245117.77,Released
403452,9007787,Property,406292.44,Active
403453,9008633,Vehicle,338118.65,Active
403454,9020162,Property,181786.59,Released
403455,9018971,Property,117680.55,Active
403456,9023461,Property,71023.38,Active
403457,9005198,Vehicle,14696.63,Active
403458,9024342,Property,224688.22,Active
403459,9022000,Property,224992.83,Active
403460,9001807,Property,73029.66,Released
403461,9021617,Gold,172066.62,Active
403462,9016142,Property,471502.3,Active
403463,9007162,Property,421751.11,Released
403464,9019922,Deposit,66624.22,Active
403465,9019464,Vehicle,217863.35,Active
403466,9017301,Deposit,375869.18,Active
403467,9029807,Vehicle,261992.08,Active
403468,9029121,Vehicle,412689.48,Active
403469,9005127,Equipment,361686.29,Active
403470,9026141,Deposit,229534.59,Active
403471,9010852,Equipment,325823.0,Active
403472,9023950,Other,15858.42,Active
403473,9005917,Property,487547.42,Released
403474,9023509,Vehicle,15727.21,Active
403475,9007922,Property,329465.46,Active
403476,9022183,Property,292570.65,Active
403477,9009163,Property,63905.02,Released
403478,9006936,Property,453207.09,Active
403479,9023642,Property,488574.29,Released
403480,9006498,Property,372969.21,Active
403481,9002356,Vehicle,120746.07,Active
403482,9011392,Property,12108.89,Active
403483,9001732,Vehicle,481116.15,Active
403484,9001238,Equipment,264526.05,Active
403485,9000781,Property,418596.86,Active
403486,9011255,Property,410032.46,Active
403487,9012365,Property,444052.04,Active
403488,9002041,Property,103234.06,Active
403489,9024541,Property,197803.78,Active
403490,9024147,Property,103073.9,Released
403491,9019592,Vehicle,348067.76,Released
403492,9029511,Property,306098.16,Active
403493,9021900,Vehicle,166780.38,Active
403494,9023704,Deposit,63057.79,Active
403495,9003395,Vehicle,119849.63,Released
403496,9027191,Property,280566.87,Active
403497,9001983,Other,406941.69,Active
403498,9011079,Property,105134.48,Active
403499,9029261,Property,440501.72,Active
403500,9018487,Property,162978.88,Active
403501,9024347,Vehicle,445009.23,Active
403502,9021173,Vehicle,144100.77,Active
403503,9005428,Equipment,315299.79,Active
403504,9006098,Gold,187377.5,Active
403505,9011731,Property,449242.25,Released
403506,9029564,Property,47511.1,Active
403507,9020141,Equipment,362611.89,Active
403508,9014081,Vehicle,245395.56,Active
403509,9026386,Vehicle,262818.65,Released
403510,9000311,Property,248093.79,Released
403511,9009885,Property,273071.56,Active
403512,9017411,Property,216859.63,Released
403513,9008285,Property,161526.04,Active
403514,9018136,Vehicle,364591.62,Released
403515,9026479,Vehicle,380678.65,Active
403516,9027842,Vehicle,450357.05,Active
403517,9018773,Property,211934.62,Active
403518,9004916,Vehicle,476218.31,Released
403519,9018231,Property,384891.42,Active
403520,9028969,Gold,311058.77,Active
403521,9006160,Equipment,45685.72,Released
403522,9023553,Property,473428.24,Active
403523,9007285,Gold,45792.82,Active
403524,9019999,Gold,254873.34,Active
403525,9002709,Gold,73396.45,Released
403526,9007252,Other,325624.04,Released
403527,9014890,Equipment,457771.04,Active
403528,9025534,Property,77108.86,Active
403529,9021089,Property,408062.41,Active
403530,9007727,Equipment,220333.19,Active
403531,9010294,Vehicle,258228.26,Released
403532,9020923,Property,270940.46,Active
403533,9020103,Property,432478.47,Active
403534,9009677,Equipment,487861.63,Active
403535,9023742,Deposit,411092.56,Active
403536,9023469,Property,197293.28,Active
403537,9014203,Gold,284707.87,Active
403538,9019619,Gold,156905.44,Released
403539,9018275,Vehicle,211829.33,Released
403540,9007709,Other,379795.87,Released
403541,9011566,Deposit,475920.31,Active
403542,9002946,Property,111406.41,Active
403543,9022571,Vehicle,453801.85,Released
403544,9025307,Property,15997.1,Released
403545,9012987,Property,350112.77,Active
403546,9029686,Gold,294656.2,Active
403547,9003106,Property,450709.15,Active
403548,9021585,Vehicle,386971.34,Released
403549,9000200,Vehicle,298395.43,Active
403550,9018881,Equipment,237677.27,Active
403551,9023803,Property,333946.77,Released
403552,9021928,Vehicle,184224.21,Active
403553,9003712,Other,131202.3,Active
403554,9026689,Vehicle,447858.88,Released
403555,9001039,Gold,191202.78,Active
403556,9017040,Equipment,415984.61,Released
403557,9006597,Property,20211.9,Active
403558,9005680,Property,434715.95,Active
403559,9022912,Property,190274.86,Active
403560,9016023,Deposit,377908.14,Released
403561,9011270,Vehicle,343989.13,Active
403562,9001125,Deposit,361213.08,Active
403563,9016587,Gold,358505.7,Active
403564,9016173,Gold,431057.94,Active
403565,9022303,Vehicle,51864.56,Active
403566,9028007,Other,83749.44,Active
403567,9023110,Vehicle,446258.98,Active
403568,9004580,Vehicle,273758.03,Released
403569,9012586,Equipment,439518.24,Released
403570,9013042,Vehicle,44937.77,Released
403571,9007386,Property,207266.84,Active
403572,9000179,Property,423801.93,Active
403573,9020279,Equipment,487191.33,Active
403574,9023306,Vehicle,110410.96,Active
403575,9017845,Equipment,39988.4,Released
403576,9013639,Equipment,355461.01,Active
403577,9016759,Deposit,325867.17,Released
403578,9022967,Vehicle,263754.9,Active
403579,9021485,Property,14141.41,Active
403580,9024748,Vehicle,291597.13,Released
403581,9002615,Vehicle,363424.13,Released
403582,9020402,Property,151331.07,Released
403583,9002661,Property,288011.12,Active
403584,9018478,Property,24501.8,Active
403585,9012861,Vehicle,364813.66,Active
403586,9013629,Property,327850.14,Active
403587,9029602,Equipment,126253.8,Active
403588,9020407,Deposit,401451.67,Active
403589,9027636,Vehicle,8146.56,Active
403590,9024267,Property,437512.3,Active
403591,9022793,Gold,9086.0,Active
403592,9007136,Property,490975.2,Active
403593,9007566,Other,43509.08,Active
403594,9010095,Vehicle,231337.87,Released
403595,9001695,Equipment,219814.63,Active
403596,9008929,Property,43549.95,Released
403597,9009410,Property,200038.88,Active
403598,9020441,Property,205023.9,Released
403599,9017777,Property,409347.76,Active
403600,9011475,Property,455446.52,Active
403601,9012314,Property,401629.96,Active
403602,9022842,Property,272710.06,Released
403603,9023670,Vehicle,115483.06,Active
403604,9025777,Property,188513.17,Active
403605,9025391,Property,132653.0,Active
403606,9016734,Equipment,37711.23,Active
403607,9023266,Property,436062.07,Released
403608,9015602,Gold,193827.37,Active
403609,9019975,Equipment,191181.76,Released
403610,9000886,Property,155884.16,Active
403611,9016533,Equipment,58816.63,Active
403612,9007700,Property,348548.01,Active
403613,9011513,Property,312849.07,Active
403614,9006049,Property,13927.28,Released
403615,9009829,Gold,67305.63,Released
403616,9012205,Property,476534.82,Active
403617,9004462,Equipment,316745.72,Active
403618,9012055,Property,185955.07,Active
403619,9015570,Property,312233.79,Active
403620,9029677,Property,455819.05,Released
403621,9011017,Other,81551.2,Released
403622,9014575,Deposit,486707.49,Active
403623,9023673,Vehicle,174318.06,Released
403624,9002215,Deposit,84969.31,Released
403625,9009548,Vehicle,86192.66,Active
403626,9009510,Equipment,80893.14,Released
403627,9013664,Property,409237.15,Active
403628,9017104,Property,156354.5,Active
403629,9001641,Gold,258163.38,Active
403630,9025210,Vehicle,113168.23,Released
403631,9027890,Equipment,109405.44,Active
403632,9000110,Vehicle,381845.36,Active
403633,9019174,Other,424435.84,Released
403634,9025529,Property,381001.5,Active
403635,9011089,Property,296973.05,Released
403636,9016359,Equipment,378935.48,Active
403637,9020018,Property,245024.58,Active
403638,9016629,Property,497995.45,Active
403639,9000958,Gold,482424.5,Released
403640,9021124,Vehicle,193971.36,Active
403641,9004235,Vehicle,401127.32,Released
403642,9017617,Property,337352.42,Active
403643,9010747,Property,123267.84,Active
403644,9019933,Property,359393.15,Active
403645,9014745,Vehicle,324893.28,Active
403646,9018332,Equipment,326997.75,Active
403647,9019669,Property,23283.32,Released
403648,9019543,Property,142134.0,Released
403649,9010382,Property,53561.29,Active
403650,9003268,Vehicle,398412.41,Active
403651,9010201,Vehicle,50960.27,Released
403652,9010070,Vehicle,107725.66,Active
403653,9005480,Vehicle,214654.39,Released
403654,9029094,Property,246247.46,Released
403655,9004874,Vehicle,333068.5,Active
403656,9023702,Other,235861.24,Active
403657,9008461,Vehicle,21310.22,Active
403658,9026566,Gold,239684.77,Released
403659,9008522,Gold,363641.89,Active
403660,9005919,Property,95121.76,Active
403661,9003125,Vehicle,58181.89,Active
403662,9009393,Vehicle,294579.27,Active
403663,9008882,Equipment,490862.99,Active
403664,9003786,Property,197740.64,Active
403665,9008075,Property,149362.68,Active
403666,9027087,Gold,282910.83,Active
403667,9029364,Property,144284.24,Released
403668,9011329,Property,300440.47,Active
403669,9000431,Vehicle,219832.05,Active
403670,9001451,Property,355701.92,Active
403671,9002073,Gold,184489.76,Released
403672,9001783,Property,114863.78,Active
403673,9024899,Property,351711.69,Active
403674,9000142,Property,457596.19,Active
403675,9025121,Deposit,247590.36,Active
403676,9026255,Vehicle,97522.46,Active
403677,9023339,Property,330224.21,Active
403678,9014391,Property,370339.17,Active
403679,9008317,Gold,242527.02,Active
403680,9014603,Deposit,249027.07,Active
403681,9002891,Property,414572.07,Released
403682,9017518,Equipment,142413.94,Active
403683,9009731,Equipment,355384.73,Active
403684,9008780,Deposit,334125.8,Released
403685,9002708,Vehicle,496022.58,Active
403686,9028348,Gold,304474.0,Active
403687,9025888,Vehicle,298122.75,Released
403688,9011331,Property,204293.94,Active
403689,9022719,Vehicle,213116.11,Active
403690,9009115,Vehicle,273313.09,Active
403691,9015918,Deposit,12850.45,Active
403692,9012475,Equipment,476222.53,Active
403693,9022458,Vehicle,201767.35,Active
403694,9024980,Property,75613.2,Active
403695,9014677,Gold,310468.57,Active
403696,9027576,Deposit,367877.08,Active
403697,9023113,Vehicle,238295.07,Active
403698,9004073,Gold,109121.95,Active
403699,9028263,Vehicle,352634.74,Active
403700,9010312,Property,85961.52,Active
403701,9018816,Gold,241897.12,Active
403702,9012520,Property,488046.91,Active
403703,9020382,Deposit,329251.03,Active
403704,9015963,Deposit,322869.36,Active
403705,9018150,Vehicle,416176.77,Released
403706,9009480,Property,39237.95,Active
403707,9009044,Property,157790.95,Released
403708,9002106,Gold,161572.25,Active
403709,9003740,Vehicle,288114.15,Released
403710,9012885,Property,67897.56,Released
403711,9025881,Gold,307736.98,Active
403712,9005753,Vehicle,198204.25,Active
403713,9013380,Vehicle,290893.18,Released
403714,9020902,Other,305773.11,Released
403715,9003816,Vehicle,140196.23,Released
403716,9019224,Equipment,493345.46,Released
403717,9022688,Property,147390.07,Active
403718,9016069,Property,42472.04,Active
403719,9007578,Vehicle,128017.77,Released
403720,9029101,Deposit,162779.4,Released
403721,9012249,Vehicle,198254.47,Active
403722,9023067,Gold,436036.78,Released
403723,9021203,Property,397842.65,Active
403724,9021987,Vehicle,8886.03,Active
403725,9027361,Property,211772.18,Active
403726,9011782,Property,20323.0,Released
403727,9018694,Deposit,366878.69,Active
403728,9023194,Property,433764.75,Active
403729,9017722,Property,342697.12,Active
403730,9011347,Property,317643.83,Released
403731,9019986,Vehicle,395855.17,Active
403732,9000023,Deposit,281765.87,Active
403733,9010903,Vehicle,448324.59,Released
403734,9013733,Property,115234.65,Active
403735,9006219,Gold,298029.88,Active
403736,9010759,Gold,209721.23,Released
403737,9015794,Other,343961.06,Active
403738,9026842,Property,173607.87,Active
403739,9018997,Property,216850.89,Active
403740,9014988,Property,375683.38,Released
403741,9021884,Equipment,51844.77,Active
403742,9017535,Gold,39072.57,Active
403743,9017311,Gold,223100.51,Released
403744,9026424,Property,357255.36,Released
403745,9012375,Deposit,69364.27,Released
403746,9018717,Vehicle,269557.92,Released
403747,9017913,Equipment,217296.95,Active
403748,9000366,Deposit,18100.26,Active
403749,9020431,Equipment,308111.61,Active
403750,9019549,Vehicle,160276.55,Released
403751,9021653,Gold,153896.86,Active
403752,9002183,Property,137843.54,Active
403753,9019112,Equipment,424188.24,Active
403754,9011706,Deposit,5832.17,Active
403755,9001716,Property,54436.76,Released
403756,9006577,Property,325389.27,Active
403757,9014746,Vehicle,302089.98,Active
403758,9029783,Vehicle,127400.08,Active
403759,9028040,Property,245894.96,Active
403760,9001142,Vehicle,315402.8,Released
403761,9015062,Property,260492.29,Active
403762,9016528,Vehicle,338782.85,Active
403763,9007591,Equipment,121269.25,Active
403764,9027444,Property,50538.44,Active
403765,9027405,Deposit,242566.29,Released
403766,9005698,Property,49294.41,Released
403767,9028316,Vehicle,385528.65,Active
403768,9013132,Property,206422.45,Active
403769,9001111,Vehicle,384746.56,Released
403770,9027336,Property,495126.78,Active
403771,9025482,Vehicle,161419.85,Active
403772,9014916,Vehicle,361792.46,Released
403773,9008159,Property,120308.24,Active
403774,9003431,Property,302682.98,Active
403775,9028129,Property,71883.72,Active
403776,9018604,Gold,149649.55,Active
403777,9006628,Vehicle,41903.6,Active
403778,9027693,Gold,271693.98,Active
403779,9015399,Vehicle,109434.13,Active
403780,9024246,Property,464849.95,Released
403781,9011815,Property,359687.61,Active
403782,9021469,Property,362647.1,Released
403783,9019386,Vehicle,165827.67,Active
403784,9011525,Vehicle,270806.92,Released
403785,9015578,Deposit,419527.26,Active
403786,9012796,Vehicle,280655.47,Active
403787,9020774,Property,249057.0,Active
403788,9025498,Property,361755.37,Released
403789,9015784,Property,109194.5,Released
403790,9009915,Property,188877.59,Released
403791,9009018,Gold,28128.39,Active
403792,9013211,Property,81951.11,Released
403793,9024789,Vehicle,338565.95,Active
403794,9020770,Gold,381445.66,Active
403795,9015424,Vehicle,236552.28,Released
403796,9016030,Property,460013.28,Released
403797,9004802,Property,26603.41,Active
403798,9004048,Property,164445.5,Active
403799,9013618,Equipment,250122.73,Active
403800,9020339,Vehicle,404466.5,Active
403801,9014223,Vehicle,147086.19,Active
403802,9025200,Equipment,28035.57,Released
403803,9026560,Vehicle,226532.07,Active
403804,9020017,Vehicle,61786.15,Released
403805,9015850,Vehicle,16424.57,Active
403806,9010663,Other,139412.1,Released
403807,9013630,Gold,136968.95,Released
403808,9009195,Property,422268.73,Released
403809,9008015,Vehicle,139715.09,Active
403810,9008103,Property,184455.82,Active
403811,9021623,Property,320209.12,Released
403812,9011771,Property,303282.59,Active
403813,9012101,Gold,287059.53,Released
403814,9013462,Vehicle,386983.35,Released
403815,9001530,Property,347197.26,Active
403816,9012072,Vehicle,12624.0,Released
403817,9013408,Property,28736.75,Active
403818,9001403,Vehicle,53379.33,Active
403819,9007796,Deposit,17210.74,Active
403820,9022779,Gold,172606.3,Active
403821,9016641,Property,379547.88,Active
403822,9015376,Property,433996.45,Released
403823,9002536,Gold,247840.87,Released
403824,9023465,Vehicle,298785.61,Active
403825,9005533,Vehicle,421646.71,Active
403826,9001328,Vehicle,424840.04,Released
403827,9008938,Property,155336.11,Released
403828,9010152,Vehicle,299914.37,Active
403829,9001468,Deposit,465774.47,Active
403830,9003723,Gold,167052.72,Released
403831,9023790,Property,384402.22,Released
403832,9022163,Property,379887.42,Active
403833,9029924,Vehicle,453864.43,Released
403834,9002129,Vehicle,180492.1,Active
403835,9003838,Other,297295.6,Active
403836,9026572,Equipment,84419.6,Active
403837,9003706,Vehicle,251636.48,Released
403838,9025217,Property,233409.38,Active
403839,9005425,Deposit,273765.86,Active
403840,9000233,Vehicle,170978.31,Active
403841,9022495,Vehicle,47192.37,Active
403842,9026736,Vehicle,484279.28,Released
403843,9000748,Property,25440.05,Active
403844,9028611,Deposit,373778.3,Released
403845,9024878,Property,11540.84,Active
403846,9022165,Property,68227.51,Active
403847,9007637,Gold,275047.42,Active
403848,9016509,Equipment,261347.95,Released
403849,9011307,Equipment,331162.94,Active
403850,9026956,Property,188328.33,Active
403851,9006712,Equipment,10215.97,Released
403852,9014699,Property,176770.26,Active
403853,9001907,Deposit,300963.59,Active
403854,9021311,Property,257250.43,Released
403855,9009325,Vehicle,47015.33,Released
403856,9012004,Property,424778.24,Active
403857,9009295,Deposit,432336.33,Released
403858,9027078,Vehicle,341086.66,Active
403859,9006650,Equipment,478958.23,Released
403860,9026342,Gold,76500.84,Released
403861,9003970,Equipment,94787.41,Active
403862,9010295,Vehicle,325222.84,Active
403863,9005446,Deposit,119462.4,Active
403864,9005111,Equipment,170566.86,Active
403865,9023602,Property,205902.85,Released
403866,9010714,Deposit,150922.35,Active
403867,9013981,Property,57217.26,Released
403868,9015640,Property,256694.37,Active
403869,9003521,Vehicle,221826.12,Active
403870,9005069,Vehicle,394507.76,Active
403871,9019909,Property,24228.85,Released
403872,9006069,Deposit,260419.84,Active
403873,9014674,Vehicle,402176.37,Active
403874,9008839,Vehicle,398939.68,Active
403875,9016870,Vehicle,365648.7,Released
403876,9008846,Property,144596.72,Active
403877,9029333,Property,61110.61,Active
403878,9001676,Property,264317.05,Active
403879,9028823,Vehicle,7655.52,Active
403880,9018290,Vehicle,372599.35,Active
403881,9000985,Vehicle,329189.24,Released
403882,9013091,Property,307918.61,Released
403883,9017240,Property,19249.71,Active
403884,9023046,Vehicle,313686.88,Active
403885,9027990,Property,212416.23,Active
403886,9029239,Property,67408.22,Released
403887,9012068,Property,56166.42,Released
403888,9028819,Gold,344340.12,Active
403889,9010612,Vehicle,426393.61,Active
403890,9020721,Property,444230.57,Active
403891,9016147,Property,299907.91,Released
403892,9023280,Property,336877.99,Active
403893,9009745,Property,110896.43,Active
403894,9025337,Property,306017.72,Released
403895,9027843,Equipment,335559.65,Active
403896,9012412,Vehicle,239368.63,Active
403897,9028061,Deposit,440633.15,Active
403898,9024704,Vehicle,403914.17,Active
403899,9026885,Property,52714.88,Released
403900,9019387,Vehicle,62454.82,Released
403901,9001307,Property,238354.38,Active
403902,9021352,Property,109236.56,Active
403903,9001734,Deposit,407120.3,Active
403904,9028490,Vehicle,254661.25,Active
403905,9022390,Property,69517.41,Active
403906,9014704,Property,12090.78,Released
403907,9001709,Deposit,352650.5,Active
403908,9002028,Deposit,172129.16,Released
403909,9014168,Vehicle,41900.87,Active
403910,9021025,Vehicle,437088.71,Active
403911,9017457,Gold,340422.3,Active
403912,9020796,Vehicle,72714.94,Active
403913,9007175,Property,283462.92,Active
403914,9019887,Vehicle,137964.21,Released
403915,9015052,Property,188068.15,Active
403916,9001254,Property,437559.33,Released
403917,9015803,Vehicle,40413.98,Released
403918,9004081,Property,274529.59,Active
403919,9009549,Property,388719.12,Active
403920,9016502,Vehicle,476819.27,Active
403921,9018515,Gold,255090.09,Active
403922,9007937,Deposit,215773.59,Active
403923,9027068,Equipment,317878.13,Active
403924,9013101,Property,361182.58,Active
403925,9001206,Property,421359.42,Active
403926,9002217,Vehicle,88366.67,Active
403927,9003435,Property,182094.92,Active
403928,9028811,Vehicle,496723.28,Active
403929,9009390,Vehicle,396393.1,Active
403930,9020834,Property,154976.38,Active
403931,9009454,Property,391747.45,Released
403932,9027089,Vehicle,477837.33,Released
403933,9025877,Property,492361.46,Released
403934,9029200,Property,85040.71,Active
403935,9025191,Vehicle,397851.29,Released
403936,9000168,Deposit,29616.95,Active
403937,9000051,Other,258472.82,Released
403938,9026090,Vehicle,438798.55,Active
403939,9001722,Equipment,19925.09,Active
403940,9027795,Property,21141.47,Active
403941,9016862,Vehicle,409957.67,Active
403942,9003852,Gold,366607.8,Active
403943,9002899,Property,11263.17,Active
403944,9007327,Property,389794.47,Active
403945,9006619,Gold,286139.39,Active
403946,9018340,Equipment,268256.25,Active
403947,9008134,Property,407356.24,Active
403948,9000064,Property,159965.6,Active
403949,9001870,Property,321606.32,Active
403950,9001324,Vehicle,418161.18,Released
403951,9022880,Deposit,90759.51,Active
403952,9002177,Vehicle,478444.49,Released
403953,9020052,Property,244568.57,Released
403954,9019672,Gold,116829.86,Released
403955,9015161,Property,242859.7,Active
403956,9009980,Property,309633.2,Active
403957,9025948,Property,102154.02,Active
403958,9018201,Gold,8377.21,Active
403959,9006406,Property,77867.48,Released
403960,9026071,Property,22333.87,Active
403961,9009045,Vehicle,209360.38,Active
403962,9008863,Vehicle,274744.42,Released
403963,9008393,Vehicle,366337.34,Released
403964,9025956,Deposit,70862.3,Active
403965,9008344,Gold,448166.79,Released
403966,9022612,Vehicle,81288.86,Active
403967,9000426,Property,318758.28,Active
403968,9021739,Property,246924.51,Released
403969,9004393,Vehicle,40478.06,Active
403970,9026498,Other,81558.97,Released
403971,9016565,Deposit,489688.73,Released
403972,9016263,Vehicle,50060.16,Released
403973,9017451,Gold,287825.63,Active
403974,9009206,Property,269979.17,Released
403975,9007256,Vehicle,33991.76,Active
403976,9012738,Vehicle,115232.61,Active
403977,9007368,Property,91598.49,Active
403978,9026319,Vehicle,460030.67,Released
403979,9003920,Property,52259.55,Active
403980,9006197,Property,273611.58,Active
403981,9015552,Vehicle,323635.73,Active
403982,9015678,Vehicle,207175.88,Active
403983,9019837,Vehicle,236513.0,Active
403984,9000081,Vehicle,407723.05,Active
403985,9028720,Vehicle,293874.7,Active
403986,9016895,Vehicle,465124.99,Released
403987,9007909,Property,23805.48,Released
403988,9024169,Deposit,482826.55,Released
403989,9024146,Property,479006.19,Released
403990,9017498,Property,179299.89,Active
403991,9029097,Property,454283.21,Active
403992,9009882,Vehicle,330173.0,Released
403993,9021273,Vehicle,54831.45,Active
403994,9015926,Deposit,296735.89,Active
403995,9013930,Property,137743.66,Active
403996,9009382,Property,125494.92,Active
403997,9013143,Property,11462.57,Active
403998,9005596,Vehicle,363501.48,Active
403999,9005403,Property,145853.01,Active
404000,9009693,Property,465244.48,Active
404001,9014727,Property,28922.24,Active
404002,9027758,Property,427333.08,Active
404003,9028722,Property,47600.3,Active
404004,9000007,Deposit,135630.19,Released
404005,9006268,Equipment,157492.77,Active
404006,9007284,Property,348516.98,Released
404007,9021580,Deposit,104051.27,Released
404008,9001582,Property,237822.85,Active
404009,9018883,Property,178627.01,Active
404010,9023324,Property,374231.63,Active
404011,9016616,Property,319036.77,Active
404012,9021093,Deposit,68388.31,Active
404013,9024393,Property,64169.96,Active
404014,9014755,Property,313377.24,Active
404015,9001953,Vehicle,263222.73,Active
404016,9018692,Property,390770.78,Active
404017,9017218,Property,38692.89,Active
404018,9024827,Property,498556.89,Active
404019,9024370,Deposit,374719.49,Active
404020,9011769,Equipment,471990.55,Released
404021,9021417,Property,353206.92,Active
404022,9029715,Vehicle,26986.64,Released
404023,9003235,Gold,375141.81,Active
404024,9009071,Vehicle,124096.62,Released
404025,9024951,Property,147395.47,Active
404026,9012628,Vehicle,318350.75,Active
404027,9002334,Gold,294367.47,Active
404028,9018254,Gold,481250.56,Active
404029,9028378,Other,9734.12,Active
404030,9029127,Vehicle,349697.44,Released
404031,9013671,Vehicle,466612.44,Active
404032,9004396,Property,85538.52,Active
404033,9022017,Property,319912.33,Released
404034,9013464,Vehicle,477863.01,Active
404035,9026578,Gold,239512.27,Released
404036,9014430,Vehicle,18132.25,Active
404037,9019773,Property,113548.2,Active
404038,9002347,Other,297429.83,Active
404039,9002322,Deposit,460010.92,Active
404040,9023854,Deposit,215008.34,Active
404041,9013839,Deposit,123157.27,Released
404042,9027656,Deposit,85393.08,Active
404043,9011462,Property,497534.49,Released
404044,9025126,Property,230322.12,Active
404045,9025199,Vehicle,385638.51,Released
404046,9026024,Property,463216.99,Active
404047,9013085,Other,340918.77,Released
404048,9027486,Equipment,497117.39,Released
404049,9005001,Property,124326.23,Active
404050,9012669,Vehicle,352138.75,Released
404051,9005615,Vehicle,188465.88,Active
404052,9015898,Vehicle,423900.16,Active
404053,9017682,Vehicle,252079.99,Released
404054,9027599,Property,212686.88,Released
404055,9007287,Deposit,8767.41,Released
404056,9018244,Property,229194.72,Released
404057,9017686,Property,436784.46,Active
404058,9015402,Gold,452762.17,Active
404059,9008484,Property,110393.22,Released
404060,9024094,Vehicle,211270.84,Active
404061,9023918,Vehicle,233571.67,Active
404062,9022222,Property,202328.98,Active
404063,9022697,Equipment,336430.71,Active
404064,9027889,Equipment,137432.16,Active
404065,9016363,Other,157757.87,Active
404066,9005689,Vehicle,392874.44,Active
404067,9025421,Vehicle,441711.72,Released
404068,9002374,Property,7072.1,Active
404069,9019362,Property,419293.45,Released
404070,9017259,Property,268018.01,Active
404071,9017476,Gold,284494.99,Active
404072,9017624,Vehicle,186802.71,Active
404073,9011814,Property,202548.32,Active
404074,9026866,Other,200836.28,Active
404075,9010284,Property,170769.94,Active
404076,9028215,Equipment,479240.86,Released
404077,9012950,Deposit,72629.19,Released
404078,9023005,Vehicle,123903.56,Active
404079,9023124,Other,395937.52,Released
404080,9014324,Property,172044.11,Active
404081,9004321,Deposit,111441.88,Active
404082,9012393,Property,164117.25,Active
404083,9013150,Vehicle,476503.11,Active
404084,9019448,Vehicle,20722.48,Active
404085,9010501,Gold,29212.64,Active
404086,9012208,Vehicle,405572.83,Active
404087,9029206,Vehicle,24387.72,Active
404088,9001950,Vehicle,199890.1,Active
404089,9016127,Property,110006.22,Active
404090,9003965,Property,205407.66,Active
404091,9013131,Vehicle,57101.11,Released
404092,9000160,Property,193999.66,Active
404093,9003331,Property,273835.41,Active
404094,9009209,Property,376273.39,Released
404095,9000183,Deposit,213256.01,Active
404096,9026585,Property,249958.35,Active
404097,9008192,Vehicle,62665.85,Active
404098,9029446,Property,299916.71,Active
404099,9014032,Property,229201.93,Released
404100,9007916,Vehicle,116182.55,Active
404101,9021386,Vehicle,230154.26,Released
404102,9027031,Property,222131.25,Released
404103,9001216,Vehicle,458049.01,Active
404104,9023277,Property,390299.8,Active
404105,9005027,Vehicle,435077.49,Active
404106,9028231,Property,428623.93,Active
404107,9000470,Vehicle,408252.2,Active
404108,9011437,Property,49042.92,Active
404109,9011088,Property,74521.58,Released
404110,9009146,Property,150489.68,Active
404111,9011443,Property,430269.92,Released
404112,9020308,Property,177698.04,Active
404113,9012027,Gold,343926.71,Active
404114,9027205,Vehicle,128272.54,Active
404115,9010180,Other,460254.18,Active
404116,9007650,Vehicle,304022.08,Active
404117,9025627,Property,284436.21,Active
404118,9000079,Equipment,356261.99,Active
404119,9024626,Vehicle,123537.34,Active
404120,9011044,Equipment,459871.44,Active
404121,9010795,Property,326951.17,Active
404122,9013776,Vehicle,42873.36,Released
404123,9018622,Property,275585.93,Released
404124,9024721,Property,258930.27,Active
404125,9029265,Vehicle,268734.02,Released
404126,9009178,Gold,439879.14,Active
404127,9016915,Property,154126.59,Active
404128,9002786,Equipment,54497.79,Released
404129,9013650,Deposit,194344.4,Active
404130,9006705,Deposit,498612.45,Released
404131,9000508,Deposit,480784.56,Released
404132,9025697,Property,442915.1,Released
404133,9017745,Property,9522.35,Active
404134,9025358,Vehicle,82578.54,Active
404135,9004675,Gold,331851.8,Released
404136,9018926,Property,71882.78,Released
404137,9011746,Property,334529.48,Released
404138,9007317,Gold,187704.96,Released
404139,9027944,Property,318458.04,Active
404140,9007037,Property,472146.98,Released
404141,9004354,Property,284061.43,Active
404142,9009241,Equipment,238966.57,Released
404143,9019207,Gold,251452.49,Active
404144,9018423,Property,224871.47,Active
404145,9004774,Other,471334.02,Released
404146,9017049,Gold,265237.83,Active
404147,9011778,Property,412264.14,Active
404148,9023518,Other,454004.64,Released
404149,9025044,Property,226176.11,Active
404150,9001407,Property,422084.95,Active
404151,9024101,Vehicle,379817.79,Active
404152,9003029,Gold,126849.22,Released
404153,9010814,Equipment,231619.26,Active
404154,9012671,Deposit,206544.86,Active
404155,9027401,Property,72176.17,Released
404156,9010172,Gold,272860.11,Active
404157,9012675,Property,331851.25,Active
404158,9020210,Vehicle,164003.48,Released
404159,9016281,Property,366421.4,Active
404160,9006113,Equipment,321089.15,Released
404161,9010347,Vehicle,163206.98,Active
404162,9017019,Gold,18881.17,Released
404163,9009868,Deposit,194348.04,Active
404164,9021339,Property,475686.15,Released
404165,9015418,Property,337061.47,Released
404166,9010013,Property,374964.99,Released
404167,9017891,Equipment,101307.48,Released
404168,9007964,Property,189751.24,Active
404169,9019643,Property,233064.43,Active
404170,9015792,Property,257823.88,Released
404171,9001672,Equipment,400162.32,Active
404172,9018041,Vehicle,437337.08,Active
404173,9006459,Vehicle,88078.78,Active
404174,9000002,Other,435106.5,Released
404175,9024241,Equipment,454464.31,Active
404176,9003285,Gold,433299.3,Active
404177,9019198,Gold,223866.82,Active
404178,9005234,Equipment,101380.73,Active
404179,9005623,Deposit,208830.94,Active
404180,9023000,Property,30917.07,Released
404181,9001785,Vehicle,196255.25,Released
404182,9001092,Vehicle,254622.1,Released
404183,9002014,Vehicle,494296.23,Active
404184,9023658,Equipment,332227.66,Released
404185,9024417,Vehicle,91448.57,Active
404186,9027528,Gold,76272.62,Active
404187,9003919,Deposit,45956.3,Released
404188,9017333,Deposit,64446.84,Active
404189,9027820,Property,88359.77,Active
404190,9029195,Property,17942.64,Active
404191,9004789,Gold,482709.97,Active
404192,9023074,Vehicle,233468.32,Active
404193,9000214,Other,328036.99,Active
404194,9004222,Vehicle,411181.34,Released
404195,9029634,Vehicle,81726.0,Active
404196,9001117,Property,99373.71,Active
404197,9006916,Property,144435.53,Released
404198,9023107,Property,320403.09,Active
404199,9027059,Property,275754.93,Active
404200,9022631,Deposit,132032.95,Released
404201,9008251,Property,79194.37,Active
404202,9003228,Property,179004.39,Active
404203,9009575,Vehicle,366893.46,Active
404204,9022586,Gold,12029.28,Active
404205,9017466,Deposit,158151.89,Active
404206,9029685,Property,166495.46,Released
404207,9027237,Property,293029.75,Released
404208,9010907,Property,213915.78,Active
404209,9003144,Gold,323864.77,Active
404210,9015781,Deposit,462198.24,Active
404211,9005567,Vehicle,164379.58,Active
404212,9011127,Property,489592.99,Active
404213,9005433,Vehicle,179217.25,Released
404214,9003898,Equipment,234962.82,Released
404215,9009563,Deposit,139446.63,Active
404216,9001646,Deposit,243040.99,Active
404217,9009040,Vehicle,40771.54,Active
404218,9025475,Property,94019.55,Active
404219,9018863,Vehicle,336895.96,Active
404220,9021076,Equipment,32551.59,Active
404221,9021432,Other,146188.98,Released
404222,9010087,Property,102275.95,Released
404223,9023627,Property,453853.86,Active
404224,9008423,Vehicle,189001.99,Released
404225,9006891,Gold,13897.04,Active
404226,9010863,Other,16552.25,Released
404227,9001211,Vehicle,481782.6,Released
404228,9019586,Vehicle,493112.62,Active
404229,9027863,Property,460712.86,Active
404230,9017512,Vehicle,34883.03,Active
404231,9005443,Vehicle,334276.97,Active
404232,9006347,Vehicle,223394.99,Active
404233,9011718,Property,265410.79,Active
404234,9000267,Deposit,292065.19,Active
404235,9008647,Vehicle,426970.61,Active
404236,9008066,Gold,312024.37,Released
404237,9005068,Vehicle,62239.65,Active
404238,9007567,Gold,142223.68,Active
404239,9006161,Other,213668.08,Active
404240,9018354,Property,114026.69,Active
404241,9024545,Property,384511.67,Active
404242,9024929,Vehicle,495844.74,Released
404243,9025924,Vehicle,7151.92,Active
404244,9024637,Property,280334.52,Released
404245,9005121,Property,128012.24,Active
404246,9008825,Vehicle,33212.59,Active
404247,9017250,Property,403356.81,Released
404248,9021178,Gold,124582.3,Released
404249,9008999,Deposit,330413.25,Released
404250,9002807,Gold,375343.78,Active
404251,9021905,Vehicle,126514.35,Active
404252,9021736,Property,239466.25,Active
404253,9005562,Vehicle,453066.99,Released
404254,9008486,Property,311496.41,Released
404255,9008333,Property,263643.29,Active
404256,9027248,Property,422754.51,Active
404257,9028798,Property,251909.92,Active
404258,9010394,Property,135800.8,Active
404259,9026465,Property,54603.91,Active
404260,9019399,Vehicle,377800.52,Active
404261,9006713,Property,476441.96,Released
404262,9006730,Vehicle,468496.73,Active
404263,9011484,Vehicle,238078.61,Active
404264,9027967,Property,343153.08,Active
404265,9011423,Property,359101.14,Released
404266,9021329,Deposit,191060.5,Released
404267,9008471,Vehicle,493247.38,Active
404268,9021009,Property,254184.55,Released
404269,9002540,Property,318446.36,Active
404270,9025317,Gold,463425.3,Active
404271,9011924,Property,258071.75,Active
404272,9000377,Vehicle,223701.8,Active
404273,9013789,Equipment,347603.21,Active
404274,9022789,Property,310252.05,Active
404275,9007969,Property,452251.96,Active
404276,9019301,Deposit,268253.18,Active
404277,9003223,Property,77210.76,Released
404278,9005413,Deposit,438628.39,Active
404279,9027255,Property,397728.9,Released
404280,9016825,Gold,100153.38,Active
404281,9020778,Vehicle,206808.53,Released
404282,9003015,Property,453372.92,Active
404283,9018393,Gold,385239.72,Active
404284,9003918,Equipment,86963.75,Active
404285,9006971,Deposit,289230.17,Active
404286,9021573,Gold,477909.77,Released
404287,9010306,Vehicle,327533.33,Released
404288,9005042,Property,161501.91,Active
404289,9013062,Vehicle,139668.31,Active
404290,9024507,Vehicle,460237.82,Active
404291,9018361,Other,432111.77,Released
404292,9022065,Deposit,414956.17,Active
404293,9006423,Property,467150.64,Active
404294,9006371,Property,50167.69,Released
404295,9017649,Vehicle,231983.23,Active
404296,9015858,Vehicle,77654.74,Released
404297,9013268,Vehicle,481906.39,Active
404298,9028156,Property,51904.75,Active
404299,9026617,Gold,119063.84,Active
404300,9025845,Property,194905.89,Active
404301,9026358,Property,119336.92,Released
404302,9015169,Property,103184.24,Active
404303,9004021,Property,327077.45,Active
404304,9001585,Vehicle,217555.44,Active
404305,9001038,Equipment,317845.37,Active
404306,9003682,Other,444714.18,Active
404307,9019165,Vehicle,337637.99,Active
404308,9027290,Deposit,447676.58,Released
404309,9007576,Property,60520.25,Active
404310,9015967,Gold,178392.38,Active
404311,9014236,Equipment,76409.89,Released
404312,9001230,Equipment,150255.73,Active
404313,9001257,Vehicle,170962.01,Active
404314,9020113,Property,445983.08,Active
404315,9011327,Property,98490.5,Active
404316,9020488,Property,365965.19,Active
404317,9019483,Vehicle,359288.77,Released
404318,9017977,Vehicle,15480.28,Released
404319,9013993,Property,168934.57,Active
404320,9018151,Vehicle,100290.77,Released
404321,9014123,Other,49855.13,Active
404322,9011117,Vehicle,431198.41,Active
404323,9002618,Equipment,243534.49,Active
404324,9001724,Gold,270888.79,Active
404325,9008561,Property,173295.6,Active
404326,9004204,Vehicle,174489.76,Released
404327,9005088,Vehicle,478336.58,Active
404328,9018714,Gold,463280.37,Active
404329,9000681,Property,266126.26,Released
404330,9016882,Deposit,22685.78,Released
404331,9002869,Vehicle,274155.55,Released
404332,9021639,Gold,168796.08,Active
404333,9028964,Vehicle,251574.37,Active
404334,9028333,Equipment,117624.34,Active
404335,9025443,Other,314546.62,Active
404336,9015394,Property,25383.31,Released
404337,9026402,Gold,266322.93,Active
404338,9004651,Property,172355.05,Active
404339,9010766,Property,78840.29,Active
404340,9014504,Property,466999.88,Active
404341,9004571,Property,10688.1,Active
404342,9017815,Gold,167901.12,Active
404343,9011189,Other,88183.29,Active
404344,9012648,Equipment,137425.49,Active
404345,9024339,Vehicle,186508.16,Active
404346,9017646,Property,34594.6,Active
404347,9019232,Vehicle,353811.49,Active
404348,9021742,Vehicle,32333.57,Released
404349,9015427,Property,182931.62,Active
404350,9007594,Vehicle,377193.64,Active
404351,9001685,Property,431859.44,Active
404352,9002927,Property,321016.03,Released
404353,9025892,Vehicle,84284.73,Active
404354,9004152,Property,90747.85,Released
404355,9018561,Equipment,139911.24,Released
404356,9017820,Property,77679.1,Released
404357,9023227,Property,480208.67,Active
404358,9029891,Deposit,52544.43,Active
404359,9013942,Property,229883.02,Active
404360,9028299,Property,333410.72,Active
404361,9014791,Deposit,449988.85,Active
404362,9014648,Property,421016.06,Released
404363,9005496,Gold,258334.97,Released
404364,9025785,Vehicle,13653.83,Active
404365,9002188,Property,40561.15,Active
404366,9000842,Equipment,172259.66,Active
404367,9002586,Equipment,300070.29,Active
404368,9010700,Property,433734.43,Released
404369,9027909,Vehicle,192711.2,Released
404370,9011341,Property,350279.61,Active
404371,9016832,Property,455404.49,Active
404372,9002980,Deposit,300536.38,Released
404373,9000725,Property,329284.83,Active
404374,9012890,Vehicle,83450.69,Active
404375,9009055,Property,372271.62,Active
404376,9005890,Property,227923.99,Active
404377,9022663,Equipment,471415.85,Released
404378,9003485,Gold,86726.41,Active
404379,9016973,Vehicle,444718.07,Released
404380,9016085,Property,300701.23,Released
404381,9016765,Other,427515.63,Active
404382,9001911,Property,131736.59,Released
404383,9000558,Property,300513.37,Active
404384,9005845,Other,129634.96,Released
404385,9020232,Property,86340.22,Released
404386,9006858,Gold,107282.08,Released
404387,9026147,Deposit,11671.99,Active
404388,9021744,Property,442278.49,Released
404389,9028166,Deposit,98317.32,Active
404390,9022066,Property,347593.91,Released
404391,9008715,Vehicle,24424.63,Active
404392,9022988,Property,369172.03,Released
404393,9019266,Property,471474.98,Active
404394,9005990,Property,298727.52,Released
404395,9015841,Gold,448544.89,Released
404396,9016077,Vehicle,184806.27,Released
404397,9021959,Deposit,382852.31,Active
404398,9025977,Other,496406.49,Active
404399,9002099,Property,15166.64,Released
404400,9026675,Property,496499.7,Active
404401,9029785,Equipment,165340.5,Active
404402,9012981,Vehicle,270883.88,Released
404403,9016949,Vehicle,250008.5,Active
404404,9026881,Vehicle,325083.34,Active
404405,9014935,Property,266287.06,Released
404406,9028856,Equipment,475102.62,Active
404407,9029501,Property,181487.19,Released
404408,9003218,Deposit,45698.17,Active
404409,9029606,Property,185868.15,Active
404410,9026985,Vehicle,22870.57,Active
404411,9024281,Deposit,144205.78,Active
404412,9000045,Property,425089.66,Active
404413,9018084,Vehicle,291401.73,Active
404414,9007163,Vehicle,148029.12,Active
404415,9008331,Deposit,270224.98,Active
404416,9015355,Deposit,197585.27,Active
404417,9003238,Property,243857.26,Active
404418,9015820,Equipment,423412.57,Released
404419,9004223,Property,293506.36,Active
404420,9023321,Property,289140.26,Active
404421,9016954,Deposit,389528.03,Active
404422,9012196,Vehicle,54392.96,Released
404423,9016163,Deposit,433520.84,Active
404424,9015420,Vehicle,348784.17,Active
404425,9000255,Vehicle,284068.03,Active
404426,9000144,Vehicle,106869.45,Active
404427,9006617,Property,201908.54,Active
404428,9025862,Other,335514.63,Active
404429,9003875,Property,184483.18,Released
404430,9000305,Other,287277.63,Active
404431,9026322,Property,127432.28,Released
404432,9025825,Property,395241.95,Released
404433,9002858,Vehicle,94072.58,Released
404434,9019611,Deposit,26909.7,Active
404435,9000829,Equipment,390669.85,Active
404436,9009551,Equipment,176354.87,Active
404437,9008782,Property,333355.64,Released
404438,9023683,Vehicle,81268.04,Active
404439,9023082,Vehicle,265394.73,Active
404440,9022506,Property,149774.38,Active
404441,9004530,Equipment,396275.73,Released
404442,9025992,Property,393093.14,Active
404443,9003516,Vehicle,441357.92,Active
404444,9029676,Property,304615.09,Active
404445,9016680,Equipment,177350.92,Active
404446,9026902,Property,181365.13,Active
404447,9025614,Other,433708.87,Released
404448,9028511,Property,263830.72,Active
404449,9004318,Property,56872.4,Released
404450,9027873,Property,489700.17,Active
404451,9000444,Vehicle,139993.48,Released
404452,9002385,Other,237214.49,Active
404453,9011933,Equipment,495211.49,Released
404454,9019648,Property,354429.23,Active
404455,9016906,Vehicle,378502.93,Released
404456,9002108,Property,366991.11,Released
404457,9016048,Vehicle,92670.38,Released
404458,9008298,Gold,379864.37,Active
404459,9018549,Property,308790.04,Active
404460,9020664,Property,137689.36,Active
404461,9022953,Property,247899.42,Released
404462,9024790,Property,259587.22,Active
404463,9023883,Property,127630.49,Active
404464,9016638,Property,369704.73,Released
404465,9006290,Property,418412.3,Active
404466,9000832,Equipment,269737.68,Active
404467,9022149,Vehicle,349026.31,Released
404468,9008408,Gold,376370.41,Active
404469,9000647,Property,92129.82,Active
404470,9017951,Property,486816.52,Active
404471,9018446,Vehicle,188079.73,Active
404472,9025990,Vehicle,339793.48,Active
404473,9021726,Property,339913.38,Active
404474,9019570,Gold,233340.23,Active
404475,9003135,Deposit,13324.06,Released
404476,9025776,Vehicle,214383.46,Released
404477,9025856,Gold,217473.36,Active
404478,9023983,Deposit,239177.29,Released
404479,9017008,Vehicle,351284.55,Active
404480,9013472,Property,274334.02,Released
404481,9017701,Vehicle,413245.87,Active
404482,9026432,Vehicle,112290.95,Active
404483,9013233,Vehicle,441766.33,Released
404484,9021189,Gold,223698.03,Released
404485,9021405,Gold,403577.81,Released
404486,9024960,Gold,260802.15,Active
404487,9007473,Gold,32243.61,Active
404488,9022191,Gold,258561.03,Active
404489,9018116,Equipment,462942.23,Active
404490,9024796,Property,437005.92,Active
404491,9028115,Property,174115.64,Active
404492,9001419,Vehicle,208088.12,Released
404493,9019488,Property,151036.65,Active
404494,9022483,Equipment,149399.67,Active
404495,9007701,Property,114567.77,Released
404496,9023011,Property,367588.16,Released
404497,9024514,Vehicle,115419.3,Released
404498,9024456,Gold,170692.91,Active
404499,9025508,Equipment,84065.43,Active
404500,9029083,Vehicle,11094.31,Active
404501,9021209,Property,176277.38,Active
404502,9025151,Deposit,354564.61,Active
404503,9009210,Vehicle,178530.52,Active
404504,9018109,Property,236328.56,Released
404505,9016834,Property,358909.65,Active
404506,9027496,Gold,14438.93,Released
404507,9002492,Vehicle,449144.22,Active
404508,9017574,Vehicle,277002.65,Active
404509,9007630,Gold,243882.67,Active
404510,9024526,Vehicle,429366.63,Active
404511,9006773,Vehicle,384518.88,Active
404512,9016579,Gold,397117.59,Active
404513,9006633,Deposit,136498.64,Active
404514,9006348,Vehicle,335147.8,Active
404515,9005624,Property,326783.71,Active
404516,9024966,Property,448738.63,Released
404517,9022744,Vehicle,177374.79,Released
404518,9014779,Property,381842.55,Active
404519,9025771,Vehicle,403835.88,Released
404520,9025786,Other,485469.52,Released
404521,9026061,Property,202933.93,Active
404522,9005326,Vehicle,254681.22,Active
404523,9009451,Property,435826.54,Active
404524,9016237,Vehicle,91872.73,Active
404525,9026766,Property,427143.84,Active
404526,9006311,Other,416467.93,Active
404527,9004457,Property,498096.04,Released
404528,9013766,Gold,392129.81,Active
404529,9012559,Property,179981.58,Released
404530,9014819,Property,411847.52,Released
404531,9022985,Vehicle,415551.56,Released
404532,9002996,Gold,235663.98,Released
404533,9018815,Other,427643.69,Released
404534,9000205,Property,367241.4,Released
404535,9015755,Vehicle,97012.89,Released
404536,9013763,Deposit,254262.27,Active
404537,9028568,Vehicle,53596.84,Active
404538,9027502,Other,11870.82,Active
404539,9008778,Equipment,230515.19,Active
404540,9026752,Equipment,219182.02,Active
404541,9016151,Property,386559.02,Active
404542,9000753,Gold,212692.77,Active
404543,9011206,Property,391922.38,Active
404544,9007856,Property,314175.17,Active
404545,9014409,Vehicle,8622.84,Active
404546,9013846,Vehicle,192756.17,Active
404547,9005010,Other,451172.9,Active
404548,9012008,Property,44530.27,Active
404549,9013582,Vehicle,235889.53,Active
404550,9028238,Property,168004.7,Active
404551,9013595,Equipment,213080.35,Released
404552,9024569,Vehicle,436825.78,Released
404553,9011907,Property,258897.25,Released
404554,9022442,Deposit,182609.93,Active
404555,9003148,Property,42953.85,Active
404556,9002016,Property,256780.51,Released
404557,9012818,Property,63137.11,Active
404558,9016845,Equipment,227613.43,Active
404559,9015127,Property,250194.38,Active
404560,9010608,Vehicle,351312.9,Active
404561,9024515,Equipment,243370.22,Active
404562,9023294,Property,228527.07,Active
404563,9002711,Property,219688.74,Active
404564,9013096,Other,336752.7,Active
404565,9018843,Property,187084.47,Active
404566,9004416,Vehicle,407662.2,Released
404567,9020507,Equipment,198533.94,Active
404568,9028892,Equipment,199221.57,Active
404569,9005151,Property,330631.77,Active
404570,9007168,Equipment,340333.85,Active
404571,9025466,Equipment,486275.05,Active
404572,9008468,Property,270176.15,Released
404573,9004814,Property,306262.53,Active
404574,9006444,Property,92319.86,Active
404575,9003801,Property,271236.53,Released
404576,9020517,Property,86170.21,Released
404577,9025083,Vehicle,251678.41,Active
404578,9009279,Property,257676.37,Active
404579,9018860,Vehicle,216447.7,Released
404580,9018928,Property,268684.1,Released
404581,9017448,Property,274158.77,Released
404582,9005652,Gold,85506.39,Active
404583,9019317,Deposit,115298.59,Released
404584,9013332,Vehicle,174913.14,Released
404585,9017059,Property,184068.7,Active
404586,9021180,Other,470182.91,Released
404587,9019568,Vehicle,227090.27,Active
404588,9020062,Property,149157.2,Released
404589,9013047,Property,340811.17,Released
404590,9015182,Other,38518.07,Active
404591,9019063,Gold,441814.04,Released
404592,9015181,Vehicle,371603.15,Released
404593,9029131,Equipment,139313.01,Released
404594,9006158,Vehicle,88169.58,Released
404595,9004944,Property,185923.12,Active
404596,9013048,Vehicle,247925.59,Released
404597,9006283,Property,46995.76,Active
404598,9007893,Equipment,412427.35,Released
404599,9009318,Vehicle,412473.16,Active
404600,9017886,Deposit,263391.67,Active
404601,9014384,Vehicle,133771.0,Active
404602,9026633,Equipment,161167.96,Active
404603,9022930,Vehicle,340845.76,Active
404604,9019715,Property,189163.29,Active
404605,9027560,Gold,468998.75,Active
404606,9012640,Vehicle,114052.27,Released
404607,9003633,Other,152983.3,Active
404608,9008277,Deposit,44604.83,Released
404609,9005926,Gold,475821.86,Released
404610,9010635,Deposit,95822.94,Released
404611,9024678,Property,248316.93,Active
404612,9016893,Property,141009.98,Active
404613,9016889,Vehicle,433241.27,Active
404614,9023328,Gold,339501.38,Released
404615,9022035,Property,194155.69,Active
404616,9009584,Vehicle,481946.02,Active
404617,9004636,Other,100347.02,Active
404618,9022102,Property,462128.63,Active
404619,9017987,Vehicle,386883.83,Released
404620,9026294,Property,116220.56,Active
404621,9009012,Property,351330.69,Active
404622,9022173,Property,138906.74,Released
404623,9008553,Vehicle,307207.81,Released
404624,9019420,Property,472055.66,Active
404625,9009839,Property,169253.99,Active
404626,9000870,Property,8679.1,Active
404627,9021776,Vehicle,98891.03,Released
404628,9029065,Property,462912.91,Active
404629,9001122,Gold,141146.89,Active
404630,9009302,Property,310765.9,Active
404631,9009089,Property,449145.36,Active
404632,9017792,Equipment,13781.41,Active
404633,9011576,Vehicle,10328.42,Active
404634,9027705,Deposit,6982.11,Active
404635,9026359,Property,396897.69,Active
404636,9004959,Property,281623.88,Active
404637,9011735,Vehicle,55657.59,Active
404638,9027219,Vehicle,470938.05,Active
404639,9027549,Property,261635.04,Active
404640,9001988,Property,348139.95,Released
404641,9019372,Property,229226.0,Active
404642,9018912,Vehicle,197495.44,Active
404643,9001212,Property,319976.27,Active
404644,9014911,Vehicle,253781.1,Active
404645,9009775,Vehicle,321322.62,Active
404646,9008250,Vehicle,419858.57,Released
404647,9029751,Property,312146.04,Active
404648,9023686,Vehicle,277200.71,Active
404649,9003639,Other,75645.27,Active
404650,9000965,Vehicle,241291.35,Released
404651,9005594,Property,83599.28,Active
404652,9009580,Gold,30457.59,Active
404653,9000670,Property,422333.47,Active
404654,9008697,Equipment,461255.46,Active
404655,9009450,Equipment,407268.45,Active
404656,9013310,Property,404348.97,Active
404657,9014317,Property,118538.52,Active
404658,9002460,Deposit,107643.12,Active
404659,9021903,Deposit,306775.0,Released
404660,9014450,Gold,237583.41,Active
404661,9017603,Vehicle,214960.43,Active
404662,9002938,Vehicle,271830.71,Released
404663,9009471,Deposit,354397.9,Active
404664,9013948,Property,79882.48,Active
404665,9026315,Property,417839.52,Active
404666,9012508,Property,498556.22,Active
404667,9002468,Gold,167857.7,Active
404668,9004664,Vehicle,286136.14,Active
404669,9024967,Gold,13679.14,Active
404670,9016604,Vehicle,161082.34,Active
404671,9001208,Property,476257.0,Active
404672,9002052,Equipment,208156.18,Released
404673,9006408,Gold,82430.13,Released
404674,9024516,Equipment,86386.39,Active
404675,9022318,Gold,287924.84,Active
404676,9025320,Equipment,8290.87,Released
404677,9015886,Vehicle,59025.96,Active
404678,9024290,Equipment,24342.93,Active
404679,9019644,Property,468432.91,Active
404680,9028898,Property,16764.38,Active
404681,9021410,Gold,202504.3,Active
404682,9016589,Equipment,264318.01,Active
404683,9028519,Gold,289188.75,Released
404684,9020474,Deposit,335680.11,Active
404685,9006236,Vehicle,303883.54,Active
404686,9024163,Property,103263.6,Released
404687,9016582,Property,92271.26,Active
404688,9015857,Property,388415.82,Active
404689,9001607,Vehicle,114211.35,Released
404690,9011055,Vehicle,479958.24,Active
404691,9026328,Equipment,497567.5,Active
404692,9004033,Property,105867.98,Active
404693,9009394,Equipment,493529.23,Released
404694,9017167,Property,248561.41,Active
404695,9003258,Other,423760.92,Active
404696,9029605,Property,75589.41,Active
404697,9015373,Vehicle,428909.65,Released
404698,9023936,Property,486262.67,Active
404699,9009043,Equipment,88537.82,Active
404700,9016197,Deposit,292296.2,Released
404701,9018353,Vehicle,64604.3,Active
404702,9015664,Property,335571.35,Active
404703,9017925,Property,154649.34,Released
404704,9023711,Property,85476.74,Released
404705,9006329,Gold,18844.4,Active
404706,9024793,Property,41315.39,Active
404707,9000360,Vehicle,312477.54,Active
404708,9009367,Property,134098.4,Released
404709,9026761,Equipment,454662.99,Active
404710,9025622,Property,82784.04,Active
404711,9001819,Vehicle,311391.51,Released
404712,9014048,Vehicle,155296.32,Active
404713,9009339,Equipment,160333.55,Released
404714,9000614,Other,395970.43,Active
404715,9023076,Property,26796.08,Active
404716,9006887,Property,125503.15,Released
404717,9004694,Vehicle,433380.05,Active
404718,9005583,Other,254794.89,Active
404719,9008268,Property,112430.58,Active
404720,9022329,Gold,273070.58,Released
404721,9008421,Equipment,336429.12,Released
404722,9014781,Property,28326.12,Active
404723,9024125,Vehicle,21658.55,Active
404724,9006748,Gold,289191.95,Active
404725,9026413,Property,235612.08,Released
404726,9007879,Gold,131440.95,Released
404727,9022375,Vehicle,397643.49,Active
404728,9014570,Vehicle,339977.74,Released
404729,9004296,Gold,437777.29,Active
404730,9000116,Property,21824.6,Active
404731,9003652,Gold,65401.71,Active
404732,9020795,Vehicle,216570.63,Active
404733,9029108,Property,112190.92,Active
404734,9006460,Property,102346.53,Released
404735,9023851,Vehicle,485837.38,Active
404736,9028041,Property,74947.28,Active
404737,9007938,Equipment,210543.64,Active
404738,9028957,Property,278646.68,Released
404739,9000342,Property,389215.69,Active
404740,9005875,Vehicle,338042.87,Active
404741,9006155,Deposit,312217.03,Released
404742,9023766,Vehicle,472629.35,Active
404743,9027670,Property,149906.72,Released
404744,9006221,Equipment,44430.78,Active
404745,9012381,Property,127763.13,Released
404746,9004408,Vehicle,138817.35,Active
404747,9022824,Property,81252.81,Released
404748,9020104,Vehicle,264753.71,Released
404749,9005869,Property,122522.36,Active
404750,9005049,Property,473559.08,Released
404751,9008129,Vehicle,27268.82,Released
404752,9020080,Vehicle,350314.45,Active
404753,9013049,Property,405364.69,Active
404754,9020948,Property,455023.6,Active
404755,9006063,Deposit,353001.17,Released
404756,9025947,Equipment,26225.51,Released
404757,9007135,Other,18232.02,Active
404758,9015241,Vehicle,209436.11,Active
404759,9016520,Property,429762.73,Released
404760,9024432,Other,7352.57,Active
404761,9011767,Property,62254.11,Active
404762,9024798,Property,429275.75,Released
404763,9026997,Equipment,316478.98,Active
404764,9024511,Property,217020.99,Active
404765,9028842,Vehicle,150268.69,Active
404766,9018376,Other,18254.19,Released
404767,9011444,Deposit,12770.9,Released
404768,9027499,Property,343810.91,Active
404769,9016715,Deposit,490825.4,Released
404770,9013906,Property,249093.8,Active
404771,9004586,Other,60752.84,Active
404772,9003555,Property,376228.95,Active
404773,9000658,Other,166117.0,Released
404774,9021439,Equipment,207877.11,Active
404775,9001711,Vehicle,369163.7,Active
404776,9013613,Property,455158.44,Released
404777,9020511,Gold,313196.61,Released
404778,9020757,Property,473120.28,Released
404779,9004637,Deposit,372336.16,Released
404780,9009350,Gold,470207.0,Active
404781,9028671,Equipment,356754.82,Active
404782,9014221,Property,269686.59,Released
404783,9003746,Deposit,47642.69,Active
404784,9019305,Property,157211.26,Active
404785,9020645,Gold,492462.82,Released
404786,9006849,Equipment,81708.06,Active
404787,9013978,Vehicle,124857.59,Active
404788,9019366,Property,288294.79,Active
404789,9027613,Vehicle,333152.51,Released
404790,9015188,Deposit,395798.95,Released
404791,9008080,Property,118484.13,Active
404792,9027242,Property,406630.29,Active
404793,9020746,Equipment,39257.5,Released
404794,9024443,Property,50140.88,Active
404795,9001014,Vehicle,58047.89,Active
404796,9004687,Vehicle,482400.3,Active
404797,9014973,Property,180529.68,Released
404798,9003460,Equipment,110440.55,Active
404799,9029263,Equipment,215283.26,Released
404800,9006131,Other,170822.68,Active
404801,9015867,Vehicle,334822.46,Active
404802,9008614,Vehicle,153188.9,Released
404803,9024957,Equipment,387165.24,Released
404804,9020515,Property,47910.28,Active
404805,9013081,Property,66144.71,Active
404806,9016511,Gold,404406.13,Released
404807,9015693,Property,245493.72,Active
404808,9020233,Property,277933.23,Released
404809,9029558,Equipment,138974.86,Active
404810,9018889,Vehicle,499818.18,Active
404811,9000959,Vehicle,216984.64,Active
404812,9011514,Vehicle,297685.27,Released
404813,9012099,Equipment,209270.76,Active
404814,9015901,Property,284198.86,Active
404815,9026055,Gold,403742.43,Active
404816,9013509,Vehicle,494198.59,Active
404817,9022463,Property,474058.37,Active
404818,9001543,Vehicle,6155.82,Released
404819,9027434,Property,34253.63,Released
404820,9029915,Other,280078.64,Released
404821,9025702,Property,165985.6,Active
404822,9009850,Property,320712.05,Active
404823,9004772,Gold,26616.66,Active
404824,9024226,Property,59023.81,Released
404825,9011871,Vehicle,182768.1,Active
404826,9010097,Vehicle,305334.54,Released
404827,9009570,Gold,28345.06,Active
404828,9022138,Vehicle,288987.28,Active
404829,9022922,Property,478029.07,Active
404830,9015929,Property,472725.09,Released
404831,9002375,Property,410720.26,Active
404832,9029180,Gold,349129.6,Active
404833,9012210,Property,332466.18,Released
404834,9021881,Gold,486302.47,Released
404835,9018417,Property,255240.97,Active
404836,9027906,Property,144719.12,Released
404837,9020023,Deposit,359744.58,Active
404838,9011374,Vehicle,262251.78,Active
404839,9016688,Property,11868.02,Released
404840,9029319,Deposit,486460.13,Active
404841,9005205,Equipment,101155.81,Active
404842,9003085,Deposit,145607.06,Released
404843,9028406,Property,247308.26,Active
404844,9020027,Gold,95759.75,Released
404845,9001415,Property,249510.29,Active
404846,9013817,Other,197740.15,Active
404847,9009110,Equipment,130653.09,Active
404848,9025725,Equipment,411246.55,Active
404849,9007531,Gold,423745.89,Released
404850,9008802,Vehicle,58308.99,Released
404851,9002556,Property,440057.26,Active
404852,9017418,Property,158655.6,Active
404853,9023928,Property,121484.62,Active
404854,9004097,Vehicle,175893.97,Released
404855,9007962,Property,356622.85,Active
404856,9010525,Property,98137.36,Released
404857,9027084,Gold,168145.85,Released
404858,9026682,Other,307864.5,Released
404859,9014647,Property,135811.8,Released
404860,9020981,Other,117028.76,Active
404861,9002203,Property,362865.9,Active
404862,9019757,Property,28895.84,Active
404863,9016073,Property,438123.48,Released
404864,9007552,Vehicle,440104.19,Released
404865,9003804,Vehicle,210351.81,Released
404866,9023706,Other,285989.35,Released
404867,9029358,Deposit,23857.62,Active
404868,9001321,Vehicle,429379.54,Active
404869,9008431,Gold,252840.99,Active
404870,9029302,Vehicle,460974.4,Active
404871,9009284,Property,391832.82,Active
404872,9010341,Gold,190037.22,Active
404873,9025984,Property,16081.52,Released
404874,9020628,Vehicle,29281.93,Active
404875,9023815,Property,74676.6,Active
404876,9025684,Vehicle,340486.42,Active
404877,9024580,Deposit,290466.47,Active
404878,9023480,Property,389989.62,Active
404879,9009301,Vehicle,295228.44,Released
404880,9018108,Vehicle,172339.05,Active
404881,9011958,Equipment,113113.82,Active
404882,9029198,Deposit,249258.38,Active
404883,9025347,Property,389716.86,Released
404884,9005720,Other,60157.12,Active
404885,9016317,Other,242982.07,Released
404886,9009557,Equipment,169313.93,Active
404887,9004889,Property,144612.12,Active
404888,9011819,Property,370760.47,Released
404889,9027930,Vehicle,272907.53,Active
404890,9028915,Deposit,31712.18,Active
404891,9029713,Vehicle,402363.5,Active
404892,9011616,Other,236039.21,Active
404893,9007984,Equipment,122668.58,Active
404894,9029698,Property,315815.4,Active
404895,9029527,Property,394460.6,Active
404896,9014175,Property,95144.66,Active
404897,9026181,Gold,208073.78,Active
404898,9025870,Equipment,438242.48,Released
404899,9003150,Property,496794.25,Active
404900,9008391,Equipment,431720.1,Active
404901,9014171,Property,287426.78,Active
404902,9009015,Property,253932.51,Released
404903,9021455,Vehicle,439113.65,Released
404904,9001253,Deposit,263845.39,Released
404905,9005031,Property,209698.68,Active
404906,9017544,Property,51423.63,Active
404907,9014465,Property,30744.01,Active
404908,9028867,Equipment,167913.88,Active
404909,9013686,Vehicle,252174.09,Active
404910,9006967,Property,438674.0,Active
404911,9016130,Vehicle,497420.52,Released
404912,9019286,Property,199199.39,Released
404913,9023727,Property,58538.94,Active
404914,9014122,Vehicle,270713.18,Active
404915,9025531,Deposit,476110.23,Released
404916,9011067,Other,178798.94,Active
404917,9010033,Vehicle,420791.53,Active
404918,9025951,Property,215377.85,Released
404919,9015348,Property,309893.72,Active
404920,9006302,Deposit,181098.59,Active
404921,9017138,Vehicle,418888.97,Active
404922,9022748,Vehicle,482997.82,Active
404923,9024027,Property,491544.4,Released
404924,9029026,Vehicle,178554.96,Active
404925,9009830,Vehicle,490052.34,Released
404926,9025866,Other,479612.5,Active
404927,9006409,Vehicle,332384.22,Active
404928,9006150,Deposit,469438.23,Active
404929,9002012,Gold,461168.2,Active
404930,9020130,Property,395018.79,Active
404931,9010472,Vehicle,436934.4,Active
404932,9019752,Vehicle,236588.35,Active
404933,9001287,Gold,199439.65,Active
404934,9008117,Property,397514.07,Active
404935,9016664,Property,81485.2,Released
404936,9011148,Property,455287.06,Active
404937,9025219,Vehicle,348597.85,Active
404938,9023200,Other,89898.46,Released
404939,9024302,Vehicle,25647.7,Active
404940,9026112,Vehicle,344068.05,Released
404941,9002532,Property,69065.0,Released
404942,9002968,Property,146659.47,Active
404943,9001562,Vehicle,226086.52,Released
404944,9008995,Property,363450.99,Active
404945,9009225,Vehicle,190904.97,Released
404946,9004101,Property,19884.01,Active
404947,9022871,Vehicle,284877.26,Active
404948,9028944,Gold,173463.73,Active
404949,9007029,Property,429794.78,Released
404950,9026173,Deposit,108088.06,Active
404951,9029769,Deposit,205211.1,Released
404952,9010017,Equipment,339918.88,Released
404953,9023316,Property,253235.36,Active
404954,9021220,Vehicle,350686.39,Released
404955,9015034,Property,389355.11,Active
404956,9029120,Equipment,123682.32,Active
404957,9017776,Property,206378.91,Released
404958,9013617,Property,462139.48,Released
404959,9001280,Property,295894.91,Active
404960,9029307,Vehicle,233503.79,Active
404961,9022171,Vehicle,453869.33,Active
404962,9029356,Deposit,284413.03,Active
404963,9013363,Property,247247.36,Active
404964,9003111,Vehicle,284825.61,Active
404965,9026569,Vehicle,255125.74,Active
404966,9000795,Equipment,175797.74,Active
404967,9017876,Vehicle,273742.61,Active
404968,9029877,Gold,412244.15,Active
404969,9019892,Property,495429.58,Active
404970,9000000,Vehicle,149313.73,Active
404971,9001753,Equipment,29083.21,Active
404972,9004765,Property,173472.75,Active
404973,9015489,Property,376949.63,Active
404974,9024714,Equipment,35415.32,Active
404975,9012983,Deposit,496020.3,Active
404976,9014954,Property,150643.57,Active
404977,9024390,Equipment,259829.38,Active
404978,9003202,Other,205275.32,Active
404979,9009479,Property,214227.05,Active
404980,9004791,Vehicle,262991.9,Active
404981,9007691,Other,254061.42,Released
404982,9027023,Deposit,267809.08,Released
404983,9023544,Property,109629.1,Active
404984,9007778,Vehicle,410649.57,Active
404985,9006183,Property,405380.64,Released
404986,9000663,Property,38558.67,Released
404987,9008115,Property,254397.57,Released
404988,9004669,Property,464854.32,Active
404989,9019981,Vehicle,261595.94,Active
404990,9015494,Property,377103.57,Released
404991,9022131,Property,189725.1,Active
404992,9023773,Property,35209.88,Active
404993,9003365,Gold,129811.17,Active
404994,9010558,Property,298398.59,Active
404995,9015267,Other,221658.46,Released
404996,9025490,Gold,205156.54,Released
404997,9016360,Deposit,35549.9,Released
404998,9009427,Vehicle,50567.85,Active
404999,9020855,Vehicle,114822.61,Active
405000,9014632,Property,218641.81,Active
405001,9015981,Vehicle,159643.01,Released
405002,9002365,Vehicle,384705.61,Active
405003,9001679,Property,130080.95,Released
405004,9021786,Deposit,246722.07,Active
405005,9018844,Vehicle,24866.61,Active
405006,9010037,Property,310257.7,Active
405007,9002305,Gold,26291.61,Active
405008,9029053,Property,83560.13,Active
405009,9025737,Property,185696.1,Active
405010,9013796,Vehicle,345056.16,Active
405011,9000242,Equipment,227102.93,Active
405012,9028136,Gold,28211.21,Active
405013,9010981,Vehicle,442926.3,Released
405014,9003030,Equipment,78771.93,Released
405015,9013863,Property,44831.75,Active
405016,9013237,Property,300908.02,Released
405017,9018162,Equipment,342405.87,Active
405018,9001933,Property,251853.82,Released
405019,9028736,Vehicle,324147.19,Active
405020,9019154,Property,373886.92,Released
405021,9002735,Vehicle,298204.48,Released
405022,9000448,Vehicle,181528.04,Active
405023,9023466,Equipment,473084.03,Active
405024,9010758,Property,478204.19,Active
405025,9016686,Deposit,179887.23,Active
405026,9018764,Vehicle,27224.9,Released
405027,9004609,Vehicle,458210.78,Active
405028,9002218,Vehicle,94854.17,Active
405029,9021494,Gold,470860.97,Released
405030,9019896,Property,191616.71,Active
405031,9029859,Property,390737.58,Active
405032,9024570,Property,351204.98,Active
405033,9009704,Property,426383.36,Released
405034,9029201,Deposit,94745.12,Released
405035,9024901,Property,484266.93,Released
405036,9011582,Other,430109.88,Active
405037,9002939,Vehicle,297378.33,Active
405038,9000703,Vehicle,224701.73,Active
405039,9004402,Property,172059.5,Active
405040,9019342,Vehicle,290462.13,Active
405041,9029330,Equipment,109219.33,Released
405042,9023607,Vehicle,438156.36,Active
405043,9014306,Gold,275898.88,Active
405044,9000146,Property,16099.13,Active
405045,9001470,Property,95892.52,Released
405046,9024706,Property,430918.58,Active
405047,9029732,Deposit,212759.77,Active
405048,9012321,Vehicle,337269.94,Active
405049,9013274,Deposit,109067.12,Released
405050,9016346,Vehicle,185058.49,Active
405051,9023304,Equipment,364992.55,Active
405052,9000027,Deposit,67550.26,Released
405053,9028625,Property,458658.47,Active
405054,9000704,Gold,447768.72,Active
405055,9026433,Vehicle,417288.18,Active
405056,9003543,Other,200437.72,Active
405057,9026353,Property,293222.56,Released
405058,9000997,Vehicle,320123.87,Active
405059,9002326,Property,458718.29,Active
405060,9008605,Equipment,25604.01,Released
405061,9004737,Equipment,474175.19,Active
405062,9010030,Vehicle,415737.3,Active
405063,9000066,Property,412020.86,Active
405064,9006243,Gold,226563.05,Active
405065,9007419,Property,441997.1,Active
405066,9027908,Other,363977.89,Active
405067,9004050,Vehicle,138506.25,Active
405068,9006723,Property,491145.59,Active
405069,9020324,Property,153641.56,Active
405070,9011545,Other,341432.46,Released
405071,9003475,Property,139911.45,Active
405072,9004306,Vehicle,436821.71,Released
405073,9000646,Property,202187.05,Active
405074,9028802,Other,65204.61,Active
405075,9027781,Deposit,32998.37,Released
405076,9001260,Property,110346.57,Active
405077,9005836,Property,426140.24,Active
405078,9011493,Vehicle,76432.73,Active
405079,9020565,Vehicle,5900.62,Active
405080,9018485,Vehicle,111529.62,Active
405081,9021308,Vehicle,411751.38,Active
405082,9010739,Property,492868.64,Active
405083,9019798,Property,143495.32,Active
405084,9010933,Property,149966.11,Active
405085,9003759,Property,183648.93,Released
405086,9025558,Vehicle,94948.23,Active
405087,9026829,Property,327863.82,Active
405088,9026074,Equipment,125032.01,Released
405089,9003540,Property,136557.46,Active
405090,9008301,Property,424947.88,Active
405091,9002574,Property,35352.55,Active
405092,9006062,Deposit,236013.28,Active
405093,9003155,Vehicle,370431.59,Released
405094,9022351,Vehicle,474748.78,Active
405095,9021686,Property,299020.83,Released
405096,9008359,Property,244156.38,Released
405097,9026382,Equipment,130876.68,Active
405098,9013503,Property,156397.67,Active
405099,9024513,Property,82449.86,Active
405100,9000171,Property,43064.61,Active
405101,9003715,Property,25533.52,Active
405102,9026661,Vehicle,434761.8,Active
405103,9019994,Property,340108.41,Active
405104,9026627,Vehicle,12573.55,Active
405105,9022182,Property,487899.88,Active
405106,9001605,Equipment,371554.08,Active
405107,9001960,Equipment,326099.36,Active
405108,9009859,Deposit,372803.26,Active
405109,9014313,Property,131656.63,Released
405110,9015716,Equipment,314583.64,Released
405111,9028977,Gold,443632.5,Active
405112,9006068,Vehicle,148387.44,Released
405113,9016394,Equipment,136236.23,Active
405114,9000687,Property,472723.76,Active
405115,9020559,Vehicle,181858.25,Active
405116,9002680,Property,235232.9,Active
405117,9000138,Vehicle,67648.67,Released
405118,9025442,Other,441046.23,Active
405119,9017484,Property,169115.59,Active
405120,9002607,Vehicle,164451.88,Active
405121,9027333,Other,208535.85,Released
405122,9028551,Vehicle,306349.15,Released
405123,9000049,Property,68098.18,Active
405124,9017030,Property,69448.25,Released
405125,9007664,Vehicle,138650.54,Active
405126,9005657,Vehicle,367004.59,Active
405127,9015517,Gold,401010.77,Released
405128,9014901,Property,85661.91,Active
405129,9026223,Equipment,414108.82,Active
405130,9005394,Property,217711.95,Active
405131,9015628,Equipment,228473.36,Active
405132,9029740,Deposit,332825.17,Released
405133,9006917,Vehicle,245820.08,Active
405134,9028119,Property,398670.59,Released
405135,9016598,Property,224340.24,Active
405136,9014198,Deposit,250804.32,Active
405137,9012277,Deposit,148660.36,Active
405138,9002407,Property,13985.88,Released
405139,9013777,Deposit,255766.76,Active
405140,9028323,Vehicle,366495.26,Released
405141,9011192,Property,90400.96,Active
405142,9012995,Vehicle,225036.24,Released
405143,9025790,Vehicle,361432.64,Active
405144,9028652,Property,178397.01,Active
405145,9010629,Vehicle,150348.59,Active
405146,9017971,Property,25383.41,Active
405147,9006881,Property,122230.6,Released
405148,9010636,Property,187638.58,Active
405149,9023319,Vehicle,101415.24,Active
405150,9010443,Property,145631.95,Active
405151,9027200,Property,228257.62,Active
405152,9023858,Property,209127.99,Active
405153,9022460,Deposit,206694.76,Released
405154,9027710,Deposit,425768.38,Active
405155,9022986,Deposit,198452.88,Released
405156,9003083,Property,351302.26,Active
405157,9009124,Property,199749.17,Active
405158,9006446,Deposit,455720.65,Released
405159,9024640,Property,489112.02,Active
405160,9004216,Property,345646.71,Active
405161,9026820,Equipment,481739.5,Active
405162,9005251,Vehicle,296964.54,Active
405163,9019093,Other,482661.99,Active
405164,9005823,Vehicle,263084.44,Released
405165,9022929,Other,211347.76,Active
405166,9027483,Property,167174.79,Active
405167,9026176,Property,393131.84,Released
405168,9014915,Equipment,36228.35,Active
405169,9013165,Other,57414.65,Active
405170,9012822,Vehicle,355755.08,Active
405171,9029775,Vehicle,353509.99,Active
405172,9005931,Other,269434.12,Active
405173,9014926,Vehicle,43643.69,Active
405174,9003353,Property,342103.53,Active
405175,9029442,Gold,113209.57,Active
405176,9015951,Other,219824.29,Active
405177,9022770,Vehicle,136915.79,Released
405178,9004069,Vehicle,332432.37,Active
405179,9010057,Vehicle,245633.9,Released
405180,9011285,Property,71007.56,Active
405181,9010277,Gold,123937.45,Released
405182,9029672,Property,375369.68,Active
405183,9025507,Gold,197917.78,Active
405184,9018723,Property,245689.21,Active
405185,9005386,Vehicle,300508.48,Active
405186,9026517,Property,373252.84,Active
405187,9002810,Gold,35084.73,Active
405188,9007901,Equipment,368150.32,Active
405189,9005847,Equipment,244983.86,Active
405190,9016922,Deposit,179184.73,Active
405191,9024186,Equipment,119725.09,Active
405192,9002641,Property,107354.88,Released
405193,9014483,Property,412885.93,Released
405194,9029999,Property,164728.62,Active
405195,9005699,Gold,224935.48,Active
405196,9021520,Other,224169.49,Active
405197,9016386,Property,445649.78,Released
405198,9013172,Property,228414.51,Released
405199,9002834,Property,356083.6,Active
405200,9016385,Property,440373.75,Released
405201,9015375,Equipment,50999.29,Active
405202,9023054,Vehicle,113221.47,Active
405203,9013976,Property,99101.8,Active
405204,9009544,Property,154577.53,Released
405205,9000945,Other,271059.22,Active
405206,9020846,Property,184837.82,Released
405207,9002762,Property,362130.61,Active
405208,9021749,Vehicle,42239.92,Active
405209,9001946,Vehicle,411774.26,Active
405210,9025503,Property,496343.78,Released
405211,9020785,Vehicle,135149.6,Active
405212,9008246,Deposit,209830.54,Active
405213,9015892,Property,37077.48,Active
405214,9026712,Vehicle,175779.39,Active
405215,9008223,Property,100188.34,Active
405216,9025575,Vehicle,199743.95,Active
405217,9029642,Property,282939.85,Active
405218,9022507,Property,491566.59,Active
405219,9022245,Other,92317.19,Active
405220,9015367,Deposit,316071.32,Active
405221,9017107,Property,104799.54,Active
405222,9009661,Other,302529.1,Active
405223,9026999,Vehicle,28901.43,Active
405224,9001863,Vehicle,495507.03,Active
405225,9008933,Property,488004.42,Active
405226,9003676,Vehicle,232974.75,Active
405227,9009662,Property,448115.04,Active
405228,9016749,Gold,215296.81,Active
405229,9002956,Property,347347.63,Active
405230,9023169,Vehicle,30978.34,Active
405231,9001425,Gold,322574.75,Active
405232,9020455,Vehicle,457935.67,Active
405233,9018203,Vehicle,280409.34,Active
405234,9017827,Vehicle,433177.81,Active
405235,9001555,Property,421355.06,Active
405236,9004618,Gold,341874.46,Released
405237,9008396,Property,81294.24,Active
405238,9008512,Property,389793.87,Released
405239,9017219,Property,342127.43,Released
405240,9017486,Vehicle,450811.06,Active
405241,9026579,Property,93087.35,Active
405242,9015506,Property,283813.61,Active
405243,9009253,Property,347040.52,Active
405244,9008831,Property,230247.68,Released
405245,9021143,Property,327807.86,Released
405246,9021357,Property,257115.23,Active
405247,9008842,Property,228393.06,Active
405248,9001344,Equipment,347337.82,Active
405249,9002613,Vehicle,280861.45,Active
405250,9014524,Vehicle,331926.75,Active
405251,9019718,Vehicle,92132.75,Active
405252,9028081,Property,252773.16,Active
405253,9012267,Property,260719.8,Active
405254,9025822,Property,434392.15,Released
405255,9023140,Property,47075.73,Released
405256,9011728,Property,5757.13,Released
405257,9012777,Vehicle,190366.74,Active
405258,9028392,Property,55799.29,Active
405259,9012599,Equipment,185444.9,Active
405260,9018668,Property,67785.1,Active
405261,9029739,Vehicle,138708.71,Active
405262,9027437,Deposit,243090.5,Active
405263,9029479,Property,14131.69,Released
405264,9015560,Property,46815.54,Active
405265,9021206,Vehicle,5108.6,Active
405266,9016088,Property,196367.1,Active
405267,9011038,Deposit,499757.52,Active
405268,9000868,Gold,278121.41,Active
405269,9023144,Property,115832.15,Active
405270,9002139,Equipment,88539.17,Active
405271,9008167,Other,160333.12,Active
405272,9008558,Other,193395.88,Active
405273,9012945,Vehicle,130546.65,Active
405274,9019161,Deposit,398838.65,Active
405275,9009732,Gold,356927.24,Active
405276,9017226,Vehicle,389684.63,Active
405277,9008742,Property,191082.18,Released
405278,9025270,Vehicle,484857.53,Active
405279,9028712,Gold,338856.8,Active
405280,9002921,Property,360441.36,Active
405281,9000935,Vehicle,442059.7,Active
405282,9027176,Other,293775.65,Active
405283,9007337,Gold,8734.28,Active
405284,9016252,Property,6175.23,Active
405285,9005164,Vehicle,83819.1,Released
405286,9008773,Property,299614.75,Active
405287,9018825,Property,380223.34,Active
405288,9013521,Property,467555.64,Released
405289,9023149,Gold,65730.7,Active
405290,9002676,Property,11236.81,Active
405291,9025122,Property,122819.17,Released
405292,9005544,Property,28365.61,Active
405293,9008803,Property,173367.74,Released
405294,9016881,Property,469485.4,Active
405295,9007569,Property,221570.28,Active
405296,9029909,Property,63769.72,Active
405297,9004905,Equipment,427507.54,Active
405298,9007245,Equipment,356308.05,Active
405299,9007524,Property,106759.14,Active
405300,9024059,Property,329035.96,Released
405301,9015983,Deposit,297613.19,Active
405302,9011193,Vehicle,135881.26,Released
405303,9021941,Equipment,353743.06,Active
405304,9013297,Property,478087.53,Released
405305,9020203,Vehicle,100836.27,Released
405306,9028758,Property,432611.76,Active
405307,9006718,Deposit,266802.08,Released
405308,9010961,Vehicle,22235.47,Released
405309,9029039,Property,352812.26,Active
405310,9006600,Vehicle,344590.0,Released
405311,9029748,Property,234395.98,Active
405312,9013825,Vehicle,16655.76,Active
405313,9012166,Vehicle,165011.52,Active
405314,9013423,Equipment,143129.67,Active
405315,9014429,Other,122556.12,Active
405316,9012531,Vehicle,256582.56,Active
405317,9028852,Equipment,241995.48,Released
405318,9025287,Vehicle,447407.01,Active
405319,9004466,Equipment,496071.66,Active
405320,9004771,Vehicle,19311.16,Active
405321,9008820,Equipment,236588.48,Released
405322,9010536,Property,255938.11,Active
405323,9021182,Vehicle,329311.78,Active
405324,9011142,Vehicle,490935.52,Active
405325,9004413,Property,416185.22,Active
405326,9007789,Property,230446.52,Active
405327,9014807,Vehicle,445331.29,Released
405328,9028522,Property,332922.1,Active
405329,9009650,Property,52452.48,Active
405330,9001939,Vehicle,43831.64,Active
405331,9026621,Gold,105181.59,Active
405332,9010262,Property,192535.77,Active
405333,9004906,Equipment,132044.33,Active
405334,9027467,Vehicle,263113.53,Released
405335,9007832,Gold,69331.08,Active
405336,9021864,Property,195090.01,Active
405337,9005557,Property,410733.13,Active
405338,9016605,Property,410960.55,Active
405339,9027168,Property,390369.43,Active
405340,9008258,Vehicle,80618.48,Active
405341,9007098,Property,116347.18,Active
405342,9013451,Vehicle,265921.46,Active
405343,9005788,Vehicle,91642.74,Active
405344,9009328,Vehicle,378796.92,Active
405345,9017752,Property,391279.45,Active
405346,9008640,Property,334322.25,Active
405347,9020065,Property,82407.27,Active
405348,9014951,Property,247817.68,Released
405349,9014673,Property,463682.46,Released
405350,9016299,Deposit,91522.56,Active
405351,9004965,Deposit,180847.63,Released
405352,9003824,Vehicle,343932.87,Active
405353,9021261,Property,311121.52,Released
405354,9022660,Deposit,223473.01,Released
405355,9022184,Vehicle,203837.42,Active
405356,9006947,Gold,466583.16,Released
405357,9029654,Property,171145.03,Active
405358,9025648,Gold,389833.92,Active
405359,9006091,Property,48864.06,Released
405360,9022207,Vehicle,375424.09,Active
405361,9010620,Property,333193.65,Active
405362,9015414,Gold,474238.53,Released
405363,9025754,Vehicle,213118.69,Released
405364,9006212,Property,423414.88,Released
405365,9017377,Vehicle,150262.9,Released
405366,9007897,Equipment,316735.61,Released
405367,9025743,Other,318799.94,Active
405368,9027501,Equipment,155810.23,Active
405369,9024117,Equipment,487097.19,Released
405370,9002558,Vehicle,405373.44,Active
405371,9018427,Vehicle,463282.0,Released
405372,9007968,Vehicle,461963.7,Active
405373,9011244,Equipment,33754.45,Active
405374,9002501,Other,359743.89,Active
405375,9014191,Vehicle,187738.19,Released
405376,9025444,Property,53613.85,Active
405377,9006289,Vehicle,372981.1,Active
405378,9016806,Property,96772.94,Released
405379,9010006,Equipment,61024.57,Active
405380,9017497,Deposit,424355.9,Released
405381,9004491,Property,123525.82,Released
405382,9016574,Vehicle,152886.06,Released
405383,9016626,Gold,381022.19,Active
405384,9022211,Vehicle,455562.97,Active
405385,9025285,Property,26261.8,Active
405386,9015371,Property,409050.16,Released
405387,9016337,Vehicle,91837.26,Released
405388,9001737,Deposit,212573.62,Active
405389,9013070,Equipment,336705.92,Active
405390,9008264,Deposit,419866.35,Active
405391,9029282,Property,473931.22,Active
405392,9026376,Vehicle,145682.86,Active
405393,9008475,Vehicle,228661.43,Active
405394,9011574,Property,460728.36,Active
405395,9024695,Property,163213.62,Released
405396,9000893,Equipment,175395.27,Active
405397,9018560,Property,48248.26,Released
405398,9010734,Vehicle,7436.04,Released
405399,9026132,Property,319702.19,Active
405400,9008470,Vehicle,105964.06,Active
405401,9005476,Equipment,428762.68,Released
405402,9000619,Deposit,169861.14,Released
405403,9029268,Property,452990.39,Released
405404,9025879,Vehicle,176985.39,Active
405405,9001616,Property,444040.05,Active
405406,9014469,Vehicle,348763.83,Active
405407,9015947,Equipment,12265.35,Active
405408,9015491,Property,429563.1,Active
405409,9018280,Equipment,403444.98,Active
405410,9021631,Property,308884.19,Active
405411,9021541,Deposit,368725.05,Active
405412,9004363,Other,208307.31,Active
405413,9023145,Equipment,189785.36,Active
405414,9013765,Deposit,193103.4,Active
405415,9016187,Gold,121527.98,Active
405416,9002323,Vehicle,52611.53,Active
405417,9011658,Property,349264.22,Released
405418,9005572,Other,138032.14,Active
405419,9020003,Vehicle,39062.12,Active
405420,9020132,Property,482991.68,Active
405421,9026553,Property,161876.1,Active
405422,9020666,Vehicle,108257.55,Released
405423,9011758,Equipment,303104.05,Released
405424,9029375,Property,328575.36,Active
405425,9017284,Property,433049.3,Active
405426,9001858,Deposit,437183.61,Active
405427,9003880,Property,424056.95,Active
405428,9025278,Gold,430125.4,Active
405429,9020167,Vehicle,76723.95,Released
405430,9011350,Gold,407856.74,Active
405431,9028280,Deposit,73438.32,Active
405432,9019344,Property,446935.76,Active
405433,9024223,Vehicle,431816.91,Released
405434,9003013,Other,256739.87,Active
405435,9001154,Property,226943.17,Active
405436,9016094,Property,293214.7,Active
405437,9014671,Property,458407.22,Active
405438,9008104,Property,456218.5,Released
405439,9026574,Vehicle,497820.72,Active
405440,9011155,Other,491500.89,Released
405441,9000198,Property,80988.8,Active
405442,9027018,Property,272334.44,Released
405443,9002717,Equipment,378400.25,Active
405444,9003413,Property,473984.57,Active
405445,9011111,Property,69112.53,Active
405446,9027004,Gold,381264.69,Released
405447,9002242,Equipment,173735.26,Active
405448,9009545,Deposit,96427.95,Active
405449,9002401,Property,266621.47,Active
405450,9010530,Gold,302995.68,Released
405451,9001755,Deposit,394198.27,Active
405452,9026455,Equipment,156541.0,Active
405453,9026937,Property,25797.78,Released
405454,9003842,Vehicle,106371.91,Active
405455,9004155,Property,350179.34,Active
405456,9012768,Property,299466.33,Active
405457,9029388,Vehicle,411647.37,Released
405458,9029359,Property,210693.94,Active
405459,9000567,Vehicle,314676.01,Active
405460,9010862,Property,257415.1,Active
405461,9026189,Equipment,385750.21,Released
405462,9014728,Property,224121.76,Active
405463,9010596,Vehicle,98284.26,Active
405464,9012410,Other,411134.39,Active
405465,9003578,Property,182550.45,Released
405466,9015435,Property,241911.01,Active
405467,9015942,Property,438346.63,Active
405468,9000801,Property,49835.11,Active
405469,9004348,Property,211350.7,Released
405470,9012278,Vehicle,150892.27,Active
405471,9007925,Vehicle,257568.46,Released
405472,9026187,Vehicle,262847.27,Active
405473,9010791,Property,430313.12,Active
405474,9005131,Property,102789.35,Active
405475,9023250,Vehicle,83550.59,Active
405476,9006234,Deposit,38944.48,Active
405477,9011120,Property,63869.77,Active
405478,9006757,Property,31345.92,Released
405479,9024956,Property,314991.58,Released
405480,9000332,Property,499751.94,Active
405481,9027500,Other,288611.58,Active
405482,9005507,Property,287600.4,Released
405483,9026048,Vehicle,394238.61,Released
405484,9010647,Property,76040.09,Active
405485,9015265,Property,14609.27,Released
405486,9017798,Vehicle,348503.07,Active
405487,9006918,Vehicle,484306.83,Released
405488,9016297,Vehicle,117214.54,Active
405489,9002471,Property,146902.53,Released
405490,9029819,Equipment,466673.32,Active
405491,9009287,Equipment,24331.88,Active
405492,9029071,Gold,396288.6,Active
405493,9007017,Vehicle,314891.31,Active
405494,9019850,Equipment,298778.82,Active
405495,9016203,Equipment,336431.07,Released
405496,9000575,Property,55933.46,Active
405497,9015536,Property,443760.96,Released
405498,9005454,Deposit,492888.33,Active
405499,9003560,Deposit,217792.1,Released
405500,9008891,Equipment,220268.74,Released
405501,9028257,Gold,18949.21,Active
405502,9013409,Property,57100.11,Active
405503,9000852,Vehicle,397322.83,Released
405504,9029434,Property,401080.87,Active
405505,9003608,Property,340203.47,Active
405506,9027057,Property,379555.79,Active
405507,9025644,Property,446806.61,Active
405508,9018562,Gold,164690.86,Active
405509,9009672,Vehicle,129943.38,Active
405510,9007624,Equipment,336572.42,Active
405511,9001878,Gold,25529.55,Active
405512,9029228,Gold,258937.51,Active
405513,9002021,Vehicle,79304.13,Active
405514,9006055,Property,410116.5,Active
405515,9020911,Gold,87674.09,Active
405516,9028497,Property,96006.3,Active
405517,9017607,Deposit,166046.21,Active
405518,9001787,Property,115283.36,Active
405519,9028495,Property,449379.59,Active
405520,9003054,Property,403466.29,Released
405521,9011278,Gold,313354.31,Active
405522,9029346,Gold,476055.5,Active
405523,9019604,Vehicle,459885.23,Active
405524,9017683,Property,336617.05,Released
405525,9019829,Property,12794.94,Active
405526,9018289,Property,260356.34,Active
405527,9009878,Property,471160.82,Active
405528,9014743,Property,319775.85,Released
405529,9012845,Property,89141.39,Active
405530,9026577,Gold,198278.54,Active
405531,9006035,Equipment,379879.07,Active
405532,9018550,Deposit,254749.24,Active
405533,9010047,Vehicle,171627.8,Active
405534,9008409,Deposit,143240.56,Active
405535,9024629,Property,192164.95,Released
405536,9006948,Equipment,15899.97,Released
405537,9011572,Property,18015.73,Active
405538,9004856,Deposit,299704.2,Active
405539,9027239,Equipment,53310.75,Active
405540,9014817,Other,324340.21,Active
405541,9013553,Property,270011.24,Released
405542,9025462,Gold,109085.74,Active
405543,9023740,Vehicle,294537.84,Active
405544,9028463,Property,234405.73,Active
405545,9001804,Vehicle,132121.85,Active
405546,9006987,Property,69247.95,Released
405547,9021892,Vehicle,314974.92,Active
405548,9015586,Property,280153.47,Released
405549,9002773,Gold,377829.19,Active
405550,9023416,Gold,454725.09,Released
405551,9003867,Deposit,370865.32,Released
405552,9006691,Deposit,263842.0,Released
405553,9013925,Vehicle,321751.56,Released
405554,9020843,Property,29717.2,Released
405555,9017165,Property,282334.75,Active
405556,9019968,Vehicle,118253.21,Active
405557,9026777,Property,135437.35,Active
405558,9010377,Vehicle,439732.56,Active
405559,9006873,Property,176064.35,Active
405560,9029790,Property,288046.1,Active
405561,9000012,Property,367914.48,Active
405562,9020169,Property,404498.55,Released
405563,9018579,Deposit,470208.94,Active
405564,9005970,Vehicle,92960.98,Active
405565,9017944,Property,343863.08,Active
405566,9024587,Property,21944.01,Active
405567,9021770,Vehicle,270785.38,Released
405568,9024029,Equipment,89122.43,Active
405569,9014995,Equipment,482277.5,Active
405570,9015569,Deposit,348630.01,Active
405571,9026256,Property,152694.39,Active
405572,9008023,Deposit,17390.62,Active
405573,9023136,Property,102112.84,Active
405574,9024565,Property,442796.7,Active
405575,9009362,Property,168346.84,Active
405576,9023261,Property,486668.5,Active
405577,9023298,Other,436301.04,Active
405578,9018919,Property,160681.49,Released
405579,9008905,Other,481680.35,Active
405580,9027790,Equipment,61671.3,Released
405581,9002074,Property,410647.58,Active
405582,9016336,Property,251086.3,Active
405583,9019674,Property,311295.24,Released
405584,9019348,Property,353249.19,Active
405585,9011533,Gold,154543.87,Active
405586,9028401,Property,312767.17,Released
405587,9001777,Vehicle,490515.26,Active
405588,9006299,Other,183812.4,Active
405589,9015099,Property,69581.51,Released
405590,9013516,Property,230203.73,Released
405591,9023725,Property,437916.35,Active
405592,9024113,Property,219317.87,Active
405593,9026915,Property,448904.55,Released
405594,9011106,Equipment,11335.41,Active
405595,9021688,Property,290783.4,Active
405596,9005712,Gold,260959.85,Active
405597,9022701,Vehicle,328312.29,Released
405598,9001060,Other,37399.07,Released
405599,9026625,Property,386939.96,Active
405600,9027506,Equipment,343609.37,Active
405601,9022046,Gold,371356.52,Active
405602,9003612,Deposit,45407.04,Released
405603,9022761,Property,372006.11,Released
405604,9002772,Property,347436.98,Released
405605,9001116,Equipment,303946.71,Active
405606,9025901,Property,493512.08,Active
405607,9007820,Property,241963.24,Active
405608,9004323,Vehicle,36159.42,Released
405609,9001275,Gold,371893.44,Active
405610,9004046,Deposit,280358.22,Active
405611,9009216,Gold,490504.75,Released
405612,9027393,Property,334124.7,Active
405613,9002781,Vehicle,150060.68,Active
405614,9000971,Vehicle,279394.25,Active
405615,9017321,Property,92878.56,Released
405616,9011284,Gold,371658.17,Released
405617,9018363,Vehicle,219624.29,Active
405618,9012644,Property,462783.06,Released
405619,9000368,Property,317356.88,Active
405620,9005504,Equipment,294133.13,Released
405621,9018781,Property,290542.9,Active
405622,9005407,Deposit,138267.7,Active
405623,9023947,Property,359008.37,Released
405624,9021630,Vehicle,446583.21,Active
405625,9016972,Deposit,52072.95,Active
405626,9003060,Gold,57662.01,Active
405627,9011036,Property,86165.15,Active
405628,9010361,Vehicle,122996.61,Active
405629,9016384,Property,137323.66,Active
405630,9009942,Property,240687.04,Active
405631,9012764,Property,173645.24,Active
405632,9008261,Equipment,51861.68,Active
405633,9018246,Gold,490401.11,Released
405634,9008011,Vehicle,8353.59,Released
405635,9007904,Vehicle,479529.1,Active
405636,9015392,Equipment,379040.06,Released
405637,9012847,Vehicle,493140.31,Active
405638,9016703,Equipment,409905.21,Active
405639,9013645,Property,237860.76,Released
405640,9025401,Vehicle,47226.14,Released
405641,9003772,Property,490365.07,Released
405642,9014573,Equipment,344962.15,Active
405643,9024498,Vehicle,425890.3,Active
405644,9020456,Property,166484.24,Released
405645,9023565,Deposit,483332.19,Released
405646,9005994,Property,227626.8,Released
405647,9004863,Vehicle,413558.3,Active
405648,9008367,Property,289564.64,Active
405649,9019354,Property,72717.07,Active
405650,9005346,Property,102207.64,Active
405651,9019542,Property,439828.33,Released
405652,9029344,Vehicle,197572.56,Active
405653,9006829,Gold,473736.73,Active
405654,9000627,Gold,289790.92,Released
405655,9012243,Property,76449.08,Active
405656,9008358,Property,345932.49,Released
405657,9018903,Property,249484.9,Active
405658,9026124,Property,85536.68,Released
405659,9014929,Property,74483.7,Active
405660,9011441,Vehicle,479732.63,Active
405661,9017608,Property,331276.18,Active
405662,9000982,Vehicle,387477.83,Active
405663,9012530,Other,386166.52,Active
405664,9014267,Equipment,109606.29,Released
405665,9029048,Property,389290.53,Active
405666,9019265,Equipment,102460.58,Active
405667,9007686,Property,151142.99,Released
405668,9022054,Vehicle,460422.26,Active
405669,9008253,Vehicle,45514.56,Released
405670,9001089,Vehicle,158848.31,Released
405671,9007547,Vehicle,383931.3,Active
405672,9011277,Property,359776.83,Released
405673,9023031,Vehicle,321857.77,Active
405674,9009542,Property,87755.45,Active
405675,9015168,Property,427617.47,Active
405676,9002017,Property,77008.91,Released
405677,9020378,Vehicle,143224.88,Released
405678,9001882,Property,46986.77,Active
405679,9009308,Vehicle,439288.59,Released
405680,9029452,Property,72093.78,Active
405681,9011547,Deposit,121844.05,Active
405682,9020609,Property,289410.73,Active
405683,9023165,Vehicle,73866.68,Active
405684,9029015,Property,17739.65,Active
405685,9010723,Deposit,410543.72,Released
405686,9025718,Vehicle,211318.8,Active
405687,9011091,Property,355221.9,Active
405688,9018385,Vehicle,497591.96,Active
405689,9007616,Property,314703.15,Released
405690,9000848,Vehicle,364999.01,Released
405691,9013060,Vehicle,121990.37,Active
405692,9028460,Deposit,251987.19,Released
405693,9019899,Property,491434.5,Active
405694,9018931,Property,245558.76,Released
405695,9027045,Vehicle,487821.39,Active
405696,9026276,Property,428264.04,Active
405697,9003642,Property,295792.49,Active
405698,9026031,Gold,395443.44,Active
405699,9006796,Equipment,372129.32,Active
405700,9026190,Property,220486.9,Released
405701,9008394,Deposit,474223.57,Released
405702,9019465,Equipment,268625.57,Active
405703,9000692,Vehicle,216041.5,Active
405704,9023407,Deposit,115827.3,Active
405705,9004563,Deposit,5764.62,Active
405706,9021855,Vehicle,450587.28,Released
405707,9021558,Equipment,447076.34,Active
405708,9012083,Property,153102.79,Released
405709,9011129,Deposit,119157.11,Active
405710,9009372,Property,212319.9,Active
405711,9019157,Deposit,393636.3,Released
405712,9013767,Equipment,199970.54,Released
405713,9006499,Gold,46107.85,Released
405714,9022124,Vehicle,478043.12,Active
405715,9015184,Equipment,377507.3,Released
405716,9003733,Other,150491.49,Active
405717,9003403,Vehicle,137065.93,Active
405718,9006735,Property,20666.9,Released
405719,9006188,Property,68062.25,Active
405720,9028203,Vehicle,248042.6,Active
405721,9001940,Property,258834.53,Active
405722,9021589,Property,56163.56,Released
405723,9013604,Property,106572.3,Active
405724,9000825,Vehicle,477864.65,Active
405725,9028163,Other,40068.68,Released
405726,9015806,Property,106607.64,Active
405727,9011466,Other,70519.57,Active
405728,9026785,Gold,13813.99,Active
405729,9022542,Vehicle,178848.31,Active
405730,9009433,Property,134570.43,Active
405731,9007345,Equipment,113019.12,Active
405732,9006863,Deposit,147261.62,Active
405733,9018408,Property,54677.8,Released
405734,9027721,Gold,214482.28,Active
405735,9026604,Equipment,168592.95,Active
405736,9001746,Deposit,226768.45,Released
405737,9028097,Vehicle,426613.35,Active
405738,9022402,Vehicle,224234.62,Released
405739,9029073,Equipment,352200.51,Released
405740,9016827,Deposit,186282.7,Active
405741,9015513,Vehicle,104227.07,Active
405742,9015102,Property,231949.15,Active
405743,9008210,Vehicle,118254.79,Active
405744,9011750,Deposit,391814.67,Active
405745,9006648,Property,307240.69,Active
405746,9007200,Gold,354505.63,Released
405747,9007445,Property,240672.15,Active
405748,9002774,Equipment,474240.04,Active
405749,9011309,Vehicle,390296.75,Active
405750,9026935,Property,90641.69,Active
405751,9018943,Vehicle,494911.41,Released
405752,9016234,Property,140665.46,Active
405753,9015674,Vehicle,314714.18,Active
405754,9027284,Property,259519.98,Released
405755,9018189,Property,164402.53,Active
405756,9014633,Property,336526.04,Active
405757,9018283,Equipment,242841.66,Released
405758,9022550,Vehicle,341969.17,Released
405759,9025705,Vehicle,302641.72,Released
405760,9014520,Property,172256.43,Active
405761,9025074,Property,354867.05,Active
405762,9008289,Deposit,490312.83,Released
405763,9019170,Vehicle,367133.77,Released
405764,9007410,Vehicle,479033.85,Released
405765,9016697,Property,323849.13,Released
405766,9016690,Gold,261903.79,Active
405767,9007506,Deposit,487590.27,Released
405768,9005850,Deposit,149102.8,Released
405769,9001314,Gold,23002.3,Released
405770,9024772,Property,234478.06,Active
405771,9000583,Property,301445.31,Released
405772,9028873,Deposit,145834.02,Active
405773,9004544,Deposit,187760.26,Released
405774,9012664,Deposit,69033.52,Released
405775,9010816,Property,56666.05,Released
405776,9009748,Deposit,197151.65,Active
405777,9026428,Gold,63887.26,Released
405778,9012631,Property,499311.22,Active
405779,9019923,Deposit,49584.44,Released
405780,9019526,Deposit,159635.18,Released
405781,9028599,Vehicle,17389.46,Active
405782,9026447,Vehicle,99292.21,Released
405783,9017539,Other,168028.7,Released
405784,9011212,Deposit,21319.91,Active
405785,9019434,Vehicle,427531.13,Active
405786,9024657,Property,174861.78,Active
405787,9027096,Property,473239.21,Released
405788,9007117,Property,471880.23,Released
405789,9023297,Property,170579.43,Active
405790,9001090,Vehicle,343898.22,Active
405791,9012974,Property,305661.92,Released
405792,9007378,Property,107683.9,Released
405793,9017295,Property,42951.85,Active
405794,9011252,Deposit,28300.21,Released
405795,9027802,Deposit,275260.02,Active
405796,9016718,Equipment,351019.12,Active
405797,9018911,Property,20032.58,Active
405798,9012491,Vehicle,236810.76,Active
405799,9017560,Vehicle,49933.51,Active
405800,9025232,Property,32569.6,Active
405801,9001929,Vehicle,380341.4,Active
405802,9022651,Vehicle,357000.04,Active
405803,9002202,Property,372166.99,Active
405804,9006387,Other,215921.14,Active
405805,9023750,Gold,116915.01,Released
405806,9022382,Deposit,433150.7,Active
405807,9027767,Property,28631.96,Active
405808,9029519,Property,317767.22,Active
405809,9013044,Property,365125.36,Active
405810,9002125,Other,132812.81,Active
405811,9014854,Gold,85163.06,Active
405812,9002149,Property,123203.25,Released
405813,9019176,Vehicle,230472.28,Active
405814,9005854,Property,280077.06,Active
405815,9005638,Property,287738.77,Released
405816,9018846,Vehicle,395306.09,Active
405817,9017866,Equipment,352935.4,Active
405818,9006195,Property,354286.4,Released
405819,9029910,Other,137870.83,Active
405820,9023826,Property,464613.44,Active
405821,9002601,Property,325878.19,Active
405822,9023099,Vehicle,283871.84,Released
405823,9008088,Vehicle,346163.22,Active
405824,9002293,Deposit,222998.38,Active
405825,9000369,Property,319822.25,Active
405826,9002276,Gold,201471.75,Active
405827,9004126,Property,254229.78,Active
405828,9022575,Property,464179.7,Active
405829,9013141,Vehicle,410684.12,Released
405830,9005586,Vehicle,33410.77,Active
405831,9022524,Gold,405078.72,Released
405832,9029725,Vehicle,314679.15,Active
405833,9003930,Vehicle,350019.71,Active
405834,9009978,Vehicle,347644.85,Active
405835,9029059,Property,362837.05,Active
405836,9012087,Property,73196.49,Active
405837,9019398,Property,493071.86,Active
405838,9027487,Property,107662.45,Active
405839,9019744,Property,212639.7,Active
405840,9013577,Deposit,96963.91,Released
405841,9010994,Vehicle,243731.08,Active
405842,9004977,Vehicle,73829.63,Released
405843,9007390,Property,76314.62,Released
405844,9003627,Deposit,329341.67,Active
405845,9010537,Vehicle,411492.87,Active
405846,9024817,Property,300530.28,Active
405847,9016145,Deposit,25833.09,Released
405848,9008407,Vehicle,353168.01,Active
405849,9020425,Equipment,309333.57,Active
405850,9028534,Deposit,278261.54,Active
405851,9018410,Vehicle,14285.6,Active
405852,9004857,Deposit,387834.51,Active
405853,9008231,Vehicle,203534.8,Active
405854,9004294,Vehicle,357805.26,Active
405855,9029649,Deposit,176817.14,Released
405856,9015217,Property,424322.74,Released
405857,9028793,Vehicle,137374.51,Active
405858,9007900,Vehicle,70185.58,Active
405859,9003449,Vehicle,295270.37,Active
405860,9024318,Property,14501.86,Active
405861,9012079,Vehicle,19005.68,Active
405862,9021296,Property,425154.1,Active
405863,9005821,Property,281974.42,Active
405864,9019732,Vehicle,138113.65,Active
405865,9015230,Property,16428.19,Released
405866,9009888,Property,363124.61,Active
405867,9005549,Vehicle,425309.58,Released
405868,9004261,Gold,133613.81,Released
405869,9008900,Vehicle,236590.36,Active
405870,9019960,Equipment,150210.68,Active
405871,9000591,Equipment,112717.56,Active
405872,9012546,Property,64391.12,Active
405873,9014876,Property,152761.35,Active
405874,9009787,Vehicle,36785.81,Released
405875,9019544,Equipment,360380.19,Active
405876,9015953,Gold,352630.06,Active
405877,9009895,Property,306283.09,Active
405878,9016733,Property,81424.77,Active
405879,9008370,Gold,22465.05,Active
405880,9014358,Deposit,76337.79,Active
405881,9015017,Vehicle,152141.07,Active
405882,9011214,Property,386803.56,Active
405883,9015357,Property,249809.05,Released
405884,9019614,Property,441322.81,Active
405885,9003807,Vehicle,331681.21,Released
405886,9026448,Gold,276345.41,Active
405887,9028784,Property,312846.89,Active
405888,9021532,Property,324130.9,Released
405889,9027346,Property,364922.48,Active
405890,9012201,Vehicle,259695.08,Active
405891,9025557,Property,466217.35,Released
405892,9016056,Property,190343.95,Released
405893,9022376,Property,73322.79,Released
405894,9022224,Equipment,36475.02,Active
405895,9005412,Gold,98877.52,Released
405896,9008003,Vehicle,357566.5,Active
405897,9004892,Vehicle,244240.7,Released
405898,9007932,Property,46630.06,Released
405899,9025310,Equipment,423216.35,Active
405900,9008012,Property,495133.96,Active
405901,9025059,Vehicle,53768.02,Released
405902,9019454,Vehicle,485281.23,Released
405903,9020852,Property,405685.24,Active
405904,9018137,Property,10370.81,Released
405905,9027072,Equipment,338831.14,Active
405906,9021162,Vehicle,392070.12,Released
405907,9020037,Equipment,138618.81,Active
405908,9022819,Property,487146.73,Active
405909,9025343,Property,250648.23,Released
405910,9027750,Vehicle,18744.4,Active
405911,9009600,Property,455265.35,Active
405912,9023844,Property,201671.35,Released
405913,9014419,Property,59581.9,Released
405914,9025759,Deposit,433449.93,Released
405915,9022881,Vehicle,284340.2,Active
405916,9001273,Vehicle,112584.66,Released
405917,9023549,Property,412297.84,Released
405918,9023443,Equipment,443747.86,Active
405919,9016938,Property,498717.94,Released
405920,9016907,Property,9432.52,Released
405921,9025832,Vehicle,117314.5,Active
405922,9022529,Property,208139.77,Released
405923,9019491,Property,50281.69,Released
405924,9021340,Property,48606.58,Active
405925,9011215,Property,492582.3,Released
405926,9015297,Gold,467659.46,Released
405927,9012576,Vehicle,220621.83,Active
405928,9024842,Gold,344635.35,Active
405929,9025415,Vehicle,22546.1,Active
405930,9024396,Property,469729.26,Active
405931,9008989,Equipment,268409.17,Released
405932,9023231,Property,350812.7,Active
405933,9014086,Property,498064.29,Active
405934,9000259,Vehicle,462827.62,Released
405935,9023823,Property,136987.74,Active
405936,9004047,Property,443664.26,Active
405937,9025055,Property,220798.86,Released
405938,9012539,Vehicle,174583.19,Active
405939,9015909,Deposit,258684.94,Active
405940,9008634,Equipment,33839.69,Active
405941,9014950,Vehicle,195110.71,Active
405942,9006820,Gold,106957.33,Active
405943,9003051,Vehicle,368501.85,Released
405944,9023618,Gold,171705.78,Active
405945,9024862,Vehicle,16716.04,Released
405946,9006246,Vehicle,35584.72,Active
405947,9001320,Property,40208.24,Active
405948,9029215,Property,243308.21,Active
405949,9028249,Property,105971.84,Active
405950,9016376,Property,88966.53,Active
405951,9002434,Other,491834.96,Active
405952,9020710,Property,397672.11,Active
405953,9014484,Deposit,231027.71,Active
405954,9004525,Property,308418.23,Released
405955,9000762,Vehicle,430159.39,Active
405956,9020994,Property,13413.17,Active
405957,9013275,Gold,388915.89,Active
405958,9025365,Other,179958.91,Released
405959,9026581,Vehicle,45251.39,Released
405960,9017393,Property,239619.86,Released
405961,9019427,Vehicle,113745.45,Released
405962,9013549,Vehicle,245048.88,Released
405963,9019168,Property,142317.98,Released
405964,9025398,Equipment,130226.09,Released
405965,9000918,Property,210902.83,Active
405966,9022901,Deposit,159459.6,Active
405967,9000222,Property,249866.18,Active
405968,9011304,Deposit,8749.18,Active
405969,9015752,Property,479322.91,Released
405970,9003417,Property,491333.73,Active
405971,9021079,Vehicle,28197.83,Active
405972,9001049,Property,24325.91,Released
405973,9017384,Property,170211.49,Released
405974,9017620,Property,30491.33,Released
405975,9027518,Property,405054.78,Active
405976,9001057,Property,384801.47,Active
405977,9005805,Vehicle,370411.89,Active
405978,9010434,Vehicle,13107.77,Active
405979,9021943,Property,355916.11,Active
405980,9008242,Equipment,173737.41,Active
405981,9000461,Property,441998.9,Active
405982,9004361,Gold,481787.15,Released
405983,9005798,Vehicle,279815.99,Active
405984,9019745,Property,141871.44,Active
405985,9012852,Property,261718.6,Active
405986,9025088,Deposit,172353.97,Released
405987,9020211,Vehicle,289980.3,Active
405988,9026472,Gold,328782.3,Active
405989,9018849,Vehicle,87221.08,Active
405990,9008211,Vehicle,19353.68,Released
405991,9025994,Property,197262.02,Active
405992,9012202,Deposit,56352.01,Released
405993,9011161,Property,291840.04,Released
405994,9011431,Vehicle,92514.21,Active
405995,9004829,Property,85945.93,Active
405996,9011997,Vehicle,358514.92,Active
405997,9003621,Vehicle,44599.66,Active
405998,9028809,Property,104912.16,Active
405999,9024830,Gold,187194.42,Active
406000,9003239,Vehicle,447395.12,Released
406001,9008202,Equipment,74936.38,Active
406002,9025726,Property,71991.96,Released
406003,9022309,Vehicle,366704.23,Active
406004,9014287,Property,437185.49,Active
406005,9006958,Vehicle,389996.64,Active
406006,9003907,Equipment,314426.75,Active
406007,9025732,Vehicle,408787.46,Active
406008,9007262,Property,182051.35,Released
406009,9027997,Property,22063.22,Released
406010,9007810,Vehicle,400890.96,Active
406011,9016772,Gold,473076.26,Active
406012,9025071,Gold,139869.26,Active
406013,9028192,Property,353957.34,Active
406014,9018206,Property,172900.8,Active
406015,9002193,Property,50192.29,Released
406016,9004159,Deposit,146986.83,Active
406017,9007094,Property,11886.57,Active
406018,9007213,Property,74468.91,Active
406019,9016480,Vehicle,260428.29,Active
406020,9008733,Other,263968.81,Active
406021,9011099,Vehicle,414657.59,Active
406022,9027122,Other,411895.01,Released
406023,9019215,Property,221875.46,Active
406024,9005073,Vehicle,461465.55,Active
406025,9001395,Property,445710.49,Active
406026,9018970,Vehicle,74676.36,Active
406027,9000593,Property,427991.6,Active
406028,9012536,Property,485184.21,Released
406029,9025251,Property,495751.88,Released
406030,9002418,Property,113162.14,Released
406031,9007044,Deposit,66878.87,Released
406032,9028320,Vehicle,168547.03,Released
406033,9002697,Vehicle,296896.58,Active
406034,9026807,Vehicle,439796.19,Active
406035,9024755,Other,97613.44,Active
406036,9014486,Deposit,231248.95,Active
406037,9010829,Property,361448.62,Released
406038,9005759,Gold,56315.55,Active
406039,9009517,Property,171427.14,Active
406040,9005048,Vehicle,379254.0,Active
406041,9001493,Property,165863.06,Released
406042,9025929,Property,103255.9,Active
406043,9000566,Property,183918.76,Active
406044,9025651,Gold,8574.06,Released
406045,9027262,Property,92563.99,Active
406046,9011873,Vehicle,133277.59,Active
406047,9010784,Deposit,415313.76,Active
406048,9027677,Property,278477.8,Released
406049,9014096,Property,191747.82,Active
406050,9009659,Equipment,458053.25,Active
406051,9013740,Equipment,209001.07,Active
406052,9002256,Vehicle,290953.31,Active
406053,9008142,Vehicle,186062.72,Active
406054,9007800,Equipment,106008.27,Active
406055,9023811,Property,314242.25,Active
406056,9010082,Equipment,394517.59,Active
406057,9010701,Property,348319.12,Active
406058,9027651,Property,25943.84,Released
406059,9007752,Property,108289.98,Active
406060,9003426,Property,59713.41,Released
406061,9003529,Deposit,148060.3,Active
406062,9016402,Property,461863.97,Active
406063,9022782,Property,492078.49,Active
406064,9007022,Property,95772.32,Active
406065,9021192,Equipment,189255.86,Released
406066,9022633,Vehicle,302329.28,Active
406067,9028135,Gold,442559.96,Active
406068,9001191,Vehicle,281088.16,Released
406069,9013311,Property,346744.13,Released
406070,9013616,Property,289588.29,Active
406071,9014495,Property,190375.79,Active
406072,9008952,Property,236229.3,Active
406073,9022481,Vehicle,231516.79,Released
406074,9020541,Equipment,202143.12,Released
406075,9011930,Other,479178.91,Released
406076,9003438,Property,277494.88,Active
406077,9018918,Property,112233.62,Active
406078,9014074,Property,92798.57,Active
406079,9024610,Property,267862.5,Active
406080,9021896,Gold,418389.69,Released
406081,9009438,Equipment,231549.9,Active
406082,9028175,Property,120532.66,Released
406083,9023617,Deposit,128692.96,Released
406084,9025922,Other,49209.38,Active
406085,9024492,Vehicle,6020.69,Released
406086,9028146,Vehicle,337946.79,Active
406087,9002455,Gold,135396.32,Active
406088,9019004,Other,483782.07,Active
406089,9027347,Property,205730.24,Active
406090,9014087,Deposit,457306.34,Active
406091,9017983,Other,379772.92,Released
406092,9017490,Property,49594.52,Active
406093,9018147,Property,140916.61,Active
406094,9015839,Property,482199.72,Released
406095,9016436,Deposit,167492.64,Released
406096,9003052,Deposit,407228.98,Released
406097,9015761,Other,155621.77,Active
406098,9000054,Property,364311.21,Released
406099,9004246,Equipment,74422.19,Released
406100,9021031,Property,27313.82,Active
406101,9022823,Vehicle,281306.83,Released
406102,9008771,Property,116462.96,Released
406103,9000485,Equipment,123003.77,Active
406104,9010568,Deposit,409377.85,Active
406105,9011613,Gold,326502.91,Active
406106,9020163,Property,124701.49,Active
406107,9004001,Property,217297.44,Active
406108,9024092,Vehicle,32537.79,Active
406109,9002742,Property,28341.2,Released
406110,9011993,Vehicle,137189.84,Active
406111,9004128,Property,411997.82,Active
406112,9022261,Deposit,235100.52,Active
406113,9009609,Property,280072.3,Active
406114,9028561,Deposit,52284.47,Active
406115,9015685,Property,385003.67,Active
406116,9021694,Vehicle,142063.85,Released
406117,9026719,Equipment,456048.9,Released
406118,9024724,Gold,456915.5,Released
406119,9022799,Gold,384524.26,Active
406120,9018814,Equipment,225734.73,Active
406121,9023446,Gold,179544.52,Active
406122,9005676,Property,59723.85,Active
406123,9019312,Property,392635.39,Released
406124,9019065,Vehicle,23748.07,Active
406125,9005380,Property,214965.52,Active
406126,9019072,Property,78141.59,Active
406127,9025515,Equipment,164327.53,Released
406128,9014019,Property,242668.09,Active
406129,9020594,Deposit,106744.63,Released
406130,9008133,Vehicle,430204.55,Active
406131,9006478,Other,250449.53,Active
406132,9024880,Vehicle,380996.11,Active
406133,9007786,Property,378539.58,Active
406134,9019128,Other,189681.0,Active
406135,9015791,Gold,413529.04,Active
406136,9008946,Vehicle,114370.29,Released
406137,9005223,Deposit,273085.36,Active
406138,9008517,Property,337626.39,Active
406139,9017727,Property,59265.72,Released
406140,9023374,Property,13727.66,Released
406141,9018818,Property,454406.4,Active
406142,9009326,Property,306854.17,Active
406143,9025896,Other,300314.71,Released
406144,9009330,Property,115363.05,Active
406145,9029791,Equipment,469508.5,Active
406146,9005532,Vehicle,288662.26,Active
406147,9013106,Vehicle,306229.31,Active
406148,9016150,Deposit,140667.85,Active
406149,9014336,Equipment,245571.32,Active
406150,9002684,Property,474363.3,Released
406151,9012933,Property,198569.38,Active
406152,9002873,Vehicle,411861.8,Active
406153,9019606,Property,58641.05,Released
406154,9029196,Gold,375378.2,Active
406155,9028410,Property,384684.4,Released
406156,9011829,Equipment,187621.76,Active
406157,9010034,Vehicle,297636.27,Active
406158,9019945,Deposit,72406.46,Released
406159,9026118,Vehicle,187090.48,Active
406160,9005935,Property,445689.34,Active
406161,9026039,Property,10992.4,Released
406162,9027412,Vehicle,444254.91,Active
406163,9016481,Deposit,127434.19,Released
406164,9002560,Property,379437.58,Active
406165,9027578,Vehicle,184072.71,Active
406166,9024394,Deposit,22457.23,Active
406167,9014593,Property,367789.87,Active
406168,9016410,Vehicle,469675.06,Active
406169,9004253,Property,89994.34,Active
406170,9007710,Property,229995.57,Active
406171,9027457,Gold,274787.71,Active
406172,9023025,Equipment,224082.61,Released
406173,9018023,Property,179050.88,Released
406174,9017453,Property,198915.72,Released
406175,9003217,Gold,242738.78,Active
406176,9009622,Equipment,317360.9,Released
406177,9004434,Vehicle,162229.75,Active
406178,9007118,Property,208565.89,Active
406179,9005727,Gold,165441.25,Released
406180,9004122,Property,160926.15,Active
406181,9012575,Property,109689.99,Active
406182,9002224,Vehicle,410744.27,Released
406183,9008847,Deposit,336227.79,Active
406184,9005229,Property,309300.29,Active
406185,9002552,Gold,5029.52,Active
406186,9023696,Equipment,361884.87,Released
406187,9013998,Vehicle,244349.24,Active
406188,9023097,Deposit,390015.76,Active
406189,9006996,Vehicle,138607.16,Released
406190,9002690,Property,356196.62,Active
406191,9026415,Gold,278430.2,Active
406192,9000108,Gold,393483.79,Active
406193,9019118,Property,392919.38,Released
406194,9013128,Gold,21016.36,Active
406195,9028665,Vehicle,92829.01,Active
406196,9016396,Gold,433566.62,Active
406197,9011812,Property,99844.73,Active
406198,9024942,Gold,434882.5,Released
406199,9000158,Vehicle,298356.23,Active
406200,9026964,Property,20511.34,Released
406201,9009222,Vehicle,387267.93,Active
406202,9020219,Gold,139983.15,Active
406203,9009974,Property,33422.46,Active
406204,9016843,Vehicle,350720.87,Active
406205,9000899,Equipment,412276.02,Active
406206,9029868,Vehicle,342906.86,Active
406207,9002712,Vehicle,453689.59,Released
406208,9012532,Vehicle,322602.01,Active
406209,9006316,Property,425183.78,Active
406210,9023197,Property,243788.66,Released
406211,9023212,Vehicle,351382.23,Active
406212,9000792,Deposit,475326.06,Active
406213,9025927,Equipment,415588.57,Active
406214,9008901,Other,448629.18,Active
406215,9026261,Gold,353883.98,Active
406216,9014398,Property,14760.12,Active
406217,9017910,Vehicle,330803.49,Active
406218,9005128,Vehicle,482122.9,Released
406219,9005219,Property,356379.46,Active
406220,9001342,Vehicle,262506.98,Active
406221,9005957,Vehicle,430953.39,Active
406222,9028029,Equipment,219528.37,Released
406223,9016921,Property,383743.54,Active
406224,9019322,Property,196443.06,Active
406225,9008971,Property,24463.15,Released
406226,9000321,Gold,197325.28,Active
406227,9028149,Deposit,295747.77,Active
406228,9013835,Other,433026.3,Active
406229,9015896,Property,480115.18,Active
406230,9020381,Equipment,99915.8,Active
406231,9021883,Property,367594.41,Active
406232,9025775,Vehicle,461735.94,Active
406233,9023445,Vehicle,377307.95,Active
406234,9004806,Equipment,400360.79,Active
406235,9006095,Deposit,215762.47,Released
406236,9010737,Property,131918.67,Active
406237,9003835,Equipment,497752.44,Active
406238,9012271,Property,167282.05,Active
406239,9010982,Property,473591.29,Active
406240,9012827,Equipment,204697.74,Active
406241,9020213,Property,329197.61,Active
406242,9019106,Equipment,51796.73,Active
406243,9012501,Vehicle,328120.6,Released
406244,9018121,Vehicle,165342.2,Released
406245,9005490,Property,233756.28,Active
406246,9016885,Property,258591.28,Released
406247,9017760,Gold,239260.54,Active
406248,9011667,Equipment,455860.15,Released
406249,9009516,Property,339925.47,Released
406250,9001108,Property,112541.54,Released
406251,9005883,Property,215807.45,Active
406252,9006288,Vehicle,106331.77,Active
406253,9021519,Vehicle,337840.32,Active
406254,9017131,Property,227754.13,Released
406255,9002009,Gold,248597.76,Active
406256,9002715,Property,182361.18,Released
406257,9028233,Deposit,262395.25,Active
406258,9003046,Deposit,223193.62,Active
406259,9002600,Vehicle,487783.79,Active
406260,9002699,Deposit,187931.41,Released
406261,9014126,Vehicle,277020.2,Active
406262,9007994,Property,497087.71,Active
406263,9010887,Property,475402.8,Released
406264,9017972,Property,268230.11,Active
406265,9000594,Vehicle,434737.43,Active
406266,9010134,Gold,486053.14,Active
406267,9026011,Property,266328.6,Active
406268,9005858,Deposit,431028.18,Active
406269,9008232,Vehicle,158847.85,Active
406270,9024952,Property,415093.13,Released
406271,9003651,Deposit,158595.45,Released
406272,9006140,Vehicle,264935.4,Active
406273,9000620,Other,116371.35,Active
406274,9019443,Property,246360.5,Active
406275,9012304,Equipment,136998.6,Active
406276,9019430,Other,457585.5,Active
406277,9000686,Equipment,424449.67,Active
406278,9018656,Equipment,371880.25,Active
406279,9003071,Property,145206.01,Released
406280,9005768,Vehicle,311681.81,Active
406281,9028938,Vehicle,468082.92,Active
406282,9024722,Property,443021.18,Released
406283,9026624,Property,214113.27,Active
406284,9010843,Vehicle,139613.93,Active
406285,9020124,Gold,342819.93,Active
406286,9004747,Property,373560.54,Active
406287,9008093,Vehicle,448063.99,Released
406288,9018114,Vehicle,153828.06,Active
406289,9027055,Equipment,148324.53,Active
406290,9000506,Property,365676.38,Active
406291,9000661,Property,259486.99,Active
406292,9003865,Vehicle,351766.25,Active
406293,9007367,Vehicle,444347.78,Active
406294,9019707,Equipment,263225.46,Active
406295,9017067,Gold,442259.67,Active
406296,9004922,Other,379157.23,Released
406297,9002209,Vehicle,77989.36,Released
406298,9018564,Vehicle,108715.08,Active
406299,9021830,Vehicle,318504.8,Released
406300,9000052,Equipment,463447.0,Active
406301,9024250,Property,142744.74,Active
406302,9008637,Property,199184.35,Released
406303,9001735,Equipment,346867.38,Active
406304,9010423,Property,284416.26,Active
406305,9015479,Equipment,375352.53,Active
406306,9000919,Property,488317.28,Active
406307,9018143,Deposit,20856.55,Active
406308,9021471,Gold,38405.64,Released
406309,9010555,Gold,380221.21,Released
406310,9003566,Property,12166.87,Active
406311,9010165,Vehicle,211291.73,Active
406312,9022237,Equipment,268326.31,Released
406313,9014422,Vehicle,229048.91,Active
406314,9016120,Property,363453.57,Active
406315,9021809,Other,276363.01,Active
406316,9017084,Gold,331320.67,Released
406317,9021565,Property,216467.75,Active
406318,9000991,Equipment,426899.79,Active
406319,9003506,Vehicle,370953.42,Active
406320,9017650,Equipment,329136.34,Released
406321,9007865,Vehicle,52601.03,Active
406322,9000827,Property,465521.29,Active
406323,9025424,Property,208619.86,Active
406324,9020839,Gold,42547.7,Active
406325,9020878,Property,361394.63,Active
406326,9000335,Vehicle,117178.45,Active
406327,9005098,Equipment,229569.15,Active
406328,9012509,Property,447771.5,Active
406329,9006744,Deposit,87397.29,Active
406330,9017460,Property,478008.03,Active
406331,9017230,Property,428388.13,Active
406332,9007617,Gold,141286.18,Released
406333,9009744,Equipment,390287.62,Active
406334,9018083,Property,354382.23,Active
406335,9007948,Gold,66158.43,Active
406336,9019066,Property,281627.2,Released
406337,9009916,Property,61051.65,Active
406338,9008601,Vehicle,100181.4,Released
406339,9010261,Vehicle,477856.55,Active
406340,9003653,Equipment,312521.2,Released
406341,9024008,Vehicle,377091.35,Active
406342,9022259,Property,307903.67,Active
406343,9028137,Vehicle,456527.31,Released
406344,9015014,Deposit,281555.93,Released
406345,9016121,Gold,276663.49,Released
406346,9006592,Vehicle,164503.66,Active
406347,9017335,Vehicle,33310.91,Released
406348,9010945,Vehicle,374857.49,Active
406349,9014879,Property,443779.24,Active
406350,9016576,Equipment,316962.89,Active
406351,9002572,Property,387630.41,Active
406352,9024349,Property,118585.0,Active
406353,9018947,Property,343727.83,Active
406354,9013184,Vehicle,339298.29,Released
406355,9019345,Other,260421.65,Active
406356,9009685,Property,60640.19,Active
406357,9003949,Other,243686.19,Active
406358,9026691,Property,88345.42,Active
406359,9022521,Property,96556.6,Active
406360,9009073,Property,127744.84,Released
406361,9003581,Property,415249.44,Released
406362,9022677,Property,284564.8,Active
406363,9023941,Property,163357.44,Active
406364,9029977,Gold,163428.56,Active
406365,9011158,Vehicle,466313.14,Active
406366,9017590,Property,337358.63,Active
406367,9026036,Property,100287.91,Released
406368,9010080,Vehicle,276683.77,Active
406369,9024399,Property,200696.15,Active
406370,9012116,Property,164272.7,Active
406371,9002154,Gold,307704.8,Active
406372,9011201,Property,61837.48,Released
406373,9010606,Gold,434424.12,Active
406374,9022062,Equipment,386003.4,Active
406375,9025887,Deposit,359356.65,Active
406376,9009313,Vehicle,306279.4,Released
406377,9023239,Property,298985.9,Released
406378,9002860,Equipment,31157.01,Active
406379,9009250,Vehicle,189529.97,Released
406380,9004057,Other,20516.28,Active
406381,9015510,Equipment,149707.91,Released
406382,9008608,Vehicle,41012.73,Active
406383,9029972,Vehicle,341118.97,Active
406384,9026693,Gold,450294.71,Active
406385,9009562,Deposit,385263.97,Active
406386,9001771,Deposit,408176.02,Active
406387,9013445,Property,203322.52,Active
406388,9018334,Other,493181.07,Active
406389,9018759,Property,108312.66,Active
406390,9008137,Property,339626.6,Active
406391,9007105,Deposit,157899.88,Released
406392,9006230,Vehicle,412842.65,Active
406393,9006058,Equipment,284474.89,Active
406394,9005212,Deposit,247838.5,Released
406395,9011672,Other,58281.65,Active
406396,9005762,Gold,129024.54,Released
406397,9019167,Property,118492.7,Active
406398,9026513,Property,268227.51,Active
406399,9008571,Property,330342.82,Active
406400,9007375,Property,155409.92,Active
406401,9017339,Deposit,155832.52,Released
406402,9001980,Vehicle,263925.2,Active
406403,9012495,Equipment,144014.72,Released
406404,9017850,Property,193522.03,Active
406405,9014352,Property,482622.38,Released
406406,9006296,Property,297100.37,Active
406407,9023852,Vehicle,376172.56,Active
406408,9025578,Property,308275.29,Active
406409,9027207,Vehicle,228028.24,Released
406410,9015699,Property,381892.42,Released
406411,9007004,Property,274403.29,Active
406412,9008149,Gold,343985.56,Active
406413,9024414,Vehicle,383962.72,Active
406414,9017676,Property,48174.13,Released
406415,9006587,Property,304657.85,Active
406416,9005902,Vehicle,27983.9,Active
406417,9018635,Deposit,63402.69,Active
406418,9029525,Equipment,62845.23,Active
406419,9006510,Equipment,271964.79,Active
406420,9010532,Deposit,13488.2,Active
406421,9024508,Deposit,227389.69,Active
406422,9024864,Vehicle,293984.16,Active
406423,9027402,Equipment,38036.26,Active
406424,9013555,Equipment,169437.75,Active
406425,9004512,Vehicle,219719.84,Released
406426,9013546,Vehicle,261245.56,Active
406427,9010407,Vehicle,156458.48,Released
406428,9028478,Gold,350238.81,Released
406429,9004911,Property,415679.29,Active
406430,9009525,Equipment,453469.78,Active
406431,9001220,Property,181955.2,Active
406432,9012334,Property,374868.99,Active
406433,9015675,Vehicle,65209.76,Active
406434,9006242,Vehicle,38876.58,Released
406435,9008998,Property,92032.41,Active
406436,9019276,Property,447589.76,Active
406437,9021964,Property,10425.98,Active
406438,9004105,Vehicle,96009.17,Active
406439,9017014,Property,133533.08,Active
406440,9021826,Equipment,92175.55,Released
406441,9018373,Property,39538.61,Active
406442,9004794,Property,396527.66,Released
406443,9002813,Deposit,290344.42,Active
406444,9002288,Deposit,17308.17,Active
406445,9018094,Deposit,46888.98,Released
406446,9006045,Property,127735.1,Released
406447,9028187,Property,134218.95,Released
406448,9021169,Vehicle,379267.92,Active
406449,9024332,Equipment,495412.16,Active
406450,9012343,Equipment,74869.8,Active
406451,9027109,Gold,409592.22,Released
406452,9023591,Property,268358.27,Active
406453,9028961,Property,258929.19,Active
406454,9014216,Property,39478.33,Active
406455,9019145,Other,18416.68,Released
406456,9024049,Property,28335.06,Active
406457,9008677,Other,316834.71,Active
406458,9011509,Property,274203.98,Active
406459,9020969,Property,430723.35,Active
406460,9022833,Property,334739.38,Active
406461,9003606,Gold,27831.26,Active
406462,9006605,Property,245000.92,Active
406463,9016978,Equipment,173839.42,Active
406464,9014392,Other,426616.96,Released
406465,9027388,Vehicle,209318.94,Released
406466,9025481,Gold,274224.28,Released
406467,9028529,Property,494001.94,Active
406468,9004071,Deposit,191902.03,Active
406469,9016047,Vehicle,369228.06,Active
406470,9029233,Property,65543.15,Released
406471,9011497,Property,36142.72,Active
406472,9022123,Vehicle,460287.24,Active
406473,9029455,Deposit,260530.98,Active
406474,9008887,Other,346515.72,Active
406475,9024835,Equipment,80390.12,Active
406476,9024803,Other,25351.41,Active
406477,9005089,Other,378935.93,Active
406478,9026975,Gold,302779.12,Active
406479,9012582,Property,254923.63,Active
406480,9000611,Deposit,212921.41,Active
406481,9016218,Vehicle,379735.85,Active
406482,9002770,Vehicle,285928.19,Active
406483,9013963,Deposit,350669.66,Active
406484,9006962,Property,485073.66,Active
406485,9022826,Equipment,393468.92,Active
406486,9027691,Property,169020.97,Released
406487,9006054,Vehicle,47611.21,Released
406488,9007747,Property,197081.65,Active
406489,9006450,Property,214914.8,Active
406490,9023332,Other,34482.05,Active
406491,9004134,Property,302593.24,Active
406492,9002549,Property,427743.57,Active
406493,9007581,Property,153688.66,Active
406494,9019947,Gold,289127.04,Active
406495,9020520,Property,202070.53,Active
406496,9003593,Vehicle,344042.85,Released
406497,9000553,Vehicle,125876.12,Active
406498,9001985,Property,119760.86,Active
406499,9025027,Other,382459.15,Active
406500,9023028,Property,243790.42,Released
406501,9005360,Equipment,34797.97,Active
406502,9015004,Vehicle,206964.96,Released
406503,9002107,Property,362498.02,Released
406504,9024216,Property,211988.36,Active
406505,9000362,Deposit,211647.17,Active
406506,9005651,Property,253228.29,Released
406507,9007815,Property,248636.64,Active
406508,9004888,Property,195364.04,Active
406509,9009134,Other,149691.19,Active
406510,9013389,Vehicle,353914.02,Active
406511,9006331,Deposit,338753.06,Released
406512,9024141,Gold,83101.14,Released
406513,9001422,Equipment,372510.01,Released
406514,9008079,Gold,172960.89,Released
406515,9008046,Property,234675.06,Active
406516,9020202,Equipment,260453.78,Active
406517,9025572,Property,340306.73,Released
406518,9013223,Property,36527.75,Released
406519,9029250,Deposit,494380.04,Released
406520,9009096,Vehicle,251260.33,Released
406521,9023382,Property,184097.39,Active
406522,9017345,Deposit,189126.14,Active
406523,9020687,Property,313974.7,Active
406524,9001218,Property,46452.35,Released
406525,9003242,Gold,48726.65,Active
406526,9002415,Deposit,439885.4,Active
406527,9012228,Gold,232512.51,Active
406528,9003002,Property,276354.58,Active
406529,9007114,Property,392435.7,Active
406530,9025409,Property,295539.19,Released
406531,9013999,Property,341487.09,Released
406532,9010422,Property,204980.81,Released
406533,9014571,Equipment,31052.74,Released
406534,9000487,Equipment,41620.22,Active
406535,9026611,Property,271705.11,Active
406536,9019151,Deposit,403258.28,Released
406537,9006263,Vehicle,473331.62,Active
406538,9009620,Equipment,180364.13,Active
406539,9022863,Vehicle,369128.72,Active
406540,9022023,Gold,327875.86,Active
406541,9023810,Vehicle,165546.18,Released
406542,9017299,Gold,454630.41,Released
406543,9020820,Property,472107.66,Released
406544,9029515,Vehicle,382484.95,Released
406545,9028717,Property,151247.82,Active
406546,9022383,Property,188753.03,Released
406547,9011853,Vehicle,207728.91,Active
406548,9028708,Property,163745.99,Released
406549,9029811,Property,126977.17,Active
406550,9029453,Gold,361942.83,Active
406551,9006201,Other,118599.91,Active
406552,9013945,Vehicle,62015.42,Active
406553,9005714,Other,437543.9,Active
406554,9019535,Vehicle,498786.89,Released
406555,9028757,Property,374967.7,Active
406556,9006467,Other,264252.64,Released
406557,9029410,Vehicle,240923.34,Active
406558,9016179,Property,218571.3,Active
406559,9012692,Property,155819.71,Active
406560,9007126,Vehicle,262305.1,Active
406561,9018414,Vehicle,70904.36,Active
406562,9004710,Vehicle,86054.78,Active
406563,9002620,Property,83217.66,Active
406564,9013262,Vehicle,98467.59,Active
406565,9006850,Property,141626.69,Released
406566,9004546,Gold,245082.59,Active
406567,9007379,Property,352734.23,Active
406568,9016304,Property,122432.39,Active
406569,9020872,Deposit,207901.45,Released
406570,9003222,Deposit,192730.67,Released
406571,9016258,Property,336601.64,Active
406572,9003862,Other,71590.96,Active
406573,9028474,Vehicle,109461.32,Released
406574,9008572,Property,182349.06,Active
406575,9015313,Property,401210.45,Active
406576,9016223,Property,405367.32,Active
406577,9007528,Vehicle,61192.22,Active
406578,9019936,Vehicle,26007.19,Released
406579,9019375,Equipment,445387.25,Released
406580,9019449,Equipment,198972.23,Active
406581,9005091,Equipment,112554.17,Active
406582,9013241,Property,68222.59,Released
406583,9006452,Vehicle,285243.46,Active
406584,9009103,Vehicle,361031.86,Released
406585,9004316,Gold,184622.0,Released
406586,9016462,Vehicle,160022.72,Released
406587,9027648,Deposit,466068.51,Released
406588,9017016,Other,369823.72,Active
406589,9026948,Property,293327.19,Active
406590,9009798,Deposit,165619.9,Active
406591,9017517,Property,283117.52,Active
406592,9013183,Property,30872.15,Active
406593,9027456,Gold,343307.85,Active
406594,9012894,Property,252611.62,Active
406595,9025040,Gold,124978.12,Active
406596,9021710,Vehicle,252644.34,Active
406597,9002806,Vehicle,63809.84,Active
406598,9006350,Property,464073.92,Active
406599,9006746,Other,167858.1,Released
406600,9010722,Property,359760.37,Released
406601,9012973,Property,467814.51,Active
406602,9012384,Property,483451.91,Active
406603,9001452,Equipment,474672.43,Active
406604,9006228,Property,322595.92,Released
406605,9020222,Vehicle,376195.96,Released
406606,9002055,Equipment,444626.94,Active
406607,9018316,Property,312524.07,Active
406608,9006206,Property,141096.19,Released
406609,9022068,Property,98198.31,Released
406610,9020368,Deposit,81972.8,Active
406611,9027065,Property,132575.82,Released
406612,9029911,Property,411523.7,Released
406613,9015703,Equipment,241533.45,Active
406614,9024413,Equipment,179954.28,Active
406615,9029218,Property,217162.17,Active
406616,9016193,Property,149505.86,Released
406617,9003947,Equipment,190141.15,Active
406618,9009033,Other,99015.16,Active
406619,9008051,Property,439472.1,Active
406620,9026886,Equipment,496083.55,Released
406621,9025889,Property,104530.49,Active
406622,9026595,Property,267412.12,Active
406623,9028942,Gold,101857.68,Active
406624,9016668,Equipment,297834.5,Released
406625,9023641,Property,477639.16,Active
406626,9026380,Equipment,212989.16,Active
406627,9016526,Property,168774.46,Active
406628,9026912,Equipment,47763.49,Active
406629,9027139,Vehicle,451381.1,Active
406630,9011281,Equipment,239201.46,Released
406631,9021301,Vehicle,204844.89,Active
406632,9018281,Vehicle,227226.46,Active
406633,9016055,Gold,165226.6,Active
406634,9023763,Deposit,28045.03,Active
406635,9008806,Property,459322.15,Released
406636,9016144,Vehicle,115612.82,Released
406637,9029322,Vehicle,182571.5,Active
406638,9014508,Equipment,342626.61,Released
406639,9009541,Gold,457170.21,Active
406640,9010646,Vehicle,202177.13,Released
406641,9006378,Equipment,317554.53,Active
406642,9018687,Deposit,370581.85,Active
406643,9025995,Vehicle,156808.9,Active
406644,9008455,Vehicle,100817.52,Active
406645,9001107,Property,183894.67,Active
406646,9029057,Property,485280.97,Active
406647,9024550,Property,404360.38,Active
406648,9028686,Equipment,194899.99,Released
406649,9009527,Property,10085.4,Released
406650,9024618,Property,370556.55,Active
406651,9000109,Property,298385.43,Active
406652,9028742,Property,488821.91,Released
406653,9027166,Deposit,116276.75,Released
406654,9020388,Vehicle,196633.96,Active
406655,9026186,Equipment,6309.97,Active
406656,9006894,Vehicle,201352.9,Active
406657,9011948,Property,313975.49,Released
406658,9027463,Vehicle,281641.27,Active
406659,9018379,Gold,373571.82,Active
406660,9015757,Property,159327.28,Released
406661,9026608,Property,475368.17,Active
406662,9012405,Vehicle,449911.62,Released
406663,9025309,Equipment,92899.71,Active
406664,9022834,Property,137266.7,Active
406665,9023783,Property,344448.68,Active
406666,9016271,Gold,61155.86,Active
406667,9004451,Property,490506.03,Active
406668,9028816,Property,258403.91,Active
406669,9024805,Property,105366.37,Active
406670,9010019,Property,180297.81,Active
406671,9020837,Deposit,147618.37,Active
406672,9028379,Vehicle,158037.53,Active
406673,9012603,Vehicle,327792.02,Active
406674,9027398,Other,232246.22,Active
406675,9001182,Property,297489.03,Active
406676,9026281,Gold,110600.84,Active
406677,9012569,Other,64757.83,Active
406678,9012655,Deposit,377612.3,Released
406679,9010506,Gold,326493.07,Active
406680,9019812,Equipment,490007.03,Released
406681,9012879,Gold,498396.98,Active
406682,9029503,Property,317866.32,Active
406683,9010075,Gold,92896.36,Active
406684,9003654,Deposit,36971.89,Active
406685,9021498,Vehicle,128363.5,Active
406686,9002902,Deposit,81976.96,Active
406687,9004482,Property,477635.6,Released
406688,9022398,Equipment,155132.16,Active
406689,9028995,Property,18108.3,Released
406690,9027631,Property,454710.35,Active
406691,9019089,Vehicle,75743.57,Active
406692,9026680,Gold,220564.82,Released
406693,9025326,Vehicle,418561.83,Active
406694,9000180,Vehicle,363443.4,Released
406695,9010081,Vehicle,277646.85,Active
406696,9020978,Vehicle,324431.48,Released
406697,9007755,Equipment,377014.03,Active
406698,9010652,Vehicle,43954.3,Active
406699,9021909,Gold,41982.1,Active
406700,9014535,Equipment,190145.21,Active
406701,9000636,Property,336088.37,Active
406702,9019579,Deposit,116738.15,Active
406703,9018222,Gold,212187.08,Active
406704,9008829,Vehicle,357544.96,Active
406705,9016074,Deposit,463662.93,Active
406706,9016872,Property,255835.77,Active
406707,9007129,Gold,312441.83,Released
406708,9028615,Property,245715.37,Released
406709,9008945,Gold,420229.04,Active
406710,9003537,Property,339653.01,Active
406711,9002870,Property,484721.9,Active
406712,9005985,Property,210385.58,Released
406713,9001797,Vehicle,17837.18,Released
406714,9027875,Property,6231.36,Active
406715,9027729,Deposit,389699.28,Active
406716,9021876,Deposit,29006.92,Released
406717,9017694,Deposit,198973.81,Active
406718,9023420,Property,195190.97,Released
406719,9000164,Property,412951.29,Released
406720,9022775,Property,149407.43,Active
406721,9026439,Gold,444415.73,Active
406722,9007972,Deposit,375335.95,Active
406723,9009652,Property,183525.6,Active
406724,9013371,Vehicle,352046.3,Active
406725,9009369,Vehicle,207598.83,Active
406726,9000983,Other,290268.33,Released
406727,9021833,Deposit,253726.49,Active
406728,9018433,Equipment,491935.15,Released
406729,9019860,Gold,249365.29,Released
406730,9023592,Property,246848.29,Active
406731,9018639,Gold,370996.55,Released
406732,9023561,Property,485142.2,Released
406733,9023567,Property,264608.91,Active
406734,9027634,Property,303846.43,Active
406735,9014828,Equipment,391944.13,Active
406736,9029123,Property,140401.56,Active
406737,9012940,Property,244047.23,Released
406738,9017914,Property,302457.46,Active
406739,9002791,Other,141727.94,Active
406740,9001651,Property,73349.3,Active
406741,9016535,Property,192875.4,Active
406742,9024579,Gold,58076.51,Active
406743,9007669,Property,16689.54,Active
406744,9008191,Property,489172.3,Released
406745,9022621,Property,64387.47,Released
406746,9024909,Deposit,81717.33,Released
406747,9025032,Equipment,200780.38,Active
406748,9019359,Property,471617.7,Active
406749,9026672,Gold,427022.43,Active
406750,9003410,Other,156639.77,Active
406751,9003142,Equipment,239367.19,Active
406752,9028050,Property,398412.65,Active
406753,9006889,Gold,85957.38,Released
406754,9021911,Property,148389.99,Released
406755,9009349,Property,203966.67,Active
406756,9003074,Property,411412.65,Released
406757,9017437,Gold,14521.32,Active
406758,9018452,Deposit,152297.41,Active
406759,9022363,Gold,44819.85,Released
406760,9011787,Vehicle,328683.62,Released
406761,9019920,Gold,396782.78,Active
406762,9012782,Property,415118.27,Active
406763,9019977,Property,13007.08,Active
406764,9020695,Property,65594.07,Active
406765,9003559,Property,270594.41,Active
406766,9021251,Property,54994.64,Released
406767,9009294,Gold,155987.99,Active
406768,9014166,Property,339555.15,Active
406769,9013046,Equipment,292125.12,Active
406770,9007585,Vehicle,453091.62,Active
406771,9013764,Property,120375.38,Active
406772,9009063,Vehicle,498986.28,Active
406773,9022316,Property,236168.61,Active
406774,9026201,Property,471644.81,Released
406775,9026238,Vehicle,458686.61,Active
406776,9028042,Gold,160710.35,Active
406777,9012691,Vehicle,332316.89,Active
406778,9028507,Vehicle,193892.5,Active
406779,9010411,Property,494359.57,Active
406780,9026875,Property,143115.0,Active
406781,9008818,Gold,135980.87,Active
406782,9005460,Other,488543.64,Active
406783,9004426,Property,193387.53,Active
406784,9010263,Property,203558.05,Active
406785,9006046,Property,140070.85,Released
406786,9010605,Property,278865.33,Released
406787,9023510,Property,381253.34,Released
406788,9016713,Gold,156595.38,Active
406789,9011326,Equipment,98201.78,Active
406790,9004981,Gold,158566.49,Active
406791,9014299,Property,199087.62,Active
406792,9026982,Property,87420.67,Active
406793,9007048,Property,181393.98,Active
406794,9019620,Vehicle,401153.69,Active
406795,9019323,Property,97610.18,Active
406796,9005582,Property,179863.41,Active
406797,9010197,Vehicle,472561.56,Active
406798,9007047,Property,54127.07,Released
406799,9003536,Vehicle,193818.27,Released
406800,9011247,Equipment,29396.27,Active
406801,9002152,Property,435568.04,Active
406802,9014346,Equipment,328595.75,Released
406803,9016107,Equipment,5368.3,Active
406804,9023223,Property,82122.08,Active
406805,9027471,Deposit,9678.43,Active
406806,9009632,Gold,447760.65,Active
406807,9013507,Vehicle,353239.49,Active
406808,9028023,Vehicle,157033.37,Active
406809,9005478,Vehicle,154366.3,Active
406810,9004750,Vehicle,77893.57,Active
406811,9015525,Property,373115.5,Active
406812,9023701,Property,323071.1,Active
406813,9028700,Vehicle,255572.42,Active
406814,9020173,Property,332474.15,Active
406815,9024747,Property,217320.81,Released
406816,9013600,Vehicle,98435.64,Active
406817,9029393,Deposit,90161.73,Active
406818,9009202,Gold,36396.69,Active
406819,9017324,Deposit,44603.01,Active
406820,9006727,Gold,171747.21,Active
406821,9003805,Gold,16881.53,Released
406822,9027054,Gold,464792.43,Active
406823,9016443,Deposit,210278.85,Released
406824,9009838,Property,218249.46,Active
406825,9009543,Equipment,315062.58,Active
406826,9015613,Property,44533.23,Released
406827,9013205,Property,332939.26,Active
406828,9002565,Deposit,205429.27,Active
406829,9005039,Property,244469.35,Released
406830,9025968,Property,361990.08,Active
406831,9027881,Equipment,367814.96,Active
406832,9011785,Gold,12034.01,Active
406833,9018833,Vehicle,164782.69,Released
406834,9028118,Equipment,456426.55,Released
406835,9029900,Property,261180.22,Active
406836,9004099,Gold,385349.47,Active
406837,9005247,Property,414186.58,Active
406838,9023986,Vehicle,55484.8,Released
406839,9017721,Property,295503.81,Active
406840,9026598,Vehicle,454873.46,Active
406841,9011810,Gold,472416.91,Released
406842,9016251,Gold,149834.46,Active
406843,9003788,Deposit,231531.11,Active
406844,9026773,Property,176018.19,Active
406845,9022160,Vehicle,388442.45,Active
406846,9002205,Property,37525.25,Active
406847,9012604,Property,148926.58,Active
406848,9019908,Deposit,338661.4,Active
406849,9009681,Deposit,467509.22,Active
406850,9003489,Property,222464.34,Active
406851,9029895,Gold,271208.9,Active
406852,9014921,Vehicle,73844.08,Active
406853,9015101,Deposit,388943.65,Active
406854,9010926,Deposit,283928.43,Released
406855,9017956,Vehicle,156470.46,Active
406856,9002551,Vehicle,93814.81,Active
406857,9015157,Gold,90501.84,Active
406858,9018875,Deposit,123630.53,Active
406859,9000389,Deposit,405967.26,Active
406860,9023125,Other,368682.83,Active
406861,9022814,Property,70204.44,Released
406862,9008860,Vehicle,387313.95,Active
406863,9002703,Other,175991.94,Active
406864,9026532,Gold,130851.42,Active
406865,9009353,Vehicle,414030.98,Active
406866,9019608,Vehicle,246979.32,Released
406867,9020824,Deposit,61375.29,Active
406868,9019664,Property,110030.35,Active
406869,9020853,Vehicle,336826.92,Active
406870,9020900,Property,470077.27,Released
406871,9028576,Property,469685.39,Active
406872,9009027,Property,63967.39,Active
406873,9006171,Vehicle,349497.52,Active
406874,9009660,Equipment,131667.74,Active
406875,9006509,Equipment,287090.77,Active
406876,9022006,Vehicle,193238.13,Active
406877,9006946,Property,469557.98,Active
406878,9029280,Deposit,128858.69,Active
406879,9019862,Vehicle,167211.25,Active
406880,9000923,Property,8367.61,Active
406881,9024609,Vehicle,460499.25,Active
406882,9006612,Property,231115.7,Active
406883,9019484,Deposit,83439.75,Active
406884,9016132,Other,198033.73,Active
406885,9009505,Property,408050.26,Active
406886,9020708,Other,189191.96,Active
406887,9018035,Gold,430772.97,Released
406888,9005051,Property,444220.74,Released
406889,9012841,Property,62461.54,Active
406890,9021599,Deposit,185969.72,Active
406891,9015647,Other,377947.55,Active
406892,9007846,Vehicle,164171.84,Active
406893,9027587,Property,345110.67,Active
406894,9007804,Vehicle,347775.01,Released
406895,9029034,Vehicle,161474.26,Active
406896,9018916,Property,340515.78,Active
406897,9024196,Property,475934.09,Released
406898,9010253,Vehicle,399533.4,Released
406899,9008592,Property,447870.27,Active
406900,9025263,Deposit,316303.29,Active
406901,9004182,Gold,123728.97,Active
406902,9025465,Property,459833.76,Active
406903,9001066,Property,50369.76,Active
406904,9014786,Gold,386268.01,Active
406905,9025150,Vehicle,192831.91,Active
406906,9020728,Vehicle,449849.85,Released
406907,9008009,Vehicle,73269.29,Released
406908,9027181,Property,389081.98,Released
406909,9026251,Property,448236.91,Active
406910,9008639,Property,360203.48,Active
406911,9020024,Property,169122.56,Released
406912,9003815,Property,385091.06,Active
406913,9000887,Property,149875.6,Released
406914,9013276,Property,260080.47,Active
406915,9023237,Equipment,109964.94,Active
406916,9028342,Gold,50169.85,Active
406917,9012979,Deposit,21420.42,Active
406918,9004301,Property,157415.29,Active
406919,9020039,Vehicle,123597.06,Active
406920,9010750,Property,231939.08,Active
406921,9000073,Equipment,448776.01,Active
406922,9017623,Property,418097.11,Released
406923,9006345,Vehicle,310644.61,Active
406924,9021684,Equipment,163631.7,Active
406925,9019882,Deposit,386297.57,Active
406926,9002721,Gold,91562.15,Active
406927,9004201,Vehicle,286947.1,Active
406928,9010380,Vehicle,334057.16,Released
406929,9000393,Property,357658.24,Active
406930,9026004,Vehicle,357326.52,Active
406931,9007685,Gold,279388.52,Released
406932,9003279,Deposit,258868.8,Active
406933,9013118,Deposit,241897.08,Released
406934,9002754,Gold,45478.28,Active
406935,9028281,Gold,409695.36,Active
406936,9003272,Property,340904.69,Active
406937,9010628,Property,366869.32,Released
406938,9009844,Equipment,318586.88,Active
406939,9016126,Property,149636.62,Active
406940,9027911,Vehicle,304517.83,Active
406941,9000735,Gold,468538.12,Active
406942,9003392,Equipment,24717.33,Released
406943,9011581,Vehicle,478823.34,Active
406944,9025991,Property,119864.1,Active
406945,9012292,Equipment,419763.28,Active
406946,9016493,Property,437562.92,Released
406947,9022572,Gold,236294.2,Active
406948,9017157,Vehicle,41458.1,Active
406949,9013910,Property,116153.26,Active
406950,9006248,Property,468204.91,Released
406951,9005451,Vehicle,387696.85,Released
406952,9006696,Vehicle,75191.21,Active
406953,9021015,Property,470024.17,Active
406954,9004176,Property,12585.03,Active
406955,9026864,Property,264381.95,Active
406956,9013735,Other,33133.69,Active
406957,9010374,Property,55559.42,Active
406958,9026034,Equipment,202168.93,Active
406959,9019505,Deposit,296843.88,Released
406960,9002286,Gold,253993.52,Active
406961,9018968,Property,126954.34,Active
406962,9018653,Vehicle,354178.62,Active
406963,9016486,Property,350889.29,Released
406964,9027594,Property,258051.84,Active
406965,9005681,Vehicle,227124.16,Active
406966,9021323,Property,475877.95,Active
406967,9022413,Equipment,133261.76,Active
406968,9017355,Property,179493.24,Released
406969,9029636,Property,200832.76,Active
406970,9006879,Property,406395.1,Active
406971,9012363,Property,187240.75,Active
406972,9010818,Property,476510.83,Active
406973,9019775,Property,159003.85,Active
406974,9029801,Gold,39904.18,Active
406975,9022708,Other,55675.14,Active
406976,9020809,Property,215451.11,Released
406977,9013152,Deposit,423101.1,Active
406978,9010590,Property,408678.08,Active
406979,9022544,Gold,70602.37,Active
406980,9025842,Property,470242.69,Active
406981,9008339,Deposit,152386.99,Released
406982,9025781,Gold,192043.16,Released
406983,9000675,Property,432566.25,Active
406984,9015938,Property,127738.48,Active
406985,9002981,Gold,141250.66,Active
406986,9021784,Gold,373865.1,Active
406987,9016392,Property,190059.21,Active
406988,9014808,Property,264268.11,Active
406989,9025124,Vehicle,6751.12,Active
406990,9012459,Vehicle,329917.57,Active
406991,9010155,Property,27927.64,Released
406992,9016231,Property,164965.51,Active
406993,9015388,Vehicle,395334.38,Active
406994,9003010,Property,175557.44,Active
406995,9020074,Property,239023.15,Active
406996,9025966,Vehicle,460200.21,Active
406997,9004119,Deposit,298820.25,Active
406998,9016960,Property,20698.67,Active
406999,9027995,Deposit,450219.83,Active
407000,9006883,Equipment,133461.1,Released
407001,9016919,Property,373709.92,Active
407002,9024055,Vehicle,465947.21,Active
407003,9020207,Gold,369889.07,Active
407004,9018221,Equipment,17515.27,Active
407005,9008254,Equipment,12372.98,Active
407006,9029049,Property,309375.58,Active
407007,9023101,Equipment,209993.44,Active
407008,9017285,Other,273291.18,Active
407009,9025504,Other,461047.31,Released
407010,9006132,Vehicle,95697.06,Active
407011,9019792,Property,91495.01,Active
407012,9008181,Vehicle,457184.91,Active
407013,9018018,Deposit,26488.95,Active
407014,9010237,Vehicle,446224.87,Active
407015,9024422,Property,322829.32,Released
407016,9009166,Vehicle,454110.99,Active
407017,9020725,Property,246447.35,Active
407018,9029284,Gold,250294.38,Released
407019,9022578,Property,109402.37,Active
407020,9007986,Property,10735.92,Released
407021,9006679,Deposit,336941.02,Released
407022,9004650,Property,116084.57,Active
407023,9018502,Vehicle,294749.48,Active
407024,9015296,Deposit,278578.31,Active
407025,9029273,Vehicle,193199.6,Active
407026,9000714,Vehicle,331715.47,Released
407027,9029297,Gold,88257.87,Released
407028,9015198,Gold,68655.7,Active
407029,9005577,Property,491794.94,Active
407030,9025610,Property,288630.85,Released
407031,9008714,Property,284958.16,Active
407032,9002616,Property,68503.94,Active
407033,9009424,Vehicle,401692.56,Active
407034,9021381,Property,488983.27,Active
407035,9028298,Deposit,18161.66,Active
407036,9015933,Deposit,296011.95,Released
407037,9017122,Deposit,437495.74,Released
407038,9019660,Vehicle,253357.9,Active
407039,9028211,Property,180509.88,Active
407040,9005079,Other,127829.89,Active
407041,9000151,Deposit,128484.75,Released
407042,9011006,Equipment,46507.31,Released
407043,9024662,Property,243836.04,Active
407044,9026524,Equipment,23501.38,Released
407045,9015069,Property,164914.36,Active
407046,9004312,Vehicle,259706.1,Active
407047,9027923,Other,32160.95,Released
407048,9023598,Property,199498.48,Active
407049,9015228,Property,383469.04,Released
407050,9017445,Property,41166.63,Active
407051,9011268,Gold,470562.99,Released
407052,9015868,Property,319200.34,Active
407053,9003379,Property,246861.45,Released
407054,9021679,Equipment,392820.28,Active
407055,9003147,Other,106408.5,Active
407056,9028176,Property,180652.16,Active
407057,9012625,Property,73094.21,Active
407058,9026564,Property,57331.39,Active
407059,9015194,Other,339811.35,Released
407060,9021062,Property,282390.46,Released
407061,9027150,Vehicle,335935.55,Released
407062,9009788,Property,437427.3,Released
407063,9013923,Property,376987.12,Released
407064,9028821,Deposit,199287.5,Active
407065,9001534,Vehicle,323604.15,Released
407066,9015158,Property,497938.18,Released
407067,9004939,Property,7546.35,Released
407068,9008690,Property,51327.44,Active
407069,9029400,Gold,118791.58,Active
407070,9029744,Property,246890.03,Active
407071,9024220,Equipment,54498.34,Active
407072,9003675,Deposit,182697.86,Active
407073,9029684,Deposit,314046.58,Active
407074,9018239,Property,438511.33,Released
407075,9021835,Property,195158.54,Active
407076,9019557,Deposit,143846.6,Active
407077,9008174,Deposit,40024.13,Released
407078,9012390,Property,244783.56,Released
407079,9010567,Equipment,347922.87,Active
407080,9007869,Property,471983.15,Released
407081,9025342,Gold,114899.4,Released
407082,9028936,Vehicle,80412.62,Active
407083,9004364,Deposit,89242.6,Active
407084,9024874,Property,35674.16,Released
407085,9006524,Property,59944.44,Active
407086,9009924,Property,244978.54,Active
407087,9004262,Property,366948.01,Active
407088,9003626,Property,409234.27,Released
407089,9021707,Property,52252.08,Active
407090,9014407,Property,71292.34,Active
407091,9005903,Property,241078.84,Active
407092,9014849,Deposit,398547.19,Active
407093,9001193,Other,359261.64,Released
407094,9020716,Property,362261.19,Released
407095,9004723,Equipment,318774.64,Active
407096,9007401,Property,98557.47,Released
407097,9007039,Gold,313735.69,Released
407098,9025256,Gold,152151.46,Released
407099,9027424,Property,301560.6,Active
407100,9020903,Other,283719.87,Active
407101,9027417,Property,228339.29,Active
407102,9001100,Gold,311388.02,Active
407103,9017246,Property,475364.91,Active
407104,9001263,Gold,203262.18,Active
407105,9010353,Gold,127502.42,Active
407106,9005715,Vehicle,170740.16,Active
407107,9024375,Deposit,129276.62,Active
407108,9014388,Vehicle,139927.22,Active
407109,9028398,Property,105265.26,Active
407110,9000775,Property,415426.92,Active
407111,9025453,Property,33440.2,Active
407112,9028914,Other,88521.89,Active
407113,9029158,Property,76212.68,Active
407114,9027509,Other,45221.94,Released
407115,9025362,Property,370609.17,Active
407116,9002257,Other,499958.31,Active
407117,9024047,Equipment,31758.05,Released
407118,9016099,Vehicle,83879.33,Active
407119,9019749,Deposit,105562.49,Active
407120,9020734,Property,161670.95,Active
407121,9024549,Property,160883.04,Active
407122,9021502,Property,440587.23,Active
407123,9014857,Property,285660.9,Released
407124,9015531,Equipment,81488.08,Released
407125,9025713,Equipment,176093.45,Active
407126,9024468,Gold,194168.07,Active
407127,9007476,Property,278994.79,Active
407128,9020109,Gold,336024.85,Active
407129,9016666,Property,248303.22,Released
407130,9003568,Vehicle,11604.72,Released
407131,9023961,Vehicle,257974.13,Active
407132,9008426,Vehicle,193790.07,Active
407133,9021437,Property,226217.84,Active
407134,9020937,Property,136627.38,Released
407135,9024228,Deposit,101885.64,Active
407136,9015066,Property,396529.32,Released
407137,9017348,Property,143670.99,Active
407138,9003264,Property,313195.09,Active
407139,9007450,Property,165878.78,Released
407140,9017988,Deposit,476342.3,Active
407141,9006865,Property,472997.92,Active
407142,9023425,Deposit,431698.51,Released
407143,9022906,Property,58600.55,Active
407144,9021856,Property,240834.9,Active
407145,9022742,Property,311651.94,Active
407146,9013806,Property,117813.74,Active
407147,9028753,Property,40426.34,Active
407148,9018683,Property,440558.94,Active
407149,9029459,Property,414345.15,Active
407150,9015095,Equipment,263033.94,Released
407151,9009959,Other,148946.48,Active
407152,9015616,Deposit,150777.48,Released
407153,9010447,Deposit,20955.61,Released
407154,9007020,Equipment,85400.68,Released
407155,9006982,Vehicle,250959.78,Active
407156,9026268,Vehicle,262213.73,Released
407157,9029651,Property,236498.37,Active
407158,9006900,Property,125236.94,Active
407159,9029774,Other,413298.12,Active
407160,9021245,Gold,55734.0,Active
407161,9009470,Property,426730.75,Active
407162,9009420,Property,370786.26,Active
407163,9015219,Property,240997.31,Active
407164,9007264,Deposit,350768.86,Active
407165,9015768,Other,296409.14,Active
407166,9029451,Property,473763.68,Active
407167,9021465,Property,239804.04,Active
407168,9021000,Property,114004.69,Active
407169,9009981,Property,394049.62,Active
407170,9014230,Property,247476.72,Released
407171,9007675,Deposit,175751.79,Active
407172,9013803,Property,275026.35,Active
407173,9011023,Property,217958.56,Active
407174,9022896,Property,267525.34,Active
407175,9018073,Vehicle,297123.51,Released
407176,9004683,Property,437556.68,Released
407177,9022106,Other,14498.43,Active
407178,9016939,Property,279905.43,Active
407179,9016562,Vehicle,215707.09,Active
407180,9023968,Property,361466.74,Released
407181,9003791,Gold,367865.57,Active
407182,9022468,Gold,24266.77,Active
407183,9010991,Property,316483.35,Active
407184,9015888,Vehicle,45876.26,Active
407185,9004463,Vehicle,176017.57,Active
407186,9018567,Property,251358.67,Active
407187,9014548,Property,445287.56,Released
407188,9026476,Property,304605.17,Active
407189,9028259,Gold,192870.53,Active
407190,9015790,Deposit,22440.13,Active
407191,9027542,Deposit,343062.75,Released
407192,9022725,Gold,238590.01,Active
407193,9011800,Gold,486005.12,Active
407194,9016295,Property,327942.79,Released
407195,9011352,Property,420377.63,Released
407196,9017916,Property,287760.39,Released
407197,9000303,Vehicle,44462.14,Active
407198,9003899,Deposit,401771.33,Active
407199,9017458,Equipment,80049.88,Active
407200,9023519,Property,451095.48,Active
407201,9026150,Gold,492490.9,Active
407202,9019681,Gold,206187.67,Active
407203,9012142,Property,270225.32,Active
407204,9012257,Deposit,18472.05,Released
407205,9009035,Property,407030.94,Active
407206,9014063,Deposit,124399.11,Released
407207,9007356,Vehicle,201614.4,Active
407208,9004970,Property,271041.87,Active
407209,9020935,Vehicle,295457.74,Active
407210,9007294,Deposit,469020.02,Released
407211,9014790,Vehicle,474322.82,Active
407212,9000213,Property,20183.92,Active
407213,9014183,Property,419721.38,Released
407214,9002671,Property,194831.17,Active
407215,9010488,Property,136203.02,Active
407216,9016965,Vehicle,254594.83,Active
407217,9021537,Property,42680.67,Released
407218,9016852,Vehicle,91843.02,Active
407219,9004211,Property,470672.67,Released
407220,9010794,Deposit,148958.41,Active
407221,9028172,Property,477654.51,Active
407222,9025843,Property,131359.97,Released
407223,9000414,Deposit,271740.31,Active
407224,9012162,Property,462705.89,Released
407225,9004127,Property,497646.25,Active
407226,9020702,Gold,89434.43,Active
407227,9009458,Other,63551.6,Active
407228,9027481,Vehicle,136340.62,Released
407229,9023417,Vehicle,28420.97,Active
407230,9028085,Vehicle,418593.99,Active
407231,9029099,Property,296902.04,Active
407232,9014917,Equipment,165108.58,Released
407233,9013153,Property,460007.53,Active
407234,9005918,Gold,163504.82,Active
407235,9003127,Property,108606.26,Active
407236,9028999,Property,311786.84,Released
407237,9000557,Equipment,158059.69,Active
407238,9002155,Property,97114.07,Active
407239,9011077,Property,409230.66,Released
407240,9027147,Vehicle,34229.99,Active
407241,9006835,Property,198720.81,Active
407242,9011972,Vehicle,31484.41,Active
407243,9028481,Property,248112.11,Active
407244,9001388,Gold,124472.84,Active
407245,9001173,Property,400171.15,Active
407246,9007583,Deposit,159380.05,Active
407247,9004799,Vehicle,122478.42,Active
407248,9019919,Property,238692.27,Released
407249,9023264,Property,129188.93,Released
407250,9023429,Gold,374667.41,Active
407251,9027786,Gold,459045.35,Active
407252,9027837,Property,113938.96,Active
407253,9011896,Other,166601.8,Active
407254,9006910,Equipment,360349.77,Released
407255,9027474,Property,37772.53,Active
407256,9010692,Gold,353448.76,Active
407257,9029622,Vehicle,121479.27,Released
407258,9023988,Deposit,45121.14,Active
407259,9015331,Gold,348317.79,Released
407260,9006680,Vehicle,315976.65,Released
407261,9013242,Other,9906.56,Released
407262,9001645,Property,82633.77,Active
407263,9004973,Vehicle,30427.13,Released
407264,9023655,Vehicle,131914.2,Active
407265,9014059,Other,61747.26,Active
407266,9011092,Property,231855.34,Active
407267,9006511,Gold,209229.06,Released
407268,9004901,Property,135148.18,Active
407269,9026528,Vehicle,25694.68,Active
407270,9008543,Property,384892.49,Active
407271,9024202,Property,298419.2,Released
407272,9022422,Vehicle,379550.59,Released
407273,9023006,Vehicle,14487.92,Active
407274,9029960,Vehicle,381974.99,Active
407275,9000750,Property,382637.92,Active
407276,9019236,Property,210420.68,Released
407277,9000716,Property,400404.9,Released
407278,9024107,Equipment,472223.03,Released
407279,9005571,Property,234173.57,Active
407280,9004866,Equipment,156435.67,Active
407281,9022355,Vehicle,234158.64,Active
407282,9016420,Deposit,277840.33,Released
407283,9012789,Equipment,305570.14,Active
407284,9001766,Vehicle,478259.54,Active
407285,9025477,Property,475036.47,Released
407286,9016727,Equipment,197010.44,Active
407287,9022897,Vehicle,465652.31,Released
407288,9023816,Property,423029.24,Active
407289,9008687,Vehicle,89194.22,Active
407290,9022479,Other,498835.0,Released
407291,9007382,Property,216099.77,Released
407292,9020608,Vehicle,199453.26,Active
407293,9003951,Property,209340.21,Released
407294,9023994,Vehicle,218044.52,Active
407295,9026949,Property,311520.68,Released
407296,9000155,Property,158069.43,Released
407297,9010269,Vehicle,107952.86,Active
407298,9017653,Vehicle,471068.06,Active
407299,9016987,Equipment,190745.17,Active
407300,9024649,Equipment,356497.72,Released
407301,9027904,Gold,475494.96,Active
407302,9016345,Other,253755.85,Released
407303,9013489,Deposit,146660.44,Released
407304,9006465,Gold,14771.58,Released
407305,9006384,Equipment,317133.29,Released
407306,9014594,Vehicle,170653.81,Active
407307,9023700,Deposit,242047.68,Active
407308,9017310,Property,238969.04,Active
407309,9023630,Other,168070.42,Released
407310,9012568,Deposit,58492.08,Released
407311,9007461,Equipment,82489.84,Active
407312,9027950,Vehicle,178167.17,Released
407313,9012367,Deposit,159310.11,Active
407314,9005271,Vehicle,291099.9,Active
407315,9028585,Property,19736.02,Released
407316,9017684,Property,26804.76,Active
407317,9029847,Vehicle,231127.21,Released
407318,9017462,Property,347084.14,Active
407319,9004738,Vehicle,346338.02,Released
407320,9014312,Property,422371.43,Active
407321,9008743,Vehicle,419494.48,Active
407322,9022352,Deposit,48568.96,Active
407323,9003976,Gold,184231.06,Active
407324,9015246,Property,374789.89,Released
407325,9019184,Property,145269.8,Released
407326,9023068,Deposit,116938.62,Active
407327,9007432,Equipment,163299.2,Active
407328,9020160,Property,365381.91,Active
407329,9028013,Gold,299544.03,Released
407330,9007753,Vehicle,378185.18,Active
407331,9026381,Property,93810.64,Active
407332,9029668,Gold,23058.53,Active
407333,9008488,Vehicle,460529.79,Active
407334,9001184,Deposit,254135.51,Active
407335,9028833,Vehicle,348682.98,Active
407336,9001919,Vehicle,13116.37,Active
407337,9019700,Property,482409.54,Active
407338,9011567,Property,318803.14,Active
407339,9004688,Property,435873.17,Active
407340,9005543,Gold,234408.55,Active
407341,9008833,Property,364933.03,Active
407342,9016945,Equipment,366483.74,Active
407343,9026743,Property,486376.1,Active
407344,9012622,Property,67271.57,Active
407345,9027936,Gold,132890.05,Active
407346,9014650,Equipment,392381.0,Active
407347,9000433,Property,305741.85,Active
407348,9012994,Property,278837.61,Active
407349,9003306,Deposit,129050.74,Active
407350,9022844,Equipment,54783.84,Active
407351,9006390,Vehicle,325240.25,Released
407352,9028618,Property,433306.87,Active
407353,9022395,Deposit,408403.9,Active
407354,9028968,Gold,467715.04,Released
407355,9019903,Property,319191.44,Active
407356,9006340,Property,348999.78,Released
407357,9001924,Vehicle,420318.58,Released
407358,9018434,Vehicle,155835.96,Active
407359,9012169,Deposit,479543.13,Active
407360,9021233,Deposit,224638.43,Active
407361,9013633,Property,369350.83,Active
407362,9013820,Other,103306.22,Released
407363,9027379,Property,256798.95,Active
407364,9024153,Vehicle,475463.43,Released
407365,9000001,Property,54352.97,Active
407366,9000139,Gold,364987.43,Active
407367,9019250,Equipment,315277.97,Active
407368,9023419,Property,315926.93,Active
407369,9008992,Property,465903.07,Released
407370,9006415,Property,276995.92,Active
407371,9020370,Other,273342.24,Released
407372,9016705,Equipment,279012.74,Active
407373,9003987,Property,488385.18,Active
407374,9016072,Property,115164.07,Active
407375,9025794,Deposit,319965.3,Active
407376,9016372,Property,306882.1,Active
407377,9014354,Equipment,478176.31,Released
407378,9015960,Vehicle,220466.39,Active
407379,9000731,Equipment,181235.12,Released
407380,9002817,Deposit,74788.79,Released
407381,9020502,Vehicle,340181.53,Active
407382,9018093,Vehicle,249795.98,Released
407383,9005256,Equipment,51321.03,Released
407384,9012361,Deposit,163550.91,Active
407385,9003432,Property,245567.34,Active
407386,9019679,Equipment,281740.61,Active
407387,9011679,Property,67654.73,Active
407388,9022644,Vehicle,381630.08,Active
407389,9001957,Equipment,440483.83,Released
407390,9007607,Property,370958.93,Active
407391,9022500,Property,424046.88,Released
407392,9010847,Vehicle,305935.79,Released
407393,9028632,Property,68041.32,Active
407394,9021933,Gold,147584.35,Active
407395,9008960,Property,239496.95,Released
407396,9025070,Equipment,483280.86,Released
407397,9016692,Property,45653.16,Active
407398,9017331,Property,304659.57,Active
407399,9001339,Vehicle,481828.4,Active
407400,9011495,Equipment,486687.34,Active
407401,9014057,Property,267180.58,Active
407402,9010464,Vehicle,144662.61,Active
407403,9007106,Equipment,416383.29,Active
407404,9003571,Property,78527.93,Active
407405,9024544,Other,383824.31,Active
407406,9010024,Property,183677.11,Active
407407,9021463,Gold,204105.21,Released
407408,9008597,Property,352739.38,Released
407409,9007773,Equipment,299316.88,Active
407410,9002577,Equipment,274030.06,Released
407411,9008057,Gold,127048.02,Active
407412,9027575,Deposit,442116.99,Active
407413,9007359,Property,362087.4,Active
407414,9018712,Equipment,151852.29,Active
407415,9028884,Property,220623.81,Active
407416,9019665,Property,349015.74,Released
407417,9022042,Vehicle,106250.21,Active
407418,9008084,Vehicle,93490.8,Released
407419,9029965,Vehicle,330917.89,Active
407420,9017630,Vehicle,111383.56,Active
407421,9003003,Equipment,26492.21,Active
407422,9025878,Property,362925.95,Active
407423,9010840,Property,375392.6,Released
407424,9017993,Property,352589.94,Active
407425,9018708,Property,394212.2,Active
407426,9013225,Gold,267897.77,Active
407427,9029689,Property,172512.48,Active
407428,9014404,Deposit,385534.78,Active
407429,9022613,Property,86820.98,Active
407430,9011549,Gold,195089.2,Active
407431,9009049,Equipment,376891.46,Released
407432,9018304,Property,382186.95,Active
407433,9017079,Vehicle,18448.68,Active
407434,9016330,Deposit,96386.16,Active
407435,9012006,Property,125947.24,Active
407436,9009962,Vehicle,80819.57,Released
407437,9005825,Equipment,448496.74,Active
407438,9021615,Property,41372.72,Active
407439,9020904,Vehicle,342844.9,Active
407440,9016558,Vehicle,220478.95,Released
407441,9015668,Property,173330.57,Released
407442,9014581,Vehicle,30418.07,Active
407443,9027329,Property,69175.18,Active
407444,9014710,Property,5936.85,Active
407445,9008695,Gold,453453.91,Released
407446,9010281,Property,462729.2,Released
407447,9027846,Deposit,58504.85,Released
407448,9019020,Property,65649.42,Active
407449,9019478,Deposit,251295.36,Active
407450,9019566,Other,168281.18,Released
407451,9009399,Vehicle,113774.1,Released
407452,9010940,Vehicle,328178.23,Active
407453,9015029,Property,13542.75,Released
407454,9006173,Other,288536.46,Released
407455,9000089,Property,192635.16,Active
407456,9002020,Gold,122922.64,Released
407457,9020290,Equipment,342756.99,Active
407458,9004325,Property,285744.78,Active
407459,9019139,Other,21851.35,Active
407460,9004962,Property,405735.9,Active
407461,9004657,Vehicle,89149.35,Active
407462,9017343,Property,121995.01,Released
407463,9006983,Gold,482439.66,Active
407464,9017585,Deposit,255017.3,Active
407465,9029407,Property,389242.52,Released
407466,9025295,Property,341790.81,Released
407467,9018985,Deposit,465654.82,Released
407468,9001148,Property,354853.44,Active
407469,9019612,Gold,225516.48,Active
407470,9013829,Property,36923.78,Released
407471,9025371,Vehicle,46384.75,Active
407472,9003171,Property,161773.53,Active
407473,9004084,Vehicle,457794.57,Active
407474,9027757,Deposit,275276.0,Active
407475,9019410,Property,99218.28,Active
407476,9018749,Property,176668.66,Active
407477,9014124,Property,208534.81,Released
407478,9002662,Deposit,475594.83,Active
407479,9004936,Property,123196.22,Released
407480,9019071,Property,15709.7,Active
407481,9003307,Property,386602.33,Active
407482,9016097,Vehicle,45561.83,Active
407483,9015872,Property,17108.25,Active
407484,9005082,Vehicle,34540.32,Active
407485,9017716,Other,497688.57,Active
407486,9024858,Property,153286.25,Released
407487,9003168,Vehicle,24095.26,Released
407488,9007421,Deposit,347058.57,Released
407489,9026776,Vehicle,373094.72,Active
407490,9006112,Deposit,101572.89,Active
407491,9015196,Vehicle,156096.35,Active
407492,9020143,Vehicle,111092.25,Active
407493,9002523,Property,362673.86,Active
407494,9013651,Vehicle,485341.2,Active
407495,9017938,Property,176254.27,Active
407496,9028031,Gold,271902.61,Released
407497,9000408,Property,427123.9,Released
407498,9014147,Vehicle,445301.47,Active
407499,9018838,Gold,76867.15,Active
407500,9007703,Vehicle,272894.76,Active
407501,9027386,Vehicle,89916.04,Active
407502,9019761,Property,93943.88,Active
407503,9008749,Vehicle,96499.67,Active
407504,9029350,Deposit,437997.29,Active
407505,9005291,Vehicle,166363.92,Active
407506,9013023,Property,323066.79,Released
407507,9027196,Property,363203.02,Active
407508,9004453,Other,469180.27,Released
407509,9024869,Deposit,90557.88,Active
407510,9022107,Equipment,55963.31,Active
407511,9013750,Vehicle,409337.32,Active
407512,9025451,Vehicle,23396.95,Active
407513,9014536,Vehicle,470293.37,Active
407514,9022910,Vehicle,33673.53,Active
407515,9022968,Property,107759.16,Released
407516,9004116,Deposit,470873.72,Active
407517,9009649,Deposit,29885.42,Released
407518,9015134,Gold,140058.57,Active
407519,9016839,Gold,276160.76,Active
407520,9000379,Property,279227.33,Active
407521,9025242,Property,148904.31,Released
407522,9021138,Property,274249.29,Active
407523,9009175,Property,144035.83,Released
407524,9015973,Vehicle,8952.7,Active
407525,9003766,Vehicle,233539.33,Active
407526,9006229,Property,125058.82,Active
407527,9005181,Equipment,457396.43,Active
407528,9014737,Vehicle,414703.94,Active
407529,9011598,Property,223661.97,Active
407530,9028360,Vehicle,207448.87,Released
407531,9010458,Property,182340.02,Active
407532,9018877,Other,474329.73,Active
407533,9006036,Property,352026.91,Active
407534,9017954,Property,383058.17,Active
407535,9004225,Vehicle,460915.45,Active
407536,9007203,Property,385182.19,Released
407537,9022838,Property,185898.93,Active
407538,9024974,Other,230742.44,Released
407539,9020323,Property,210249.73,Released
407540,9015943,Gold,54625.24,Released
407541,9015625,Vehicle,84300.7,Active
407542,9021147,Property,436838.23,Active
407543,9001136,Equipment,112627.67,Active
407544,9018272,Deposit,323813.71,Active
407545,9020720,Gold,478528.94,Active
407546,9027438,Property,414784.18,Released
407547,9002408,Property,38555.77,Released
407548,9001559,Vehicle,174794.11,Active
407549,9011368,Deposit,202427.12,Active
407550,9012938,Property,464638.02,Active
407551,9008570,Property,313943.16,Active
407552,9020841,Gold,215471.82,Active
407553,9024395,Property,442110.98,Active
407554,9012975,Equipment,493734.5,Active
407555,9024575,Vehicle,55275.09,Active
407556,9023455,Gold,157573.29,Active
407557,9022385,Vehicle,328217.27,Active
407558,9021276,Property,209275.01,Active
407559,9011670,Property,129417.62,Released
407560,9025382,Property,11174.02,Released
407561,9024322,Vehicle,423996.85,Active
407562,9018963,Vehicle,397350.98,Released
407563,9014113,Vehicle,40036.79,Active
407564,9027955,Gold,245597.39,Released
407565,9003601,Vehicle,425439.92,Active
407566,9002707,Vehicle,87486.66,Released
407567,9009232,Gold,54625.59,Active
407568,9026662,Property,87738.32,Active
407569,9025950,Gold,237678.31,Active
407570,9017031,Gold,366102.82,Active
407571,9019982,Property,430181.18,Released
407572,9016961,Property,204537.08,Active
407573,9013935,Deposit,396837.77,Active
407574,9025400,Property,288511.04,Active
407575,9029896,Property,116690.1,Active
407576,9017470,Property,42697.69,Active
407577,9013053,Vehicle,146828.09,Active
407578,9000039,Gold,268020.64,Active
407579,9014102,Property,249865.92,Active
407580,9010297,Gold,196233.45,Active
407581,9028422,Property,293840.4,Active
407582,9017613,Vehicle,487197.57,Active
407583,9005343,Property,177300.73,Active
407584,9017526,Gold,47704.33,Active
407585,9017665,Vehicle,326762.11,Released
407586,9019476,Property,49690.96,Active
407587,9018810,Gold,381768.25,Active
407588,9006989,Vehicle,15991.1,Active
407589,9010143,Vehicle,377807.43,Active
407590,9009820,Deposit,196322.33,Active
407591,9023507,Property,446829.66,Released
407592,9024056,Other,171647.81,Active
407593,9013926,Equipment,101177.63,Active
407594,9009598,Property,175226.64,Active
407595,9007947,Equipment,177199.8,Released
407596,9008221,Equipment,300501.19,Active
407597,9010170,Property,15099.28,Active
407598,9016831,Property,415857.65,Active
407599,9017830,Deposit,463616.96,Released
407600,9013427,Vehicle,234712.43,Released
407601,9024148,Property,329187.98,Active
407602,9019080,Gold,122968.57,Active
407603,9008582,Equipment,437031.38,Active
407604,9007424,Property,497922.55,Active
407605,9022717,Vehicle,334567.76,Released
407606,9027210,Vehicle,359523.04,Active
407607,9017404,Deposit,256861.0,Released
407608,9022614,Vehicle,261061.18,Active
407609,9027742,Property,214570.13,Active
407610,9000869,Gold,270166.89,Active
407611,9025803,Deposit,363302.83,Active
407612,9013306,Vehicle,209302.37,Released
407613,9013135,Vehicle,208818.92,Active
407614,9028336,Deposit,234172.48,Released
407615,9003844,Vehicle,306569.91,Active
407616,9016828,Vehicle,428985.26,Active
407617,9010781,Property,32155.39,Released
407618,9004191,Equipment,456259.71,Active
407619,9002555,Property,490458.75,Active
407620,9019511,Equipment,55149.74,Active
407621,9011918,Deposit,138492.11,Released
407622,9011135,Other,37691.14,Released
407623,9011508,Property,115542.52,Released
407624,9025549,Property,205490.69,Active
407625,9018534,Vehicle,129442.75,Released
407626,9006973,Property,133445.88,Active
407627,9002392,Vehicle,349522.19,Active
407628,9008477,Property,125901.27,Active
407629,9017461,Vehicle,384253.47,Active
407630,9003748,Deposit,200961.73,Released
407631,9016908,Vehicle,98387.83,Active
407632,9009059,Gold,117175.13,Active
407633,9027879,Property,46123.75,Released
407634,9023305,Other,421469.78,Active
407635,9021803,Property,138702.41,Active
407636,9003649,Vehicle,383111.01,Active
407637,9004267,Property,383549.73,Released
407638,9026072,Deposit,238794.1,Released
407639,9026416,Deposit,485653.4,Active
407640,9005081,Vehicle,269410.1,Released
407641,9027458,Vehicle,266946.91,Active
407642,9028366,Deposit,356060.88,Released
407643,9004819,Vehicle,447181.49,Active
407644,9016700,Vehicle,235595.65,Released
407645,9005513,Vehicle,86917.61,Active
407646,9007702,Vehicle,135188.51,Released
407647,9014865,Property,328702.22,Active
407648,9021303,Property,33379.72,Released
407649,9013334,Vehicle,211210.51,Released
407650,9009603,Vehicle,207961.91,Released
407651,9015189,Property,223870.66,Active
407652,9006755,Property,76092.33,Active
407653,9017255,Vehicle,410753.96,Active
407654,9002208,Property,46202.03,Active
407655,9026457,Equipment,328812.22,Active
407656,9001809,Vehicle,474400.17,Active
407657,9006381,Vehicle,56805.42,Released
407658,9022895,Property,423395.12,Released
407659,9028214,Deposit,5712.6,Released
407660,9009590,Gold,474535.65,Active
407661,9012199,Property,142993.79,Active
407662,9010566,Equipment,6191.89,Active
407663,9007077,Gold,190137.48,Active
407664,9010131,Property,261758.9,Active
407665,9005159,Vehicle,236308.69,Active
407666,9016650,Gold,271140.89,Released
407667,9011112,Other,167515.69,Active
407668,9000554,Vehicle,183831.35,Released
407669,9008081,Equipment,191043.3,Active
407670,9027216,Vehicle,7404.2,Active
407671,9019510,Deposit,455656.32,Active
407672,9012615,Equipment,402337.06,Active
407673,9023841,Property,303398.21,Active
407674,9022088,Other,319020.22,Released
407675,9018178,Gold,397833.94,Active
407676,9015742,Vehicle,76368.07,Active
407677,9008649,Property,435515.7,Active
407678,9022255,Deposit,137701.07,Active
407679,9026446,Gold,447644.46,Released
407680,9006779,Property,77434.32,Active
407681,9013833,Deposit,156767.47,Active
407682,9013347,Property,439061.32,Released
407683,9028520,Vehicle,48588.46,Active
407684,9013456,Deposit,436088.1,Active
407685,9005312,Property,248955.69,Active
407686,9003289,Vehicle,466821.62,Active
407687,9019206,Property,105497.96,Released
407688,9014559,Deposit,461009.28,Active
407689,9029526,Gold,489537.74,Active
407690,9022706,Deposit,43689.98,Active
407691,9022726,Vehicle,372529.8,Active
407692,9009546,Vehicle,23984.18,Released
407693,9013217,Vehicle,271497.63,Released
407694,9018771,Property,286934.8,Released
407695,9005122,Property,70291.11,Active
407696,9020383,Property,355778.51,Released
407697,9015310,Vehicle,392450.74,Released
407698,9004671,Property,59173.92,Active
407699,9022095,Deposit,175485.72,Released
407700,9022090,Gold,259740.76,Active
407701,9013024,Gold,372044.24,Active
407702,9010557,Gold,17621.19,Active
407703,9025874,Vehicle,482883.87,Released
407704,9014374,Property,37875.95,Active
407705,9014331,Other,112765.73,Active
407706,9001488,Gold,307079.52,Active
407707,9014641,Vehicle,384519.07,Active
407708,9003324,Vehicle,499522.91,Active
407709,9007018,Deposit,461318.72,Active
407710,9014476,Vehicle,143375.21,Active
407711,9001721,Gold,173654.16,Released
407712,9029812,Property,61106.24,Active
407713,9017368,Gold,38077.06,Active
407714,9009538,Property,155769.93,Released
407715,9012307,Property,400393.07,Active
407716,9029426,Property,155592.7,Released
407717,9017378,Property,359375.03,Active
407718,9013392,Property,415014.06,Active
407719,9024907,Vehicle,5974.47,Active
407720,9016294,Gold,291908.79,Active
407721,9009854,Property,178602.56,Released
407722,9023404,Property,257875.63,Active
407723,9017236,Vehicle,161017.84,Released
407724,9028628,Vehicle,260317.11,Active
407725,9003213,Property,462891.81,Active
407726,9000998,Equipment,200940.17,Released
407727,9002225,Vehicle,155318.36,Active
407728,9026816,Property,474144.15,Active
407729,9026747,Property,9885.32,Active
407730,9008557,Vehicle,455741.67,Active
407731,9028128,Property,212389.74,Released
407732,9008986,Vehicle,82972.68,Active
407733,9027523,Equipment,313923.54,Released
407734,9020251,Deposit,164646.85,Released
407735,9026727,Property,437016.23,Active
407736,9008615,Other,384601.72,Active
407737,9001437,Other,448638.53,Active
407738,9023151,Equipment,265345.01,Released
407739,9024723,Equipment,69778.67,Released
407740,9019196,Other,473915.95,Released
407741,9015323,Property,119137.27,Active
407742,9019234,Property,53624.38,Released
407743,9024791,Property,457124.22,Released
407744,9000401,Vehicle,177512.34,Released
407745,9026362,Gold,86677.86,Active
407746,9000304,Property,58594.75,Active
407747,9021156,Vehicle,326830.05,Active
407748,9014060,Vehicle,300602.9,Active
407749,9010811,Deposit,127131.7,Active
407750,9028158,Deposit,224707.67,Active
407751,9003713,Property,266640.72,Active
407752,9017548,Property,160265.13,Active
407753,9004506,Vehicle,498671.68,Active
407754,9017896,Property,9444.68,Released
407755,9017327,Property,91388.84,Active
407756,9023174,Equipment,382888.19,Released
407757,9001337,Deposit,41853.75,Active
407758,9028814,Vehicle,388309.48,Released
407759,9012450,Property,234854.56,Active
407760,9026040,Property,138072.97,Active
407761,9025761,Vehicle,412564.98,Released
407762,9009263,Vehicle,100649.5,Released
407763,9017927,Property,269787.06,Active
407764,9023327,Equipment,127662.6,Released
407765,9010145,Gold,460401.08,Active
407766,9012810,Equipment,485262.59,Active
407767,9004405,Vehicle,427140.5,Active
407768,9028228,Deposit,499857.53,Released
407769,9004384,Equipment,320562.76,Active
407770,9011884,Property,399387.48,Active
407771,9006476,Property,418450.23,Active
407772,9003063,Deposit,120732.53,Active
407773,9007396,Property,354373.53,Active
407774,9010178,Vehicle,245742.62,Active
407775,9005719,Deposit,371000.49,Released
407776,9001209,Vehicle,260173.91,Active
407777,9022406,Vehicle,432645.89,Released
407778,9000258,Property,92953.36,Active
407779,9011733,Vehicle,42469.24,Active
407780,9015224,Vehicle,424398.58,Active
407781,9027338,Property,411302.39,Active
407782,9023309,Vehicle,207318.61,Active
407783,9024309,Equipment,156592.16,Released
407784,9025303,Property,457119.1,Active
407785,9024116,Deposit,498215.48,Active
407786,9026601,Other,195511.18,Released
407787,9004764,Vehicle,161707.41,Active
407788,9021313,Deposit,419109.76,Active
407789,9020248,Equipment,181397.85,Active
407790,9007494,Property,88522.02,Active
407791,9020389,Vehicle,46107.19,Active
407792,9004192,Vehicle,32065.03,Active
407793,9002355,Property,382380.63,Released
407794,9002091,Property,193969.24,Active
407795,9006481,Property,392470.53,Active
407796,9028048,Vehicle,396378.69,Released
407797,9024991,Vehicle,459488.97,Released
407798,9009879,Property,258481.46,Released
407799,9016174,Property,23915.54,Active
407800,9026990,Property,293311.43,Released
407801,9007313,Property,275748.1,Released
407802,9022101,Property,321677.62,Active
407803,9012425,Vehicle,367247.31,Released
407804,9022855,Property,181763.4,Active
407805,9011975,Property,309814.46,Active
407806,9014437,Vehicle,144048.84,Released
407807,9015413,Vehicle,182778.56,Released
407808,9025556,Gold,327298.62,Released
407809,9009198,Property,78771.7,Released
407810,9016999,Deposit,45829.73,Active
407811,9017257,Property,178157.11,Released
407812,9000705,Other,173862.18,Active
407813,9024936,Property,423166.54,Active
407814,9023267,Other,100040.03,Released
407815,9005449,Property,125380.64,Active
407816,9007550,Property,320111.23,Active
407817,9022718,Vehicle,50936.53,Active
407818,9001075,Deposit,163081.17,Released
407819,9020498,Vehicle,339441.98,Active
407820,9020156,Vehicle,271929.09,Released
407821,9024746,Property,403594.51,Released
407822,9003454,Vehicle,178451.57,Released
407823,9001824,Other,125146.07,Released
407824,9001370,Property,295324.45,Active
407825,9022737,Deposit,131212.61,Released
407826,9020266,Vehicle,352238.67,Active
407827,9014051,Property,218834.17,Active
407828,9011529,Gold,352631.33,Released
407829,9002105,Property,196300.51,Active
407830,9018553,Property,407531.21,Active
407831,9008717,Property,76990.11,Released
407832,9022590,Equipment,100740.19,Active
407833,9011323,Other,341816.44,Active
407834,9027725,Equipment,490173.2,Released
407835,9006861,Vehicle,246337.27,Active
407836,9014478,Property,173607.8,Active
407837,9016698,Equipment,424757.34,Active
407838,9011229,Deposit,360002.83,Released
407839,9010850,Property,9741.96,Active
407840,9006491,Other,174368.23,Active
407841,9000777,Vehicle,57711.12,Released
407842,9023352,Property,9024.36,Active
407843,9013035,Deposit,289707.3,Active
407844,9002686,Property,319022.38,Active
407845,9021889,Gold,341776.57,Released
407846,9012537,Property,26895.73,Released
407847,9016391,Vehicle,416680.85,Active
407848,9011768,Vehicle,121761.61,Active
407849,9007772,Property,237841.84,Active
407850,9002865,Property,167372.99,Active
407851,9016780,Vehicle,398071.94,Active
407852,9023708,Vehicle,47188.51,Active
407853,9018949,Gold,189098.98,Released
407854,9021725,Vehicle,481261.94,Active
407855,9010283,Property,206014.02,Active
407856,9023187,Property,87686.03,Released
407857,9011644,Property,20711.25,Active
407858,9017036,Deposit,474306.95,Active
407859,9005146,Vehicle,327636.25,Active
407860,9020783,Equipment,129253.12,Released
407861,9017109,Equipment,246780.21,Active
407862,9011621,Deposit,259074.8,Released
407863,9023198,Property,309929.9,Active
407864,9009747,Vehicle,243620.87,Active
407865,9004498,Other,366624.37,Active
407866,9007751,Deposit,71702.78,Active
407867,9004157,Vehicle,42656.22,Released
407868,9002379,Vehicle,45813.82,Active
407869,9005310,Property,281192.55,Active
407870,9022825,Property,313279.02,Active
407871,9008777,Property,208325.71,Active
407872,9012601,Deposit,36456.86,Released
407873,9004938,Property,240595.79,Active
407874,9020546,Equipment,46767.54,Active
407875,9009726,Vehicle,474485.55,Active
407876,9006895,Vehicle,172385.62,Active
407877,9010436,Property,413188.91,Active
407878,9005921,Property,480623.43,Active
407879,9008663,Property,416817.53,Active
407880,9011128,Property,7234.62,Active
407881,9024392,Deposit,203466.19,Active
407882,9002047,Property,28863.12,Active
407883,9003152,Vehicle,417708.67,Active
407884,9005723,Vehicle,460694.06,Active
407885,9007304,Other,275601.37,Active
407886,9024140,Property,63287.32,Active
407887,9020224,Property,473550.02,Released
407888,9013715,Gold,237062.15,Active
407889,9008602,Property,264346.09,Active
407890,9020568,Gold,174855.53,Released
407891,9003989,Property,351950.4,Active
407892,9020897,Property,179462.61,Released
407893,9006142,Property,85260.18,Released
407894,9025208,Other,398697.75,Active
407895,9026695,Property,98835.51,Active
407896,9005161,Property,33546.22,Released
407897,9028555,Property,371220.49,Active
407898,9023021,Deposit,151919.75,Released
407899,9019553,Vehicle,145293.95,Released
407900,9000037,Deposit,6046.69,Released
407901,9008754,Property,76701.56,Active
407902,9022773,Vehicle,351901.28,Released
407903,9016288,Vehicle,119726.19,Released
407904,9014990,Vehicle,452686.92,Released
407905,9017823,Property,289757.66,Released
407906,9012556,Deposit,451968.0,Released
407907,9010069,Vehicle,419526.12,Active
407908,9009495,Vehicle,468671.04,Active
407909,9024475,Property,176010.63,Released
407910,9025363,Vehicle,298659.84,Active
407911,9011824,Vehicle,214018.11,Active
407912,9026651,Vehicle,235411.78,Released
407913,9013187,Gold,95441.09,Released
407914,9003456,Gold,224222.23,Released
407915,9009890,Property,149642.77,Active
407916,9013457,Vehicle,478892.78,Active
407917,9010669,Other,160536.84,Active
407918,9001712,Property,484116.94,Active
407919,9012213,Property,215237.17,Active
407920,9015691,Property,409588.12,Active
407921,9021695,Property,166100.44,Active
407922,9018905,Vehicle,258453.91,Active
407923,9027397,Deposit,269249.62,Released
407924,9025865,Property,67883.15,Active
407925,9015576,Vehicle,66455.8,Active
407926,9011179,Property,112207.38,Active
407927,9007279,Property,130407.33,Active
407928,9012564,Property,263347.29,Active
407929,9002886,Vehicle,111185.89,Released
407930,9014766,Vehicle,343887.92,Released
407931,9009377,Vehicle,139607.6,Active
407932,9025989,Property,267951.24,Released
407933,9026741,Property,46176.9,Active
407934,9000949,Property,493722.02,Active
407935,9019237,Gold,103734.35,Released
407936,9021007,Property,482203.65,Active
407937,9012022,Property,307412.53,Active
407938,9012258,Vehicle,244785.15,Released
407939,9007976,Property,426302.23,Active
407940,9009135,Equipment,452420.68,Active
407941,9009461,Property,64285.46,Active
407942,9008013,Property,367145.48,Active
407943,9019129,Property,180574.64,Released
407944,9007241,Property,433274.22,Active
407945,9018372,Vehicle,341631.61,Active
407946,9020406,Property,39808.94,Active
407947,9024426,Vehicle,96472.21,Active
407948,9024093,Equipment,395615.84,Active
407949,9007484,Vehicle,178603.02,Active
407950,9021607,Other,482790.41,Active
407951,9005065,Vehicle,271646.8,Active
407952,9025530,Property,188058.44,Active
407953,9013698,Vehicle,112986.4,Active
407954,9006690,Deposit,359781.63,Active
407955,9015523,Gold,221840.29,Active
407956,9029043,Property,364976.24,Active
407957,9021364,Property,231244.65,Active
407958,9006548,Property,52794.48,Released
407959,9021961,Property,176260.51,Active
407960,9015450,Property,382560.62,Active
407961,9028153,Property,421951.7,Active
407962,9007111,Vehicle,203164.15,Released
407963,9011098,Property,380858.18,Active
407964,9004606,Vehicle,36131.11,Active
407965,9013736,Property,196134.4,Active
407966,9015544,Gold,304018.06,Active
407967,9016007,Gold,51988.42,Active
407968,9007945,Property,390736.72,Active
407969,9023525,Vehicle,234254.34,Released
407970,9025367,Deposit,106774.33,Active
407971,9024557,Property,464411.18,Active
407972,9004881,Vehicle,250783.07,Released
407973,9000176,Property,349984.12,Released
407974,9000679,Property,14542.62,Active
407975,9009642,Property,262106.67,Active
407976,9019058,Vehicle,124227.51,Active
407977,9018453,Property,420393.39,Active
407978,9015778,Vehicle,147764.89,Released
407979,9022516,Vehicle,128352.87,Active
407980,9006325,Gold,338728.53,Active
407981,9022243,Property,456953.45,Active
407982,9024725,Property,77281.06,Released
407983,9027213,Property,383413.01,Active
407984,9019459,Equipment,287545.05,Active
407985,9024430,Deposit,405925.94,Active
407986,9021657,Gold,180260.89,Released
407987,9010577,Property,358152.32,Active
407988,9016985,Other,199915.56,Released
407989,9014383,Property,186940.52,Active
407990,9027008,Property,50416.11,Active
407991,9024303,Property,334744.89,Active
407992,9019638,Vehicle,422238.38,Active
407993,9014712,Vehicle,353734.61,Active
407994,9000746,Vehicle,38862.7,Released
407995,9012608,Deposit,10069.07,Active
407996,9003834,Property,26653.09,Active
407997,9006906,Equipment,356312.15,Released
407998,9006754,Equipment,296053.04,Active
407999,9011573,Vehicle,295611.94,Released
