CustomerID,CustomerName,Email,Phone,Age,AnnualIncome,RiskBand,RegionID
100000,Customer_0,cust0@masked.com,+XXX-XXX-1000,30,25917,D,3102
100001,Customer_1,cust1@masked.com,+XXX-XXX-1001,41,35350,B,3092
100002,Customer_2,cust2@masked.com,+XXX-XXX-1002,43,156814,C,3014
100003,Customer_3,cust3@masked.com,+XXX-XXX-1003,21,135236,C,3106
100004,Customer_4,cust4@masked.com,+XXX-XXX-1004,53,100197,C,3071
100005,Customer_5,cust5@masked.com,+XXX-XXX-1005,46,127554,B,3020
100006,Customer_6,cust6@masked.com,+XXX-XXX-1006,35,162815,B,3102
100007,Customer_7,cust7@masked.com,+XXX-XXX-1007,42,38891,B,3121
100008,Customer_8,cust8@masked.com,+XXX-XXX-1008,45,48483,C,3074
100009,Customer_9,cust9@masked.com,+XXX-XXX-1009,21,51135,B,3087
100010,Customer_10,cust10@masked.com,+XXX-XXX-1010,46,115093,D,3116
100011,Customer_11,cust11@masked.com,+XXX-XXX-1011,41,162754,D,3099
100012,Customer_12,cust12@masked.com,+XXX-XXX-1012,61,32798,A,3103
100013,Customer_13,cust13@masked.com,+XXX-XXX-1013,44,114575,A,3130
100014,Customer_14,cust14@masked.com,+XXX-XXX-1014,59,194991,C,3149
100015,Customer_15,cust15@masked.com,+XXX-XXX-1015,36,34198,B,3052
100016,Customer_16,cust16@masked.com,+XXX-XXX-1016,52,127378,A,3001
100017,Customer_17,cust17@masked.com,+XXX-XXX-1017,36,52104,D,3087
100018,Customer_18,cust18@masked.com,+XXX-XXX-1018,33,27603,B,3037
100019,Customer_19,cust19@masked.com,+XXX-XXX-1019,62,170081,E,3129
100020,Customer_20,cust20@masked.com,+XXX-XXX-1020,52,58661,C,3020
100021,Customer_21,cust21@masked.com,+XXX-XXX-1021,61,181037,D,3057
100022,Customer_22,cust22@masked.com,+XXX-XXX-1022,64,174856,A,3021
100023,Customer_23,cust23@masked.com,+XXX-XXX-1023,44,49340,B,3088
100024,Customer_24,cust24@masked.com,+XXX-XXX-1024,33,90297,C,3048
100025,Customer_25,cust25@masked.com,+XXX-XXX-1025,31,174641,A,3058
100026,Customer_26,cust26@masked.com,+XXX-XXX-1026,35,69411,B,3014
100027,Customer_27,cust27@masked.com,+XXX-XXX-1027,30,128004,B,3050
100028,Customer_28,cust28@masked.com,+XXX-XXX-1028,62,178326,A,3107
100029,Customer_29,cust29@masked.com,+XXX-XXX-1029,61,120148,A,3054
100030,Customer_30,cust30@masked.com,+XXX-XXX-1030,23,125573,D,3063
100031,Customer_31,cust31@masked.com,+XXX-XXX-1031,36,178232,A,3130
100032,Customer_32,cust32@masked.com,+XXX-XXX-1032,64,32206,A,3050
100033,Customer_33,cust33@masked.com,+XXX-XXX-1033,37,64211,C,3134
100034,Customer_34,cust34@masked.com,+XXX-XXX-1034,45,21533,E,3020
100035,Customer_35,cust35@masked.com,+XXX-XXX-1035,50,91132,B,3072
100036,Customer_36,cust36@masked.com,+XXX-XXX-1036,67,193455,A,3017
100037,Customer_37,cust37@masked.com,+XXX-XXX-1037,55,26358,C,3131
100038,Customer_38,cust38@masked.com,+XXX-XXX-1038,57,140190,D,3088
100039,Customer_39,cust39@masked.com,+XXX-XXX-1039,33,74395,D,3059
100040,Customer_40,cust40@masked.com,+XXX-XXX-1040,44,183107,C,3013
100041,Customer_41,cust41@masked.com,+XXX-XXX-1041,58,185531,B,3008
100042,Customer_42,cust42@masked.com,+XXX-XXX-1042,46,192359,C,3089
100043,Customer_43,cust43@masked.com,+XXX-XXX-1043,29,171209,A,3052
100044,Customer_44,cust44@masked.com,+XXX-XXX-1044,39,145774,C,3129
100045,Customer_45,cust45@masked.com,+XXX-XXX-1045,48,188594,C,3083
100046,Customer_46,cust46@masked.com,+XXX-XXX-1046,27,112459,E,3091
100047,Customer_47,cust47@masked.com,+XXX-XXX-1047,65,58941,B,3110
100048,Customer_48,cust48@masked.com,+XXX-XXX-1048,42,193129,A,3007
100049,Customer_49,cust49@masked.com,+XXX-XXX-1049,50,180761,C,3034
100050,Customer_50,cust50@masked.com,+XXX-XXX-1050,57,93588,C,3080
100051,Customer_51,cust51@masked.com,+XXX-XXX-1051,36,106938,D,3049
100052,Customer_52,cust52@masked.com,+XXX-XXX-1052,56,91240,A,3103
100053,Customer_53,cust53@masked.com,+XXX-XXX-1053,25,191751,B,3131
100054,Customer_54,cust54@masked.com,+XXX-XXX-1054,49,114846,C,3001
100055,Customer_55,cust55@masked.com,+XXX-XXX-1055,43,77428,B,3133
100056,Customer_56,cust56@masked.com,+XXX-XXX-1056,26,185117,D,3053
100057,Customer_57,cust57@masked.com,+XXX-XXX-1057,56,63671,B,3105
100058,Customer_58,cust58@masked.com,+XXX-XXX-1058,53,66903,D,3003
100059,Customer_59,cust59@masked.com,+XXX-XXX-1059,69,31715,C,3053
100060,Customer_60,cust60@masked.com,+XXX-XXX-1060,61,172882,D,3145
100061,Customer_61,cust61@masked.com,+XXX-XXX-1061,36,60583,B,3043
100062,Customer_62,cust62@masked.com,+XXX-XXX-1062,54,113497,D,3013
100063,Customer_63,cust63@masked.com,+XXX-XXX-1063,63,40706,B,3094
100064,Customer_64,cust64@masked.com,+XXX-XXX-1064,46,41316,C,3047
100065,Customer_65,cust65@masked.com,+XXX-XXX-1065,57,187667,A,3014
100066,Customer_66,cust66@masked.com,+XXX-XXX-1066,33,79655,B,3039
100067,Customer_67,cust67@masked.com,+XXX-XXX-1067,37,22497,B,3081
100068,Customer_68,cust68@masked.com,+XXX-XXX-1068,52,33562,B,3110
100069,Customer_69,cust69@masked.com,+XXX-XXX-1069,52,121783,E,3052
100070,Customer_70,cust70@masked.com,+XXX-XXX-1070,48,114377,A,3023
100071,Customer_71,cust71@masked.com,+XXX-XXX-1071,49,159829,D,3123
100072,Customer_72,cust72@masked.com,+XXX-XXX-1072,45,29018,E,3040
100073,Customer_73,cust73@masked.com,+XXX-XXX-1073,67,180349,A,3014
100074,Customer_74,cust74@masked.com,+XXX-XXX-1074,42,195149,C,3044
100075,Customer_75,cust75@masked.com,+XXX-XXX-1075,47,185644,B,3064
100076,Customer_76,cust76@masked.com,+XXX-XXX-1076,64,62020,A,3088
100077,Customer_77,cust77@masked.com,+XXX-XXX-1077,58,130005,B,3070
100078,Customer_78,cust78@masked.com,+XXX-XXX-1078,40,77264,E,3008
100079,Customer_79,cust79@masked.com,+XXX-XXX-1079,65,145936,A,3087
100080,Customer_80,cust80@masked.com,+XXX-XXX-1080,44,155242,C,3128
100081,Customer_81,cust81@masked.com,+XXX-XXX-1081,67,113202,C,3135
100082,Customer_82,cust82@masked.com,+XXX-XXX-1082,67,192219,D,3062
100083,Customer_83,cust83@masked.com,+XXX-XXX-1083,28,64944,A,3138
100084,Customer_84,cust84@masked.com,+XXX-XXX-1084,34,44714,C,3080
100085,Customer_85,cust85@masked.com,+XXX-XXX-1085,59,69294,C,3135
100086,Customer_86,cust86@masked.com,+XXX-XXX-1086,34,183783,C,3032
100087,Customer_87,cust87@masked.com,+XXX-XXX-1087,25,20220,E,3122
100088,Customer_88,cust88@masked.com,+XXX-XXX-1088,67,59769,D,3004
100089,Customer_89,cust89@masked.com,+XXX-XXX-1089,41,81949,A,3040
100090,Customer_90,cust90@masked.com,+XXX-XXX-1090,35,145303,B,3027
100091,Customer_91,cust91@masked.com,+XXX-XXX-1091,56,97828,B,3134
100092,Customer_92,cust92@masked.com,+XXX-XXX-1092,53,179676,B,3071
100093,Customer_93,cust93@masked.com,+XXX-XXX-1093,37,36771,B,3011
100094,Customer_94,cust94@masked.com,+XXX-XXX-1094,40,81182,B,3032
100095,Customer_95,cust95@masked.com,+XXX-XXX-1095,21,183786,B,3047
100096,Customer_96,cust96@masked.com,+XXX-XXX-1096,36,50429,E,3061
100097,Customer_97,cust97@masked.com,+XXX-XXX-1097,65,58759,A,3036
100098,Customer_98,cust98@masked.com,+XXX-XXX-1098,38,21839,E,3098
100099,Customer_99,cust99@masked.com,+XXX-XXX-1099,30,148759,B,3103
100100,Customer_100,cust100@masked.com,+XXX-XXX-1100,43,44940,C,3034
100101,Customer_101,cust101@masked.com,+XXX-XXX-1101,38,110528,D,3100
100102,Customer_102,cust102@masked.com,+XXX-XXX-1102,69,27676,B,3130
100103,Customer_103,cust103@masked.com,+XXX-XXX-1103,29,128131,B,3000
100104,Customer_104,cust104@masked.com,+XXX-XXX-1104,66,103988,B,3004
100105,Customer_105,cust105@masked.com,+XXX-XXX-1105,50,167972,B,3141
100106,Customer_106,cust106@masked.com,+XXX-XXX-1106,33,193252,E,3102
100107,Customer_107,cust107@masked.com,+XXX-XXX-1107,51,86196,D,3026
100108,Customer_108,cust108@masked.com,+XXX-XXX-1108,66,138104,A,3136
100109,Customer_109,cust109@masked.com,+XXX-XXX-1109,63,110441,A,3014
100110,Customer_110,cust110@masked.com,+XXX-XXX-1110,33,85913,B,3089
100111,Customer_111,cust111@masked.com,+XXX-XXX-1111,52,162546,A,3041
100112,Customer_112,cust112@masked.com,+XXX-XXX-1112,37,151231,C,3123
100113,Customer_113,cust113@masked.com,+XXX-XXX-1113,23,167001,A,3062
100114,Customer_114,cust114@masked.com,+XXX-XXX-1114,21,188014,C,3095
100115,Customer_115,cust115@masked.com,+XXX-XXX-1115,25,153271,A,3051
100116,Customer_116,cust116@masked.com,+XXX-XXX-1116,52,32980,B,3095
100117,Customer_117,cust117@masked.com,+XXX-XXX-1117,45,194069,C,3131
100118,Customer_118,cust118@masked.com,+XXX-XXX-1118,65,194431,B,3142
100119,Customer_119,cust119@masked.com,+XXX-XXX-1119,25,111336,E,3028
100120,Customer_120,cust120@masked.com,+XXX-XXX-1120,57,197078,D,3035
100121,Customer_121,cust121@masked.com,+XXX-XXX-1121,43,157348,B,3012
100122,Customer_122,cust122@masked.com,+XXX-XXX-1122,32,38372,A,3070
100123,Customer_123,cust123@masked.com,+XXX-XXX-1123,54,141000,D,3085
100124,Customer_124,cust124@masked.com,+XXX-XXX-1124,43,28168,D,3027
100125,Customer_125,cust125@masked.com,+XXX-XXX-1125,36,44966,D,3065
100126,Customer_126,cust126@masked.com,+XXX-XXX-1126,69,127904,A,3044
100127,Customer_127,cust127@masked.com,+XXX-XXX-1127,25,155987,E,3061
100128,Customer_128,cust128@masked.com,+XXX-XXX-1128,64,190081,B,3133
100129,Customer_129,cust129@masked.com,+XXX-XXX-1129,67,68921,C,3027
100130,Customer_130,cust130@masked.com,+XXX-XXX-1130,48,125439,D,3027
100131,Customer_131,cust131@masked.com,+XXX-XXX-1131,26,180083,B,3107
100132,Customer_132,cust132@masked.com,+XXX-XXX-1132,33,103474,D,3043
100133,Customer_133,cust133@masked.com,+XXX-XXX-1133,63,24047,B,3083
100134,Customer_134,cust134@masked.com,+XXX-XXX-1134,50,36515,E,3029
100135,Customer_135,cust135@masked.com,+XXX-XXX-1135,46,173809,B,3074
100136,Customer_136,cust136@masked.com,+XXX-XXX-1136,37,180120,E,3127
100137,Customer_137,cust137@masked.com,+XXX-XXX-1137,29,163999,A,3091
100138,Customer_138,cust138@masked.com,+XXX-XXX-1138,36,84565,C,3128
100139,Customer_139,cust139@masked.com,+XXX-XXX-1139,69,185361,C,3120
100140,Customer_140,cust140@masked.com,+XXX-XXX-1140,38,69592,B,3026
100141,Customer_141,cust141@masked.com,+XXX-XXX-1141,33,95469,B,3120
100142,Customer_142,cust142@masked.com,+XXX-XXX-1142,49,143120,C,3115
100143,Customer_143,cust143@masked.com,+XXX-XXX-1143,63,116017,A,3002
100144,Customer_144,cust144@masked.com,+XXX-XXX-1144,65,105311,C,3102
100145,Customer_145,cust145@masked.com,+XXX-XXX-1145,44,34836,B,3136
100146,Customer_146,cust146@masked.com,+XXX-XXX-1146,65,105641,E,3061
100147,Customer_147,cust147@masked.com,+XXX-XXX-1147,64,196150,A,3050
100148,Customer_148,cust148@masked.com,+XXX-XXX-1148,66,190615,A,3058
100149,Customer_149,cust149@masked.com,+XXX-XXX-1149,33,150674,B,3117
100150,Customer_150,cust150@masked.com,+XXX-XXX-1150,45,109080,B,3095
100151,Customer_151,cust151@masked.com,+XXX-XXX-1151,61,167025,B,3112
100152,Customer_152,cust152@masked.com,+XXX-XXX-1152,66,142393,B,3061
100153,Customer_153,cust153@masked.com,+XXX-XXX-1153,21,122498,D,3051
100154,Customer_154,cust154@masked.com,+XXX-XXX-1154,29,184584,C,3011
100155,Customer_155,cust155@masked.com,+XXX-XXX-1155,24,173002,C,3038
100156,Customer_156,cust156@masked.com,+XXX-XXX-1156,48,69604,A,3129
100157,Customer_157,cust157@masked.com,+XXX-XXX-1157,32,23262,C,3130
100158,Customer_158,cust158@masked.com,+XXX-XXX-1158,44,31213,A,3112
100159,Customer_159,cust159@masked.com,+XXX-XXX-1159,66,44129,D,3100
100160,Customer_160,cust160@masked.com,+XXX-XXX-1160,29,80606,B,3112
100161,Customer_161,cust161@masked.com,+XXX-XXX-1161,55,36524,B,3080
100162,Customer_162,cust162@masked.com,+XXX-XXX-1162,58,38098,B,3112
100163,Customer_163,cust163@masked.com,+XXX-XXX-1163,55,96548,D,3001
100164,Customer_164,cust164@masked.com,+XXX-XXX-1164,53,187345,A,3129
100165,Customer_165,cust165@masked.com,+XXX-XXX-1165,55,82903,C,3053
100166,Customer_166,cust166@masked.com,+XXX-XXX-1166,66,89138,A,3086
100167,Customer_167,cust167@masked.com,+XXX-XXX-1167,40,43059,C,3128
100168,Customer_168,cust168@masked.com,+XXX-XXX-1168,22,192949,D,3146
100169,Customer_169,cust169@masked.com,+XXX-XXX-1169,64,193854,B,3125
100170,Customer_170,cust170@masked.com,+XXX-XXX-1170,46,173960,B,3129
100171,Customer_171,cust171@masked.com,+XXX-XXX-1171,62,179470,E,3052
100172,Customer_172,cust172@masked.com,+XXX-XXX-1172,33,161867,C,3067
100173,Customer_173,cust173@masked.com,+XXX-XXX-1173,50,106723,B,3122
100174,Customer_174,cust174@masked.com,+XXX-XXX-1174,52,103650,C,3144
100175,Customer_175,cust175@masked.com,+XXX-XXX-1175,56,97156,C,3037
100176,Customer_176,cust176@masked.com,+XXX-XXX-1176,39,91512,A,3023
100177,Customer_177,cust177@masked.com,+XXX-XXX-1177,42,49232,D,3068
100178,Customer_178,cust178@masked.com,+XXX-XXX-1178,21,164356,B,3115
100179,Customer_179,cust179@masked.com,+XXX-XXX-1179,31,142499,A,3097
100180,Customer_180,cust180@masked.com,+XXX-XXX-1180,46,125332,D,3138
100181,Customer_181,cust181@masked.com,+XXX-XXX-1181,68,82630,B,3143
100182,Customer_182,cust182@masked.com,+XXX-XXX-1182,39,122022,A,3096
100183,Customer_183,cust183@masked.com,+XXX-XXX-1183,39,131558,C,3123
100184,Customer_184,cust184@masked.com,+XXX-XXX-1184,32,185646,D,3069
100185,Customer_185,cust185@masked.com,+XXX-XXX-1185,23,83683,D,3092
100186,Customer_186,cust186@masked.com,+XXX-XXX-1186,38,94081,E,3002
100187,Customer_187,cust187@masked.com,+XXX-XXX-1187,69,184780,D,3147
100188,Customer_188,cust188@masked.com,+XXX-XXX-1188,25,158859,A,3146
100189,Customer_189,cust189@masked.com,+XXX-XXX-1189,68,108978,B,3089
100190,Customer_190,cust190@masked.com,+XXX-XXX-1190,44,179790,D,3146
100191,Customer_191,cust191@masked.com,+XXX-XXX-1191,34,148308,B,3147
100192,Customer_192,cust192@masked.com,+XXX-XXX-1192,58,159493,C,3095
100193,Customer_193,cust193@masked.com,+XXX-XXX-1193,23,181668,C,3051
100194,Customer_194,cust194@masked.com,+XXX-XXX-1194,26,82540,B,3127
100195,Customer_195,cust195@masked.com,+XXX-XXX-1195,32,32365,D,3038
100196,Customer_196,cust196@masked.com,+XXX-XXX-1196,31,137469,C,3081
100197,Customer_197,cust197@masked.com,+XXX-XXX-1197,59,190927,B,3103
100198,Customer_198,cust198@masked.com,+XXX-XXX-1198,46,166847,E,3128
100199,Customer_199,cust199@masked.com,+XXX-XXX-1199,21,129591,B,3010
100200,Customer_200,cust200@masked.com,+XXX-XXX-1200,36,58022,A,3041
100201,Customer_201,cust201@masked.com,+XXX-XXX-1201,68,86448,C,3098
100202,Customer_202,cust202@masked.com,+XXX-XXX-1202,69,57213,D,3006
100203,Customer_203,cust203@masked.com,+XXX-XXX-1203,67,78648,D,3143
100204,Customer_204,cust204@masked.com,+XXX-XXX-1204,29,30715,D,3089
100205,Customer_205,cust205@masked.com,+XXX-XXX-1205,25,53059,C,3111
100206,Customer_206,cust206@masked.com,+XXX-XXX-1206,28,35223,B,3059
100207,Customer_207,cust207@masked.com,+XXX-XXX-1207,41,184307,D,3112
100208,Customer_208,cust208@masked.com,+XXX-XXX-1208,53,165713,D,3001
100209,Customer_209,cust209@masked.com,+XXX-XXX-1209,59,74455,A,3128
100210,Customer_210,cust210@masked.com,+XXX-XXX-1210,63,31391,A,3047
100211,Customer_211,cust211@masked.com,+XXX-XXX-1211,40,108512,E,3139
100212,Customer_212,cust212@masked.com,+XXX-XXX-1212,65,40709,D,3036
100213,Customer_213,cust213@masked.com,+XXX-XXX-1213,42,184904,D,3008
100214,Customer_214,cust214@masked.com,+XXX-XXX-1214,33,188728,D,3098
100215,Customer_215,cust215@masked.com,+XXX-XXX-1215,59,31655,C,3146
100216,Customer_216,cust216@masked.com,+XXX-XXX-1216,31,33111,C,3047
100217,Customer_217,cust217@masked.com,+XXX-XXX-1217,38,177341,C,3130
100218,Customer_218,cust218@masked.com,+XXX-XXX-1218,50,82275,A,3147
100219,Customer_219,cust219@masked.com,+XXX-XXX-1219,53,84532,C,3053
100220,Customer_220,cust220@masked.com,+XXX-XXX-1220,64,169850,C,3119
100221,Customer_221,cust221@masked.com,+XXX-XXX-1221,23,128553,C,3115
100222,Customer_222,cust222@masked.com,+XXX-XXX-1222,21,112704,C,3074
100223,Customer_223,cust223@masked.com,+XXX-XXX-1223,56,137608,B,3112
100224,Customer_224,cust224@masked.com,+XXX-XXX-1224,26,66418,A,3103
100225,Customer_225,cust225@masked.com,+XXX-XXX-1225,57,58708,B,3083
100226,Customer_226,cust226@masked.com,+XXX-XXX-1226,49,126352,A,3111
100227,Customer_227,cust227@masked.com,+XXX-XXX-1227,31,129444,A,3098
100228,Customer_228,cust228@masked.com,+XXX-XXX-1228,33,130353,E,3092
100229,Customer_229,cust229@masked.com,+XXX-XXX-1229,31,193506,A,3145
100230,Customer_230,cust230@masked.com,+XXX-XXX-1230,58,94858,B,3127
100231,Customer_231,cust231@masked.com,+XXX-XXX-1231,45,45977,C,3109
100232,Customer_232,cust232@masked.com,+XXX-XXX-1232,35,150247,C,3081
100233,Customer_233,cust233@masked.com,+XXX-XXX-1233,33,79319,A,3053
100234,Customer_234,cust234@masked.com,+XXX-XXX-1234,62,99702,D,3067
100235,Customer_235,cust235@masked.com,+XXX-XXX-1235,53,103670,D,3032
100236,Customer_236,cust236@masked.com,+XXX-XXX-1236,33,118305,B,3141
100237,Customer_237,cust237@masked.com,+XXX-XXX-1237,58,177286,B,3020
100238,Customer_238,cust238@masked.com,+XXX-XXX-1238,44,61108,E,3047
100239,Customer_239,cust239@masked.com,+XXX-XXX-1239,40,182739,D,3147
100240,Customer_240,cust240@masked.com,+XXX-XXX-1240,64,40631,C,3127
100241,Customer_241,cust241@masked.com,+XXX-XXX-1241,37,109652,A,3135
100242,Customer_242,cust242@masked.com,+XXX-XXX-1242,44,52421,B,3134
100243,Customer_243,cust243@masked.com,+XXX-XXX-1243,46,42419,C,3144
100244,Customer_244,cust244@masked.com,+XXX-XXX-1244,60,194385,A,3127
100245,Customer_245,cust245@masked.com,+XXX-XXX-1245,52,87579,B,3032
100246,Customer_246,cust246@masked.com,+XXX-XXX-1246,49,152774,C,3114
100247,Customer_247,cust247@masked.com,+XXX-XXX-1247,34,189787,B,3118
100248,Customer_248,cust248@masked.com,+XXX-XXX-1248,57,63889,D,3021
100249,Customer_249,cust249@masked.com,+XXX-XXX-1249,42,163834,D,3037
100250,Customer_250,cust250@masked.com,+XXX-XXX-1250,54,54155,B,3108
100251,Customer_251,cust251@masked.com,+XXX-XXX-1251,47,147782,D,3050
100252,Customer_252,cust252@masked.com,+XXX-XXX-1252,48,164454,A,3007
100253,Customer_253,cust253@masked.com,+XXX-XXX-1253,42,112192,D,3026
100254,Customer_254,cust254@masked.com,+XXX-XXX-1254,63,49852,A,3026
100255,Customer_255,cust255@masked.com,+XXX-XXX-1255,23,148329,A,3020
100256,Customer_256,cust256@masked.com,+XXX-XXX-1256,42,133417,C,3029
100257,Customer_257,cust257@masked.com,+XXX-XXX-1257,68,68843,B,3096
100258,Customer_258,cust258@masked.com,+XXX-XXX-1258,41,74978,D,3027
100259,Customer_259,cust259@masked.com,+XXX-XXX-1259,36,52130,B,3110
100260,Customer_260,cust260@masked.com,+XXX-XXX-1260,29,161260,B,3060
100261,Customer_261,cust261@masked.com,+XXX-XXX-1261,33,48268,C,3047
100262,Customer_262,cust262@masked.com,+XXX-XXX-1262,30,113342,B,3146
100263,Customer_263,cust263@masked.com,+XXX-XXX-1263,69,198970,B,3003
100264,Customer_264,cust264@masked.com,+XXX-XXX-1264,41,134629,C,3034
100265,Customer_265,cust265@masked.com,+XXX-XXX-1265,69,197690,D,3048
100266,Customer_266,cust266@masked.com,+XXX-XXX-1266,62,45826,D,3016
100267,Customer_267,cust267@masked.com,+XXX-XXX-1267,60,51995,E,3045
100268,Customer_268,cust268@masked.com,+XXX-XXX-1268,27,155534,B,3116
100269,Customer_269,cust269@masked.com,+XXX-XXX-1269,66,54804,C,3005
100270,Customer_270,cust270@masked.com,+XXX-XXX-1270,42,174245,B,3098
100271,Customer_271,cust271@masked.com,+XXX-XXX-1271,38,69689,C,3123
100272,Customer_272,cust272@masked.com,+XXX-XXX-1272,41,150090,B,3036
100273,Customer_273,cust273@masked.com,+XXX-XXX-1273,34,79496,E,3023
100274,Customer_274,cust274@masked.com,+XXX-XXX-1274,30,160054,C,3092
100275,Customer_275,cust275@masked.com,+XXX-XXX-1275,53,115434,E,3045
100276,Customer_276,cust276@masked.com,+XXX-XXX-1276,29,92399,D,3094
100277,Customer_277,cust277@masked.com,+XXX-XXX-1277,38,38332,D,3098
100278,Customer_278,cust278@masked.com,+XXX-XXX-1278,33,99525,D,3115
100279,Customer_279,cust279@masked.com,+XXX-XXX-1279,37,123482,B,3066
100280,Customer_280,cust280@masked.com,+XXX-XXX-1280,43,172560,B,3127
100281,Customer_281,cust281@masked.com,+XXX-XXX-1281,45,106063,B,3017
100282,Customer_282,cust282@masked.com,+XXX-XXX-1282,36,98483,A,3024
100283,Customer_283,cust283@masked.com,+XXX-XXX-1283,44,150324,C,3053
100284,Customer_284,cust284@masked.com,+XXX-XXX-1284,51,64209,C,3057
100285,Customer_285,cust285@masked.com,+XXX-XXX-1285,31,39232,C,3066
100286,Customer_286,cust286@masked.com,+XXX-XXX-1286,43,142993,E,3103
100287,Customer_287,cust287@masked.com,+XXX-XXX-1287,61,137031,D,3023
100288,Customer_288,cust288@masked.com,+XXX-XXX-1288,59,73685,A,3113
100289,Customer_289,cust289@masked.com,+XXX-XXX-1289,42,116521,B,3031
100290,Customer_290,cust290@masked.com,+XXX-XXX-1290,53,36545,B,3085
100291,Customer_291,cust291@masked.com,+XXX-XXX-1291,61,77847,B,3126
100292,Customer_292,cust292@masked.com,+XXX-XXX-1292,62,33347,D,3129
100293,Customer_293,cust293@masked.com,+XXX-XXX-1293,68,153706,C,3016
100294,Customer_294,cust294@masked.com,+XXX-XXX-1294,38,156173,C,3103
100295,Customer_295,cust295@masked.com,+XXX-XXX-1295,34,107686,D,3136
100296,Customer_296,cust296@masked.com,+XXX-XXX-1296,48,177042,D,3042
100297,Customer_297,cust297@masked.com,+XXX-XXX-1297,31,37893,A,3038
100298,Customer_298,cust298@masked.com,+XXX-XXX-1298,44,38703,C,3025
100299,Customer_299,cust299@masked.com,+XXX-XXX-1299,56,113362,B,3098
100300,Customer_300,cust300@masked.com,+XXX-XXX-1300,39,42489,B,3049
100301,Customer_301,cust301@masked.com,+XXX-XXX-1301,33,126975,A,3012
100302,Customer_302,cust302@masked.com,+XXX-XXX-1302,53,130750,B,3059
100303,Customer_303,cust303@masked.com,+XXX-XXX-1303,39,187839,B,3134
100304,Customer_304,cust304@masked.com,+XXX-XXX-1304,67,39733,B,3056
100305,Customer_305,cust305@masked.com,+XXX-XXX-1305,52,96942,C,3035
100306,Customer_306,cust306@masked.com,+XXX-XXX-1306,35,181731,D,3019
100307,Customer_307,cust307@masked.com,+XXX-XXX-1307,31,159023,B,3064
100308,Customer_308,cust308@masked.com,+XXX-XXX-1308,43,141519,A,3007
100309,Customer_309,cust309@masked.com,+XXX-XXX-1309,25,84417,D,3143
100310,Customer_310,cust310@masked.com,+XXX-XXX-1310,42,185078,A,3141
100311,Customer_311,cust311@masked.com,+XXX-XXX-1311,62,20740,E,3114
100312,Customer_312,cust312@masked.com,+XXX-XXX-1312,38,113995,C,3142
100313,Customer_313,cust313@masked.com,+XXX-XXX-1313,27,182171,B,3091
100314,Customer_314,cust314@masked.com,+XXX-XXX-1314,53,129339,B,3097
100315,Customer_315,cust315@masked.com,+XXX-XXX-1315,23,29727,A,3065
100316,Customer_316,cust316@masked.com,+XXX-XXX-1316,48,142179,B,3031
100317,Customer_317,cust317@masked.com,+XXX-XXX-1317,21,128767,A,3085
100318,Customer_318,cust318@masked.com,+XXX-XXX-1318,69,177605,C,3050
100319,Customer_319,cust319@masked.com,+XXX-XXX-1319,67,181480,A,3062
100320,Customer_320,cust320@masked.com,+XXX-XXX-1320,57,123523,C,3124
100321,Customer_321,cust321@masked.com,+XXX-XXX-1321,42,85305,C,3149
100322,Customer_322,cust322@masked.com,+XXX-XXX-1322,68,127594,B,3057
100323,Customer_323,cust323@masked.com,+XXX-XXX-1323,64,166110,A,3057
100324,Customer_324,cust324@masked.com,+XXX-XXX-1324,39,127887,A,3085
100325,Customer_325,cust325@masked.com,+XXX-XXX-1325,34,95759,A,3048
100326,Customer_326,cust326@masked.com,+XXX-XXX-1326,23,69061,C,3069
100327,Customer_327,cust327@masked.com,+XXX-XXX-1327,39,177326,B,3014
100328,Customer_328,cust328@masked.com,+XXX-XXX-1328,53,177794,D,3053
100329,Customer_329,cust329@masked.com,+XXX-XXX-1329,41,39208,B,3100
100330,Customer_330,cust330@masked.com,+XXX-XXX-1330,21,80640,B,3007
100331,Customer_331,cust331@masked.com,+XXX-XXX-1331,46,106090,C,3052
100332,Customer_332,cust332@masked.com,+XXX-XXX-1332,30,40165,C,3059
100333,Customer_333,cust333@masked.com,+XXX-XXX-1333,55,113476,B,3107
100334,Customer_334,cust334@masked.com,+XXX-XXX-1334,33,170584,A,3004
100335,Customer_335,cust335@masked.com,+XXX-XXX-1335,26,153051,C,3102
100336,Customer_336,cust336@masked.com,+XXX-XXX-1336,63,113809,B,3005
100337,Customer_337,cust337@masked.com,+XXX-XXX-1337,26,157684,B,3108
100338,Customer_338,cust338@masked.com,+XXX-XXX-1338,55,46763,C,3115
100339,Customer_339,cust339@masked.com,+XXX-XXX-1339,36,157094,B,3093
100340,Customer_340,cust340@masked.com,+XXX-XXX-1340,61,79750,C,3046
100341,Customer_341,cust341@masked.com,+XXX-XXX-1341,28,179127,C,3098
100342,Customer_342,cust342@masked.com,+XXX-XXX-1342,23,93368,C,3054
100343,Customer_343,cust343@masked.com,+XXX-XXX-1343,25,144349,C,3051
100344,Customer_344,cust344@masked.com,+XXX-XXX-1344,41,143859,C,3143
100345,Customer_345,cust345@masked.com,+XXX-XXX-1345,51,168711,C,3012
100346,Customer_346,cust346@masked.com,+XXX-XXX-1346,34,20299,D,3113
100347,Customer_347,cust347@masked.com,+XXX-XXX-1347,57,139209,B,3123
100348,Customer_348,cust348@masked.com,+XXX-XXX-1348,39,148377,B,3105
100349,Customer_349,cust349@masked.com,+XXX-XXX-1349,57,116190,D,3146
100350,Customer_350,cust350@masked.com,+XXX-XXX-1350,40,132533,C,3144
100351,Customer_351,cust351@masked.com,+XXX-XXX-1351,22,103200,A,3119
100352,Customer_352,cust352@masked.com,+XXX-XXX-1352,27,164100,D,3062
100353,Customer_353,cust353@masked.com,+XXX-XXX-1353,53,45437,A,3018
100354,Customer_354,cust354@masked.com,+XXX-XXX-1354,62,24589,C,3091
100355,Customer_355,cust355@masked.com,+XXX-XXX-1355,26,93669,D,3057
100356,Customer_356,cust356@masked.com,+XXX-XXX-1356,27,100995,E,3089
100357,Customer_357,cust357@masked.com,+XXX-XXX-1357,64,170240,A,3116
100358,Customer_358,cust358@masked.com,+XXX-XXX-1358,38,83845,C,3061
100359,Customer_359,cust359@masked.com,+XXX-XXX-1359,63,92934,B,3022
100360,Customer_360,cust360@masked.com,+XXX-XXX-1360,49,43092,B,3126
100361,Customer_361,cust361@masked.com,+XXX-XXX-1361,39,163449,A,3136
100362,Customer_362,cust362@masked.com,+XXX-XXX-1362,45,138847,C,3139
100363,Customer_363,cust363@masked.com,+XXX-XXX-1363,24,111168,B,3128
100364,Customer_364,cust364@masked.com,+XXX-XXX-1364,33,66635,A,3057
100365,Customer_365,cust365@masked.com,+XXX-XXX-1365,52,120604,C,3121
100366,Customer_366,cust366@masked.com,+XXX-XXX-1366,47,75402,C,3000
100367,Customer_367,cust367@masked.com,+XXX-XXX-1367,54,100801,D,3033
100368,Customer_368,cust368@masked.com,+XXX-XXX-1368,48,122295,D,3095
100369,Customer_369,cust369@masked.com,+XXX-XXX-1369,29,102433,B,3125
100370,Customer_370,cust370@masked.com,+XXX-XXX-1370,28,122535,E,3117
100371,Customer_371,cust371@masked.com,+XXX-XXX-1371,41,28312,D,3047
100372,Customer_372,cust372@masked.com,+XXX-XXX-1372,66,104767,B,3088
100373,Customer_373,cust373@masked.com,+XXX-XXX-1373,50,82263,A,3116
100374,Customer_374,cust374@masked.com,+XXX-XXX-1374,49,184957,B,3128
100375,Customer_375,cust375@masked.com,+XXX-XXX-1375,29,63951,B,3015
100376,Customer_376,cust376@masked.com,+XXX-XXX-1376,33,128119,C,3068
100377,Customer_377,cust377@masked.com,+XXX-XXX-1377,38,191701,C,3021
100378,Customer_378,cust378@masked.com,+XXX-XXX-1378,58,186078,C,3092
100379,Customer_379,cust379@masked.com,+XXX-XXX-1379,42,124904,C,3075
100380,Customer_380,cust380@masked.com,+XXX-XXX-1380,51,176450,A,3143
100381,Customer_381,cust381@masked.com,+XXX-XXX-1381,55,43393,D,3085
100382,Customer_382,cust382@masked.com,+XXX-XXX-1382,62,158238,B,3028
100383,Customer_383,cust383@masked.com,+XXX-XXX-1383,62,122677,E,3068
100384,Customer_384,cust384@masked.com,+XXX-XXX-1384,30,126450,A,3046
100385,Customer_385,cust385@masked.com,+XXX-XXX-1385,29,87007,E,3093
100386,Customer_386,cust386@masked.com,+XXX-XXX-1386,51,94554,A,3143
100387,Customer_387,cust387@masked.com,+XXX-XXX-1387,64,49616,B,3084
100388,Customer_388,cust388@masked.com,+XXX-XXX-1388,60,181843,A,3038
100389,Customer_389,cust389@masked.com,+XXX-XXX-1389,44,168884,C,3099
100390,Customer_390,cust390@masked.com,+XXX-XXX-1390,61,145323,D,3032
100391,Customer_391,cust391@masked.com,+XXX-XXX-1391,69,74026,B,3100
100392,Customer_392,cust392@masked.com,+XXX-XXX-1392,28,166101,E,3022
100393,Customer_393,cust393@masked.com,+XXX-XXX-1393,40,89842,C,3009
100394,Customer_394,cust394@masked.com,+XXX-XXX-1394,37,33177,C,3068
100395,Customer_395,cust395@masked.com,+XXX-XXX-1395,48,177673,D,3099
100396,Customer_396,cust396@masked.com,+XXX-XXX-1396,26,169773,B,3033
100397,Customer_397,cust397@masked.com,+XXX-XXX-1397,62,26688,B,3137
100398,Customer_398,cust398@masked.com,+XXX-XXX-1398,53,168462,D,3146
100399,Customer_399,cust399@masked.com,+XXX-XXX-1399,48,110956,D,3095
100400,Customer_400,cust400@masked.com,+XXX-XXX-1400,21,57879,E,3000
100401,Customer_401,cust401@masked.com,+XXX-XXX-1401,61,109369,D,3068
100402,Customer_402,cust402@masked.com,+XXX-XXX-1402,55,52492,A,3003
100403,Customer_403,cust403@masked.com,+XXX-XXX-1403,44,170743,D,3015
100404,Customer_404,cust404@masked.com,+XXX-XXX-1404,26,146383,B,3023
100405,Customer_405,cust405@masked.com,+XXX-XXX-1405,27,140128,E,3079
100406,Customer_406,cust406@masked.com,+XXX-XXX-1406,29,121165,B,3001
100407,Customer_407,cust407@masked.com,+XXX-XXX-1407,57,69790,C,3127
100408,Customer_408,cust408@masked.com,+XXX-XXX-1408,36,94220,C,3083
100409,Customer_409,cust409@masked.com,+XXX-XXX-1409,54,47574,B,3139
100410,Customer_410,cust410@masked.com,+XXX-XXX-1410,55,91261,A,3123
100411,Customer_411,cust411@masked.com,+XXX-XXX-1411,55,162921,D,3032
100412,Customer_412,cust412@masked.com,+XXX-XXX-1412,40,140283,D,3100
100413,Customer_413,cust413@masked.com,+XXX-XXX-1413,43,182243,A,3011
100414,Customer_414,cust414@masked.com,+XXX-XXX-1414,62,119789,D,3066
100415,Customer_415,cust415@masked.com,+XXX-XXX-1415,55,183723,C,3064
100416,Customer_416,cust416@masked.com,+XXX-XXX-1416,67,157653,B,3073
100417,Customer_417,cust417@masked.com,+XXX-XXX-1417,66,156293,B,3042
100418,Customer_418,cust418@masked.com,+XXX-XXX-1418,43,143438,D,3043
100419,Customer_419,cust419@masked.com,+XXX-XXX-1419,24,72900,C,3028
100420,Customer_420,cust420@masked.com,+XXX-XXX-1420,30,111081,C,3140
100421,Customer_421,cust421@masked.com,+XXX-XXX-1421,63,156104,C,3011
100422,Customer_422,cust422@masked.com,+XXX-XXX-1422,31,190266,A,3094
100423,Customer_423,cust423@masked.com,+XXX-XXX-1423,60,56777,B,3045
100424,Customer_424,cust424@masked.com,+XXX-XXX-1424,29,172779,A,3129
100425,Customer_425,cust425@masked.com,+XXX-XXX-1425,60,142965,A,3034
100426,Customer_426,cust426@masked.com,+XXX-XXX-1426,32,181692,C,3080
100427,Customer_427,cust427@masked.com,+XXX-XXX-1427,37,147852,D,3089
100428,Customer_428,cust428@masked.com,+XXX-XXX-1428,52,186968,B,3007
100429,Customer_429,cust429@masked.com,+XXX-XXX-1429,43,57069,A,3092
100430,Customer_430,cust430@masked.com,+XXX-XXX-1430,35,147766,C,3089
100431,Customer_431,cust431@masked.com,+XXX-XXX-1431,48,151005,D,3114
100432,Customer_432,cust432@masked.com,+XXX-XXX-1432,58,130549,C,3104
100433,Customer_433,cust433@masked.com,+XXX-XXX-1433,25,140097,D,3134
100434,Customer_434,cust434@masked.com,+XXX-XXX-1434,60,102866,C,3057
100435,Customer_435,cust435@masked.com,+XXX-XXX-1435,38,79337,D,3113
100436,Customer_436,cust436@masked.com,+XXX-XXX-1436,41,88976,A,3074
100437,Customer_437,cust437@masked.com,+XXX-XXX-1437,35,21545,B,3119
100438,Customer_438,cust438@masked.com,+XXX-XXX-1438,23,150867,B,3020
100439,Customer_439,cust439@masked.com,+XXX-XXX-1439,66,196684,C,3137
100440,Customer_440,cust440@masked.com,+XXX-XXX-1440,46,72659,E,3100
100441,Customer_441,cust441@masked.com,+XXX-XXX-1441,35,182552,D,3098
100442,Customer_442,cust442@masked.com,+XXX-XXX-1442,65,52797,A,3035
100443,Customer_443,cust443@masked.com,+XXX-XXX-1443,40,116480,A,3095
100444,Customer_444,cust444@masked.com,+XXX-XXX-1444,41,179408,B,3036
100445,Customer_445,cust445@masked.com,+XXX-XXX-1445,46,121983,B,3011
100446,Customer_446,cust446@masked.com,+XXX-XXX-1446,61,77872,C,3112
100447,Customer_447,cust447@masked.com,+XXX-XXX-1447,43,85661,D,3012
100448,Customer_448,cust448@masked.com,+XXX-XXX-1448,69,57676,E,3022
100449,Customer_449,cust449@masked.com,+XXX-XXX-1449,45,179504,C,3098
100450,Customer_450,cust450@masked.com,+XXX-XXX-1450,24,157714,D,3104
100451,Customer_451,cust451@masked.com,+XXX-XXX-1451,30,192685,C,3029
100452,Customer_452,cust452@masked.com,+XXX-XXX-1452,42,117651,A,3016
100453,Customer_453,cust453@masked.com,+XXX-XXX-1453,23,147113,C,3112
100454,Customer_454,cust454@masked.com,+XXX-XXX-1454,39,110061,C,3061
100455,Customer_455,cust455@masked.com,+XXX-XXX-1455,51,197488,C,3083
100456,Customer_456,cust456@masked.com,+XXX-XXX-1456,29,127236,A,3111
100457,Customer_457,cust457@masked.com,+XXX-XXX-1457,49,191793,B,3085
100458,Customer_458,cust458@masked.com,+XXX-XXX-1458,57,175938,B,3140
100459,Customer_459,cust459@masked.com,+XXX-XXX-1459,66,96719,E,3018
100460,Customer_460,cust460@masked.com,+XXX-XXX-1460,27,96305,B,3099
100461,Customer_461,cust461@masked.com,+XXX-XXX-1461,58,162003,D,3139
100462,Customer_462,cust462@masked.com,+XXX-XXX-1462,44,169149,D,3146
100463,Customer_463,cust463@masked.com,+XXX-XXX-1463,28,45895,B,3075
100464,Customer_464,cust464@masked.com,+XXX-XXX-1464,54,72814,C,3008
100465,Customer_465,cust465@masked.com,+XXX-XXX-1465,46,117272,D,3027
100466,Customer_466,cust466@masked.com,+XXX-XXX-1466,48,100290,B,3127
100467,Customer_467,cust467@masked.com,+XXX-XXX-1467,48,68793,E,3051
100468,Customer_468,cust468@masked.com,+XXX-XXX-1468,66,101754,A,3082
100469,Customer_469,cust469@masked.com,+XXX-XXX-1469,27,64189,A,3110
100470,Customer_470,cust470@masked.com,+XXX-XXX-1470,23,74346,D,3143
100471,Customer_471,cust471@masked.com,+XXX-XXX-1471,42,21395,D,3116
100472,Customer_472,cust472@masked.com,+XXX-XXX-1472,58,23961,E,3068
100473,Customer_473,cust473@masked.com,+XXX-XXX-1473,66,55382,C,3098
100474,Customer_474,cust474@masked.com,+XXX-XXX-1474,64,108790,E,3139
100475,Customer_475,cust475@masked.com,+XXX-XXX-1475,38,37928,D,3024
100476,Customer_476,cust476@masked.com,+XXX-XXX-1476,32,32093,D,3122
100477,Customer_477,cust477@masked.com,+XXX-XXX-1477,51,196529,C,3052
100478,Customer_478,cust478@masked.com,+XXX-XXX-1478,59,111892,B,3143
100479,Customer_479,cust479@masked.com,+XXX-XXX-1479,25,159058,E,3056
100480,Customer_480,cust480@masked.com,+XXX-XXX-1480,64,46726,B,3038
100481,Customer_481,cust481@masked.com,+XXX-XXX-1481,61,98196,C,3108
100482,Customer_482,cust482@masked.com,+XXX-XXX-1482,49,92570,B,3041
100483,Customer_483,cust483@masked.com,+XXX-XXX-1483,63,84619,C,3141
100484,Customer_484,cust484@masked.com,+XXX-XXX-1484,56,164652,B,3121
100485,Customer_485,cust485@masked.com,+XXX-XXX-1485,34,128464,A,3132
100486,Customer_486,cust486@masked.com,+XXX-XXX-1486,64,152276,D,3074
100487,Customer_487,cust487@masked.com,+XXX-XXX-1487,38,44331,B,3145
100488,Customer_488,cust488@masked.com,+XXX-XXX-1488,27,154655,C,3075
100489,Customer_489,cust489@masked.com,+XXX-XXX-1489,43,64099,A,3008
100490,Customer_490,cust490@masked.com,+XXX-XXX-1490,53,146854,A,3073
100491,Customer_491,cust491@masked.com,+XXX-XXX-1491,65,27539,B,3144
100492,Customer_492,cust492@masked.com,+XXX-XXX-1492,36,64379,C,3006
100493,Customer_493,cust493@masked.com,+XXX-XXX-1493,57,76292,A,3140
100494,Customer_494,cust494@masked.com,+XXX-XXX-1494,45,144612,D,3136
100495,Customer_495,cust495@masked.com,+XXX-XXX-1495,29,159295,A,3026
100496,Customer_496,cust496@masked.com,+XXX-XXX-1496,48,95696,A,3121
100497,Customer_497,cust497@masked.com,+XXX-XXX-1497,29,182411,A,3004
100498,Customer_498,cust498@masked.com,+XXX-XXX-1498,32,84590,A,3028
100499,Customer_499,cust499@masked.com,+XXX-XXX-1499,38,31522,D,3082
100500,Customer_500,cust500@masked.com,+XXX-XXX-1500,47,121872,D,3135
100501,Customer_501,cust501@masked.com,+XXX-XXX-1501,46,48014,C,3108
100502,Customer_502,cust502@masked.com,+XXX-XXX-1502,46,142894,A,3064
100503,Customer_503,cust503@masked.com,+XXX-XXX-1503,30,64082,B,3085
100504,Customer_504,cust504@masked.com,+XXX-XXX-1504,37,72945,B,3144
100505,Customer_505,cust505@masked.com,+XXX-XXX-1505,52,147444,E,3070
100506,Customer_506,cust506@masked.com,+XXX-XXX-1506,44,93492,B,3044
100507,Customer_507,cust507@masked.com,+XXX-XXX-1507,63,158457,C,3131
100508,Customer_508,cust508@masked.com,+XXX-XXX-1508,68,84552,B,3035
100509,Customer_509,cust509@masked.com,+XXX-XXX-1509,28,185634,B,3069
100510,Customer_510,cust510@masked.com,+XXX-XXX-1510,50,86944,B,3018
100511,Customer_511,cust511@masked.com,+XXX-XXX-1511,46,151988,A,3107
100512,Customer_512,cust512@masked.com,+XXX-XXX-1512,44,85226,D,3090
100513,Customer_513,cust513@masked.com,+XXX-XXX-1513,47,73583,B,3089
100514,Customer_514,cust514@masked.com,+XXX-XXX-1514,35,128180,C,3018
100515,Customer_515,cust515@masked.com,+XXX-XXX-1515,48,91882,A,3038
100516,Customer_516,cust516@masked.com,+XXX-XXX-1516,31,134173,E,3125
100517,Customer_517,cust517@masked.com,+XXX-XXX-1517,59,187006,A,3140
100518,Customer_518,cust518@masked.com,+XXX-XXX-1518,22,36448,D,3125
100519,Customer_519,cust519@masked.com,+XXX-XXX-1519,29,187490,D,3057
100520,Customer_520,cust520@masked.com,+XXX-XXX-1520,65,34715,E,3147
100521,Customer_521,cust521@masked.com,+XXX-XXX-1521,43,185855,B,3060
100522,Customer_522,cust522@masked.com,+XXX-XXX-1522,53,45897,C,3126
100523,Customer_523,cust523@masked.com,+XXX-XXX-1523,39,122328,B,3104
100524,Customer_524,cust524@masked.com,+XXX-XXX-1524,33,173770,A,3000
100525,Customer_525,cust525@masked.com,+XXX-XXX-1525,34,61572,B,3130
100526,Customer_526,cust526@masked.com,+XXX-XXX-1526,52,159915,A,3091
100527,Customer_527,cust527@masked.com,+XXX-XXX-1527,69,51551,E,3112
100528,Customer_528,cust528@masked.com,+XXX-XXX-1528,42,119691,A,3055
100529,Customer_529,cust529@masked.com,+XXX-XXX-1529,40,47442,C,3116
100530,Customer_530,cust530@masked.com,+XXX-XXX-1530,53,177768,C,3133
100531,Customer_531,cust531@masked.com,+XXX-XXX-1531,25,107099,C,3057
100532,Customer_532,cust532@masked.com,+XXX-XXX-1532,40,108399,C,3043
100533,Customer_533,cust533@masked.com,+XXX-XXX-1533,34,24763,A,3060
100534,Customer_534,cust534@masked.com,+XXX-XXX-1534,47,47771,C,3046
100535,Customer_535,cust535@masked.com,+XXX-XXX-1535,46,117734,B,3148
100536,Customer_536,cust536@masked.com,+XXX-XXX-1536,52,106029,E,3079
100537,Customer_537,cust537@masked.com,+XXX-XXX-1537,50,156607,D,3117
100538,Customer_538,cust538@masked.com,+XXX-XXX-1538,47,52519,E,3146
100539,Customer_539,cust539@masked.com,+XXX-XXX-1539,46,149050,A,3019
100540,Customer_540,cust540@masked.com,+XXX-XXX-1540,38,163092,B,3145
100541,Customer_541,cust541@masked.com,+XXX-XXX-1541,65,180817,A,3046
100542,Customer_542,cust542@masked.com,+XXX-XXX-1542,43,50906,A,3048
100543,Customer_543,cust543@masked.com,+XXX-XXX-1543,64,186968,B,3013
100544,Customer_544,cust544@masked.com,+XXX-XXX-1544,67,106786,C,3142
100545,Customer_545,cust545@masked.com,+XXX-XXX-1545,44,31297,B,3000
100546,Customer_546,cust546@masked.com,+XXX-XXX-1546,24,148996,C,3116
100547,Customer_547,cust547@masked.com,+XXX-XXX-1547,61,74183,D,3053
100548,Customer_548,cust548@masked.com,+XXX-XXX-1548,23,177855,C,3117
100549,Customer_549,cust549@masked.com,+XXX-XXX-1549,63,66791,B,3002
100550,Customer_550,cust550@masked.com,+XXX-XXX-1550,50,50086,B,3143
100551,Customer_551,cust551@masked.com,+XXX-XXX-1551,67,128818,B,3011
100552,Customer_552,cust552@masked.com,+XXX-XXX-1552,36,115520,A,3073
100553,Customer_553,cust553@masked.com,+XXX-XXX-1553,27,103957,C,3015
100554,Customer_554,cust554@masked.com,+XXX-XXX-1554,59,147233,B,3101
100555,Customer_555,cust555@masked.com,+XXX-XXX-1555,42,61922,D,3116
100556,Customer_556,cust556@masked.com,+XXX-XXX-1556,61,21243,D,3007
100557,Customer_557,cust557@masked.com,+XXX-XXX-1557,51,143412,C,3121
100558,Customer_558,cust558@masked.com,+XXX-XXX-1558,69,62829,B,3091
100559,Customer_559,cust559@masked.com,+XXX-XXX-1559,33,72282,A,3089
100560,Customer_560,cust560@masked.com,+XXX-XXX-1560,61,172935,D,3135
100561,Customer_561,cust561@masked.com,+XXX-XXX-1561,61,52337,B,3059
100562,Customer_562,cust562@masked.com,+XXX-XXX-1562,49,119957,B,3027
100563,Customer_563,cust563@masked.com,+XXX-XXX-1563,48,175760,A,3100
100564,Customer_564,cust564@masked.com,+XXX-XXX-1564,64,27974,A,3040
100565,Customer_565,cust565@masked.com,+XXX-XXX-1565,39,160563,D,3144
100566,Customer_566,cust566@masked.com,+XXX-XXX-1566,43,22304,B,3140
100567,Customer_567,cust567@masked.com,+XXX-XXX-1567,67,180072,C,3045
100568,Customer_568,cust568@masked.com,+XXX-XXX-1568,28,108840,B,3034
100569,Customer_569,cust569@masked.com,+XXX-XXX-1569,45,31498,C,3133
100570,Customer_570,cust570@masked.com,+XXX-XXX-1570,58,97874,D,3081
100571,Customer_571,cust571@masked.com,+XXX-XXX-1571,58,144581,D,3114
100572,Customer_572,cust572@masked.com,+XXX-XXX-1572,55,154886,B,3046
100573,Customer_573,cust573@masked.com,+XXX-XXX-1573,46,145710,A,3009
100574,Customer_574,cust574@masked.com,+XXX-XXX-1574,23,112755,B,3055
100575,Customer_575,cust575@masked.com,+XXX-XXX-1575,22,49925,C,3029
100576,Customer_576,cust576@masked.com,+XXX-XXX-1576,25,98045,C,3108
100577,Customer_577,cust577@masked.com,+XXX-XXX-1577,40,188878,C,3004
100578,Customer_578,cust578@masked.com,+XXX-XXX-1578,32,199865,A,3118
100579,Customer_579,cust579@masked.com,+XXX-XXX-1579,58,33365,C,3032
100580,Customer_580,cust580@masked.com,+XXX-XXX-1580,36,187621,A,3117
100581,Customer_581,cust581@masked.com,+XXX-XXX-1581,57,54726,D,3064
100582,Customer_582,cust582@masked.com,+XXX-XXX-1582,58,70448,B,3145
100583,Customer_583,cust583@masked.com,+XXX-XXX-1583,56,190181,C,3010
100584,Customer_584,cust584@masked.com,+XXX-XXX-1584,66,83615,A,3084
100585,Customer_585,cust585@masked.com,+XXX-XXX-1585,49,140411,B,3025
100586,Customer_586,cust586@masked.com,+XXX-XXX-1586,55,29224,C,3062
100587,Customer_587,cust587@masked.com,+XXX-XXX-1587,69,90618,B,3085
100588,Customer_588,cust588@masked.com,+XXX-XXX-1588,57,106242,D,3058
100589,Customer_589,cust589@masked.com,+XXX-XXX-1589,41,191141,C,3026
100590,Customer_590,cust590@masked.com,+XXX-XXX-1590,41,198115,C,3097
100591,Customer_591,cust591@masked.com,+XXX-XXX-1591,48,182006,B,3104
100592,Customer_592,cust592@masked.com,+XXX-XXX-1592,26,49526,B,3098
100593,Customer_593,cust593@masked.com,+XXX-XXX-1593,40,39612,C,3128
100594,Customer_594,cust594@masked.com,+XXX-XXX-1594,56,103395,B,3148
100595,Customer_595,cust595@masked.com,+XXX-XXX-1595,33,145245,C,3054
100596,Customer_596,cust596@masked.com,+XXX-XXX-1596,60,186247,B,3005
100597,Customer_597,cust597@masked.com,+XXX-XXX-1597,31,135623,A,3094
100598,Customer_598,cust598@masked.com,+XXX-XXX-1598,44,63927,A,3132
100599,Customer_599,cust599@masked.com,+XXX-XXX-1599,39,123719,A,3101
100600,Customer_600,cust600@masked.com,+XXX-XXX-1600,43,42073,B,3002
100601,Customer_601,cust601@masked.com,+XXX-XXX-1601,51,145517,C,3022
100602,Customer_602,cust602@masked.com,+XXX-XXX-1602,57,106257,D,3052
100603,Customer_603,cust603@masked.com,+XXX-XXX-1603,57,157644,A,3082
100604,Customer_604,cust604@masked.com,+XXX-XXX-1604,23,155022,E,3144
100605,Customer_605,cust605@masked.com,+XXX-XXX-1605,54,104578,C,3084
100606,Customer_606,cust606@masked.com,+XXX-XXX-1606,49,30006,D,3077
100607,Customer_607,cust607@masked.com,+XXX-XXX-1607,23,191325,C,3109
100608,Customer_608,cust608@masked.com,+XXX-XXX-1608,35,178803,C,3000
100609,Customer_609,cust609@masked.com,+XXX-XXX-1609,27,185487,A,3050
100610,Customer_610,cust610@masked.com,+XXX-XXX-1610,23,67813,A,3003
100611,Customer_611,cust611@masked.com,+XXX-XXX-1611,67,146491,A,3112
100612,Customer_612,cust612@masked.com,+XXX-XXX-1612,63,191932,C,3031
100613,Customer_613,cust613@masked.com,+XXX-XXX-1613,36,42013,B,3033
100614,Customer_614,cust614@masked.com,+XXX-XXX-1614,65,23244,D,3091
100615,Customer_615,cust615@masked.com,+XXX-XXX-1615,54,97428,B,3094
100616,Customer_616,cust616@masked.com,+XXX-XXX-1616,40,61462,D,3071
100617,Customer_617,cust617@masked.com,+XXX-XXX-1617,64,173826,A,3038
100618,Customer_618,cust618@masked.com,+XXX-XXX-1618,59,40588,A,3117
100619,Customer_619,cust619@masked.com,+XXX-XXX-1619,53,82182,B,3002
100620,Customer_620,cust620@masked.com,+XXX-XXX-1620,34,138500,B,3122
100621,Customer_621,cust621@masked.com,+XXX-XXX-1621,62,174710,B,3049
100622,Customer_622,cust622@masked.com,+XXX-XXX-1622,55,20785,D,3011
100623,Customer_623,cust623@masked.com,+XXX-XXX-1623,31,151299,A,3053
100624,Customer_624,cust624@masked.com,+XXX-XXX-1624,40,90483,B,3132
100625,Customer_625,cust625@masked.com,+XXX-XXX-1625,50,158549,D,3056
100626,Customer_626,cust626@masked.com,+XXX-XXX-1626,48,37211,A,3144
100627,Customer_627,cust627@masked.com,+XXX-XXX-1627,35,99430,E,3111
100628,Customer_628,cust628@masked.com,+XXX-XXX-1628,58,179459,E,3046
100629,Customer_629,cust629@masked.com,+XXX-XXX-1629,33,30217,A,3084
100630,Customer_630,cust630@masked.com,+XXX-XXX-1630,67,198560,B,3141
100631,Customer_631,cust631@masked.com,+XXX-XXX-1631,55,31556,B,3065
100632,Customer_632,cust632@masked.com,+XXX-XXX-1632,67,97104,D,3074
100633,Customer_633,cust633@masked.com,+XXX-XXX-1633,44,46914,C,3102
100634,Customer_634,cust634@masked.com,+XXX-XXX-1634,21,176776,C,3037
100635,Customer_635,cust635@masked.com,+XXX-XXX-1635,62,173538,D,3049
100636,Customer_636,cust636@masked.com,+XXX-XXX-1636,44,171004,A,3097
100637,Customer_637,cust637@masked.com,+XXX-XXX-1637,47,58199,D,3081
100638,Customer_638,cust638@masked.com,+XXX-XXX-1638,38,179849,C,3029
100639,Customer_639,cust639@masked.com,+XXX-XXX-1639,46,170126,C,3078
100640,Customer_640,cust640@masked.com,+XXX-XXX-1640,49,198264,D,3090
100641,Customer_641,cust641@masked.com,+XXX-XXX-1641,28,23339,C,3051
100642,Customer_642,cust642@masked.com,+XXX-XXX-1642,64,104709,A,3078
100643,Customer_643,cust643@masked.com,+XXX-XXX-1643,46,118118,B,3029
100644,Customer_644,cust644@masked.com,+XXX-XXX-1644,25,80534,B,3105
100645,Customer_645,cust645@masked.com,+XXX-XXX-1645,53,197027,A,3050
100646,Customer_646,cust646@masked.com,+XXX-XXX-1646,60,112604,E,3080
100647,Customer_647,cust647@masked.com,+XXX-XXX-1647,25,58316,A,3132
100648,Customer_648,cust648@masked.com,+XXX-XXX-1648,69,107022,C,3028
100649,Customer_649,cust649@masked.com,+XXX-XXX-1649,67,76670,C,3131
100650,Customer_650,cust650@masked.com,+XXX-XXX-1650,56,181713,A,3137
100651,Customer_651,cust651@masked.com,+XXX-XXX-1651,33,81745,E,3144
100652,Customer_652,cust652@masked.com,+XXX-XXX-1652,37,39046,D,3073
100653,Customer_653,cust653@masked.com,+XXX-XXX-1653,33,167657,C,3016
100654,Customer_654,cust654@masked.com,+XXX-XXX-1654,45,27087,B,3083
100655,Customer_655,cust655@masked.com,+XXX-XXX-1655,22,131638,A,3068
100656,Customer_656,cust656@masked.com,+XXX-XXX-1656,44,146041,B,3033
100657,Customer_657,cust657@masked.com,+XXX-XXX-1657,56,61430,B,3005
100658,Customer_658,cust658@masked.com,+XXX-XXX-1658,45,60711,C,3052
100659,Customer_659,cust659@masked.com,+XXX-XXX-1659,54,121660,E,3125
100660,Customer_660,cust660@masked.com,+XXX-XXX-1660,32,194388,C,3042
100661,Customer_661,cust661@masked.com,+XXX-XXX-1661,39,63543,D,3114
100662,Customer_662,cust662@masked.com,+XXX-XXX-1662,62,155543,C,3110
100663,Customer_663,cust663@masked.com,+XXX-XXX-1663,50,47122,B,3079
100664,Customer_664,cust664@masked.com,+XXX-XXX-1664,57,88659,D,3094
100665,Customer_665,cust665@masked.com,+XXX-XXX-1665,63,96869,B,3117
100666,Customer_666,cust666@masked.com,+XXX-XXX-1666,21,71459,D,3143
100667,Customer_667,cust667@masked.com,+XXX-XXX-1667,23,58771,B,3007
100668,Customer_668,cust668@masked.com,+XXX-XXX-1668,69,89326,A,3131
100669,Customer_669,cust669@masked.com,+XXX-XXX-1669,46,52036,D,3103
100670,Customer_670,cust670@masked.com,+XXX-XXX-1670,35,75087,C,3131
100671,Customer_671,cust671@masked.com,+XXX-XXX-1671,66,186950,D,3024
100672,Customer_672,cust672@masked.com,+XXX-XXX-1672,67,152673,E,3095
100673,Customer_673,cust673@masked.com,+XXX-XXX-1673,68,162860,A,3092
100674,Customer_674,cust674@masked.com,+XXX-XXX-1674,48,172379,C,3060
100675,Customer_675,cust675@masked.com,+XXX-XXX-1675,24,178201,B,3121
100676,Customer_676,cust676@masked.com,+XXX-XXX-1676,39,163784,C,3050
100677,Customer_677,cust677@masked.com,+XXX-XXX-1677,44,42303,D,3146
100678,Customer_678,cust678@masked.com,+XXX-XXX-1678,60,66515,B,3020
100679,Customer_679,cust679@masked.com,+XXX-XXX-1679,26,167076,C,3004
100680,Customer_680,cust680@masked.com,+XXX-XXX-1680,36,105698,C,3091
100681,Customer_681,cust681@masked.com,+XXX-XXX-1681,52,113773,A,3060
100682,Customer_682,cust682@masked.com,+XXX-XXX-1682,50,96025,D,3021
100683,Customer_683,cust683@masked.com,+XXX-XXX-1683,55,140551,C,3148
100684,Customer_684,cust684@masked.com,+XXX-XXX-1684,28,102099,E,3069
100685,Customer_685,cust685@masked.com,+XXX-XXX-1685,25,40349,B,3000
100686,Customer_686,cust686@masked.com,+XXX-XXX-1686,57,66059,A,3132
100687,Customer_687,cust687@masked.com,+XXX-XXX-1687,32,199877,C,3011
100688,Customer_688,cust688@masked.com,+XXX-XXX-1688,45,166757,A,3089
100689,Customer_689,cust689@masked.com,+XXX-XXX-1689,53,192769,E,3045
100690,Customer_690,cust690@masked.com,+XXX-XXX-1690,59,122023,A,3033
100691,Customer_691,cust691@masked.com,+XXX-XXX-1691,44,141018,D,3077
100692,Customer_692,cust692@masked.com,+XXX-XXX-1692,31,134742,C,3044
100693,Customer_693,cust693@masked.com,+XXX-XXX-1693,62,46009,B,3072
100694,Customer_694,cust694@masked.com,+XXX-XXX-1694,55,142686,A,3025
100695,Customer_695,cust695@masked.com,+XXX-XXX-1695,60,130138,C,3046
100696,Customer_696,cust696@masked.com,+XXX-XXX-1696,21,138871,C,3120
100697,Customer_697,cust697@masked.com,+XXX-XXX-1697,28,39678,B,3055
100698,Customer_698,cust698@masked.com,+XXX-XXX-1698,43,56623,D,3093
100699,Customer_699,cust699@masked.com,+XXX-XXX-1699,40,33369,B,3106
100700,Customer_700,cust700@masked.com,+XXX-XXX-1700,52,186591,B,3062
100701,Customer_701,cust701@masked.com,+XXX-XXX-1701,31,119028,C,3047
100702,Customer_702,cust702@masked.com,+XXX-XXX-1702,27,127749,A,3060
100703,Customer_703,cust703@masked.com,+XXX-XXX-1703,50,62256,E,3080
100704,Customer_704,cust704@masked.com,+XXX-XXX-1704,68,98893,B,3025
100705,Customer_705,cust705@masked.com,+XXX-XXX-1705,59,111006,A,3035
100706,Customer_706,cust706@masked.com,+XXX-XXX-1706,33,104419,B,3000
100707,Customer_707,cust707@masked.com,+XXX-XXX-1707,62,152401,C,3007
100708,Customer_708,cust708@masked.com,+XXX-XXX-1708,69,112586,C,3112
100709,Customer_709,cust709@masked.com,+XXX-XXX-1709,23,149141,C,3098
100710,Customer_710,cust710@masked.com,+XXX-XXX-1710,27,51407,A,3046
100711,Customer_711,cust711@masked.com,+XXX-XXX-1711,63,139805,B,3126
100712,Customer_712,cust712@masked.com,+XXX-XXX-1712,33,98074,D,3055
100713,Customer_713,cust713@masked.com,+XXX-XXX-1713,57,169906,A,3013
100714,Customer_714,cust714@masked.com,+XXX-XXX-1714,45,67303,D,3027
100715,Customer_715,cust715@masked.com,+XXX-XXX-1715,43,127665,A,3077
100716,Customer_716,cust716@masked.com,+XXX-XXX-1716,67,59825,D,3129
100717,Customer_717,cust717@masked.com,+XXX-XXX-1717,53,97167,B,3108
100718,Customer_718,cust718@masked.com,+XXX-XXX-1718,25,63327,C,3013
100719,Customer_719,cust719@masked.com,+XXX-XXX-1719,52,89830,A,3055
100720,Customer_720,cust720@masked.com,+XXX-XXX-1720,50,62424,A,3114
100721,Customer_721,cust721@masked.com,+XXX-XXX-1721,51,131674,A,3006
100722,Customer_722,cust722@masked.com,+XXX-XXX-1722,33,103650,A,3002
100723,Customer_723,cust723@masked.com,+XXX-XXX-1723,62,198318,B,3110
100724,Customer_724,cust724@masked.com,+XXX-XXX-1724,25,80638,C,3106
100725,Customer_725,cust725@masked.com,+XXX-XXX-1725,43,174649,C,3017
100726,Customer_726,cust726@masked.com,+XXX-XXX-1726,21,183247,D,3037
100727,Customer_727,cust727@masked.com,+XXX-XXX-1727,30,139309,C,3114
100728,Customer_728,cust728@masked.com,+XXX-XXX-1728,47,134952,C,3014
100729,Customer_729,cust729@masked.com,+XXX-XXX-1729,28,133670,B,3118
100730,Customer_730,cust730@masked.com,+XXX-XXX-1730,23,103949,B,3027
100731,Customer_731,cust731@masked.com,+XXX-XXX-1731,39,78587,B,3038
100732,Customer_732,cust732@masked.com,+XXX-XXX-1732,22,154838,D,3016
100733,Customer_733,cust733@masked.com,+XXX-XXX-1733,69,59824,B,3085
100734,Customer_734,cust734@masked.com,+XXX-XXX-1734,51,46056,A,3125
100735,Customer_735,cust735@masked.com,+XXX-XXX-1735,68,28299,C,3043
100736,Customer_736,cust736@masked.com,+XXX-XXX-1736,30,56331,A,3024
100737,Customer_737,cust737@masked.com,+XXX-XXX-1737,36,194938,D,3144
100738,Customer_738,cust738@masked.com,+XXX-XXX-1738,57,147611,D,3012
100739,Customer_739,cust739@masked.com,+XXX-XXX-1739,40,158921,A,3024
100740,Customer_740,cust740@masked.com,+XXX-XXX-1740,23,164843,A,3067
100741,Customer_741,cust741@masked.com,+XXX-XXX-1741,55,49604,B,3137
100742,Customer_742,cust742@masked.com,+XXX-XXX-1742,54,157107,C,3066
100743,Customer_743,cust743@masked.com,+XXX-XXX-1743,41,93495,B,3108
100744,Customer_744,cust744@masked.com,+XXX-XXX-1744,56,23196,C,3145
100745,Customer_745,cust745@masked.com,+XXX-XXX-1745,52,70337,C,3110
100746,Customer_746,cust746@masked.com,+XXX-XXX-1746,38,56899,B,3110
100747,Customer_747,cust747@masked.com,+XXX-XXX-1747,54,170531,A,3033
100748,Customer_748,cust748@masked.com,+XXX-XXX-1748,58,113270,D,3110
100749,Customer_749,cust749@masked.com,+XXX-XXX-1749,23,96687,A,3007
100750,Customer_750,cust750@masked.com,+XXX-XXX-1750,23,187687,D,3112
100751,Customer_751,cust751@masked.com,+XXX-XXX-1751,47,159866,B,3082
100752,Customer_752,cust752@masked.com,+XXX-XXX-1752,22,44358,C,3041
100753,Customer_753,cust753@masked.com,+XXX-XXX-1753,23,53849,D,3100
100754,Customer_754,cust754@masked.com,+XXX-XXX-1754,37,82603,D,3005
100755,Customer_755,cust755@masked.com,+XXX-XXX-1755,66,139043,B,3025
100756,Customer_756,cust756@masked.com,+XXX-XXX-1756,59,109582,A,3063
100757,Customer_757,cust757@masked.com,+XXX-XXX-1757,58,28389,D,3058
100758,Customer_758,cust758@masked.com,+XXX-XXX-1758,60,192454,B,3108
100759,Customer_759,cust759@masked.com,+XXX-XXX-1759,39,103061,A,3120
100760,Customer_760,cust760@masked.com,+XXX-XXX-1760,39,76087,D,3032
100761,Customer_761,cust761@masked.com,+XXX-XXX-1761,64,151028,A,3149
100762,Customer_762,cust762@masked.com,+XXX-XXX-1762,25,95781,A,3020
100763,Customer_763,cust763@masked.com,+XXX-XXX-1763,25,97895,A,3069
100764,Customer_764,cust764@masked.com,+XXX-XXX-1764,34,117184,C,3111
100765,Customer_765,cust765@masked.com,+XXX-XXX-1765,47,155599,C,3003
100766,Customer_766,cust766@masked.com,+XXX-XXX-1766,69,130971,B,3093
100767,Customer_767,cust767@masked.com,+XXX-XXX-1767,68,26693,B,3074
100768,Customer_768,cust768@masked.com,+XXX-XXX-1768,56,57671,B,3061
100769,Customer_769,cust769@masked.com,+XXX-XXX-1769,60,52823,C,3093
100770,Customer_770,cust770@masked.com,+XXX-XXX-1770,55,98950,A,3094
100771,Customer_771,cust771@masked.com,+XXX-XXX-1771,41,126786,E,3054
100772,Customer_772,cust772@masked.com,+XXX-XXX-1772,25,100586,B,3136
100773,Customer_773,cust773@masked.com,+XXX-XXX-1773,44,38378,E,3130
100774,Customer_774,cust774@masked.com,+XXX-XXX-1774,59,37218,A,3030
100775,Customer_775,cust775@masked.com,+XXX-XXX-1775,44,165598,D,3039
100776,Customer_776,cust776@masked.com,+XXX-XXX-1776,60,100278,B,3035
100777,Customer_777,cust777@masked.com,+XXX-XXX-1777,63,138997,A,3005
100778,Customer_778,cust778@masked.com,+XXX-XXX-1778,66,193946,D,3065
100779,Customer_779,cust779@masked.com,+XXX-XXX-1779,33,129097,D,3074
100780,Customer_780,cust780@masked.com,+XXX-XXX-1780,58,119805,B,3003
100781,Customer_781,cust781@masked.com,+XXX-XXX-1781,65,100831,C,3078
100782,Customer_782,cust782@masked.com,+XXX-XXX-1782,21,101089,C,3133
100783,Customer_783,cust783@masked.com,+XXX-XXX-1783,63,64281,D,3117
100784,Customer_784,cust784@masked.com,+XXX-XXX-1784,59,106608,B,3112
100785,Customer_785,cust785@masked.com,+XXX-XXX-1785,30,165777,C,3093
100786,Customer_786,cust786@masked.com,+XXX-XXX-1786,22,167475,B,3061
100787,Customer_787,cust787@masked.com,+XXX-XXX-1787,36,37416,B,3078
100788,Customer_788,cust788@masked.com,+XXX-XXX-1788,57,61784,D,3135
100789,Customer_789,cust789@masked.com,+XXX-XXX-1789,36,132251,A,3025
100790,Customer_790,cust790@masked.com,+XXX-XXX-1790,43,83376,A,3043
100791,Customer_791,cust791@masked.com,+XXX-XXX-1791,46,31853,C,3132
100792,Customer_792,cust792@masked.com,+XXX-XXX-1792,36,48369,C,3069
100793,Customer_793,cust793@masked.com,+XXX-XXX-1793,47,198193,A,3117
100794,Customer_794,cust794@masked.com,+XXX-XXX-1794,67,20747,B,3067
100795,Customer_795,cust795@masked.com,+XXX-XXX-1795,61,194398,E,3018
100796,Customer_796,cust796@masked.com,+XXX-XXX-1796,50,134375,B,3019
100797,Customer_797,cust797@masked.com,+XXX-XXX-1797,53,190844,C,3112
100798,Customer_798,cust798@masked.com,+XXX-XXX-1798,52,102887,C,3139
100799,Customer_799,cust799@masked.com,+XXX-XXX-1799,29,199481,B,3046
100800,Customer_800,cust800@masked.com,+XXX-XXX-1800,31,147227,E,3000
100801,Customer_801,cust801@masked.com,+XXX-XXX-1801,57,180083,C,3089
100802,Customer_802,cust802@masked.com,+XXX-XXX-1802,26,104718,B,3141
100803,Customer_803,cust803@masked.com,+XXX-XXX-1803,50,70956,C,3063
100804,Customer_804,cust804@masked.com,+XXX-XXX-1804,60,87559,C,3037
100805,Customer_805,cust805@masked.com,+XXX-XXX-1805,35,94128,C,3036
100806,Customer_806,cust806@masked.com,+XXX-XXX-1806,68,83769,D,3125
100807,Customer_807,cust807@masked.com,+XXX-XXX-1807,50,51109,B,3138
100808,Customer_808,cust808@masked.com,+XXX-XXX-1808,38,106352,B,3099
100809,Customer_809,cust809@masked.com,+XXX-XXX-1809,32,46499,A,3076
100810,Customer_810,cust810@masked.com,+XXX-XXX-1810,24,177016,A,3002
100811,Customer_811,cust811@masked.com,+XXX-XXX-1811,36,117798,A,3133
100812,Customer_812,cust812@masked.com,+XXX-XXX-1812,43,194352,D,3009
100813,Customer_813,cust813@masked.com,+XXX-XXX-1813,31,121628,C,3004
100814,Customer_814,cust814@masked.com,+XXX-XXX-1814,44,141851,C,3137
100815,Customer_815,cust815@masked.com,+XXX-XXX-1815,42,169333,C,3129
100816,Customer_816,cust816@masked.com,+XXX-XXX-1816,59,194719,D,3012
100817,Customer_817,cust817@masked.com,+XXX-XXX-1817,35,78741,B,3129
100818,Customer_818,cust818@masked.com,+XXX-XXX-1818,69,43345,D,3083
100819,Customer_819,cust819@masked.com,+XXX-XXX-1819,35,161183,B,3064
100820,Customer_820,cust820@masked.com,+XXX-XXX-1820,30,167461,E,3062
100821,Customer_821,cust821@masked.com,+XXX-XXX-1821,48,123837,C,3100
100822,Customer_822,cust822@masked.com,+XXX-XXX-1822,56,160785,B,3072
100823,Customer_823,cust823@masked.com,+XXX-XXX-1823,37,187718,C,3016
100824,Customer_824,cust824@masked.com,+XXX-XXX-1824,56,170925,C,3008
100825,Customer_825,cust825@masked.com,+XXX-XXX-1825,42,160085,A,3142
100826,Customer_826,cust826@masked.com,+XXX-XXX-1826,43,139021,C,3037
100827,Customer_827,cust827@masked.com,+XXX-XXX-1827,49,141321,B,3093
100828,Customer_828,cust828@masked.com,+XXX-XXX-1828,42,23093,A,3094
100829,Customer_829,cust829@masked.com,+XXX-XXX-1829,31,198616,E,3048
100830,Customer_830,cust830@masked.com,+XXX-XXX-1830,56,118057,C,3068
100831,Customer_831,cust831@masked.com,+XXX-XXX-1831,64,177953,D,3061
100832,Customer_832,cust832@masked.com,+XXX-XXX-1832,49,181839,C,3077
100833,Customer_833,cust833@masked.com,+XXX-XXX-1833,62,191817,B,3116
100834,Customer_834,cust834@masked.com,+XXX-XXX-1834,52,120854,C,3119
100835,Customer_835,cust835@masked.com,+XXX-XXX-1835,34,79530,C,3136
100836,Customer_836,cust836@masked.com,+XXX-XXX-1836,38,53993,E,3075
100837,Customer_837,cust837@masked.com,+XXX-XXX-1837,58,47132,B,3034
100838,Customer_838,cust838@masked.com,+XXX-XXX-1838,57,192685,D,3000
100839,Customer_839,cust839@masked.com,+XXX-XXX-1839,54,76552,E,3039
100840,Customer_840,cust840@masked.com,+XXX-XXX-1840,65,90092,C,3063
100841,Customer_841,cust841@masked.com,+XXX-XXX-1841,43,153789,E,3149
100842,Customer_842,cust842@masked.com,+XXX-XXX-1842,52,121696,B,3059
100843,Customer_843,cust843@masked.com,+XXX-XXX-1843,66,175610,E,3063
100844,Customer_844,cust844@masked.com,+XXX-XXX-1844,23,193094,C,3092
100845,Customer_845,cust845@masked.com,+XXX-XXX-1845,63,58890,A,3071
100846,Customer_846,cust846@masked.com,+XXX-XXX-1846,42,59407,D,3010
100847,Customer_847,cust847@masked.com,+XXX-XXX-1847,43,43402,B,3104
100848,Customer_848,cust848@masked.com,+XXX-XXX-1848,24,178296,B,3013
100849,Customer_849,cust849@masked.com,+XXX-XXX-1849,33,131749,C,3059
100850,Customer_850,cust850@masked.com,+XXX-XXX-1850,52,90286,A,3029
100851,Customer_851,cust851@masked.com,+XXX-XXX-1851,49,33820,B,3034
100852,Customer_852,cust852@masked.com,+XXX-XXX-1852,60,120958,D,3004
100853,Customer_853,cust853@masked.com,+XXX-XXX-1853,60,55837,A,3082
100854,Customer_854,cust854@masked.com,+XXX-XXX-1854,65,172050,B,3122
100855,Customer_855,cust855@masked.com,+XXX-XXX-1855,30,164785,A,3077
100856,Customer_856,cust856@masked.com,+XXX-XXX-1856,33,60431,B,3061
100857,Customer_857,cust857@masked.com,+XXX-XXX-1857,65,51207,C,3131
100858,Customer_858,cust858@masked.com,+XXX-XXX-1858,37,26142,D,3088
100859,Customer_859,cust859@masked.com,+XXX-XXX-1859,58,23755,E,3041
100860,Customer_860,cust860@masked.com,+XXX-XXX-1860,22,86366,C,3088
100861,Customer_861,cust861@masked.com,+XXX-XXX-1861,37,131929,B,3145
100862,Customer_862,cust862@masked.com,+XXX-XXX-1862,64,190414,E,3039
100863,Customer_863,cust863@masked.com,+XXX-XXX-1863,46,99229,D,3071
100864,Customer_864,cust864@masked.com,+XXX-XXX-1864,58,26121,C,3038
100865,Customer_865,cust865@masked.com,+XXX-XXX-1865,57,179376,C,3103
100866,Customer_866,cust866@masked.com,+XXX-XXX-1866,25,68294,E,3013
100867,Customer_867,cust867@masked.com,+XXX-XXX-1867,45,107994,C,3031
100868,Customer_868,cust868@masked.com,+XXX-XXX-1868,29,84902,B,3124
100869,Customer_869,cust869@masked.com,+XXX-XXX-1869,48,63704,C,3096
100870,Customer_870,cust870@masked.com,+XXX-XXX-1870,42,196330,A,3022
100871,Customer_871,cust871@masked.com,+XXX-XXX-1871,49,54612,B,3062
100872,Customer_872,cust872@masked.com,+XXX-XXX-1872,55,197089,B,3142
100873,Customer_873,cust873@masked.com,+XXX-XXX-1873,40,135149,A,3144
100874,Customer_874,cust874@masked.com,+XXX-XXX-1874,25,116081,A,3052
100875,Customer_875,cust875@masked.com,+XXX-XXX-1875,59,137679,A,3103
100876,Customer_876,cust876@masked.com,+XXX-XXX-1876,64,174299,C,3103
100877,Customer_877,cust877@masked.com,+XXX-XXX-1877,52,78922,D,3038
100878,Customer_878,cust878@masked.com,+XXX-XXX-1878,59,85736,E,3133
100879,Customer_879,cust879@masked.com,+XXX-XXX-1879,30,102435,B,3066
100880,Customer_880,cust880@masked.com,+XXX-XXX-1880,60,172906,C,3134
100881,Customer_881,cust881@masked.com,+XXX-XXX-1881,37,182397,E,3041
100882,Customer_882,cust882@masked.com,+XXX-XXX-1882,57,49546,A,3014
100883,Customer_883,cust883@masked.com,+XXX-XXX-1883,35,108410,C,3110
100884,Customer_884,cust884@masked.com,+XXX-XXX-1884,29,178044,D,3032
100885,Customer_885,cust885@masked.com,+XXX-XXX-1885,52,23696,A,3037
100886,Customer_886,cust886@masked.com,+XXX-XXX-1886,43,72445,D,3096
100887,Customer_887,cust887@masked.com,+XXX-XXX-1887,31,108921,D,3032
100888,Customer_888,cust888@masked.com,+XXX-XXX-1888,33,169085,A,3085
100889,Customer_889,cust889@masked.com,+XXX-XXX-1889,38,171474,A,3065
100890,Customer_890,cust890@masked.com,+XXX-XXX-1890,69,188329,A,3009
100891,Customer_891,cust891@masked.com,+XXX-XXX-1891,29,142251,B,3004
100892,Customer_892,cust892@masked.com,+XXX-XXX-1892,62,87552,C,3122
100893,Customer_893,cust893@masked.com,+XXX-XXX-1893,25,82417,C,3073
100894,Customer_894,cust894@masked.com,+XXX-XXX-1894,63,61126,B,3096
100895,Customer_895,cust895@masked.com,+XXX-XXX-1895,42,53743,D,3117
100896,Customer_896,cust896@masked.com,+XXX-XXX-1896,52,106467,B,3037
100897,Customer_897,cust897@masked.com,+XXX-XXX-1897,67,60073,A,3140
100898,Customer_898,cust898@masked.com,+XXX-XXX-1898,22,37243,B,3046
100899,Customer_899,cust899@masked.com,+XXX-XXX-1899,41,40328,C,3108
100900,Customer_900,cust900@masked.com,+XXX-XXX-1900,48,20209,B,3014
100901,Customer_901,cust901@masked.com,+XXX-XXX-1901,44,29800,B,3135
100902,Customer_902,cust902@masked.com,+XXX-XXX-1902,44,85749,A,3004
100903,Customer_903,cust903@masked.com,+XXX-XXX-1903,34,107817,D,3046
100904,Customer_904,cust904@masked.com,+XXX-XXX-1904,57,48007,E,3067
100905,Customer_905,cust905@masked.com,+XXX-XXX-1905,47,58550,B,3075
100906,Customer_906,cust906@masked.com,+XXX-XXX-1906,44,191242,B,3129
100907,Customer_907,cust907@masked.com,+XXX-XXX-1907,26,176620,C,3094
100908,Customer_908,cust908@masked.com,+XXX-XXX-1908,46,179447,C,3114
100909,Customer_909,cust909@masked.com,+XXX-XXX-1909,35,148396,B,3035
100910,Customer_910,cust910@masked.com,+XXX-XXX-1910,49,85839,D,3025
100911,Customer_911,cust911@masked.com,+XXX-XXX-1911,56,141964,C,3042
100912,Customer_912,cust912@masked.com,+XXX-XXX-1912,30,110094,B,3026
100913,Customer_913,cust913@masked.com,+XXX-XXX-1913,48,70012,C,3068
100914,Customer_914,cust914@masked.com,+XXX-XXX-1914,29,186007,E,3147
100915,Customer_915,cust915@masked.com,+XXX-XXX-1915,41,91495,D,3010
100916,Customer_916,cust916@masked.com,+XXX-XXX-1916,30,117489,A,3073
100917,Customer_917,cust917@masked.com,+XXX-XXX-1917,24,186314,B,3103
100918,Customer_918,cust918@masked.com,+XXX-XXX-1918,24,120681,B,3037
100919,Customer_919,cust919@masked.com,+XXX-XXX-1919,26,46326,B,3133
100920,Customer_920,cust920@masked.com,+XXX-XXX-1920,46,150194,C,3022
100921,Customer_921,cust921@masked.com,+XXX-XXX-1921,60,105331,D,3046
100922,Customer_922,cust922@masked.com,+XXX-XXX-1922,36,73811,C,3089
100923,Customer_923,cust923@masked.com,+XXX-XXX-1923,28,73537,E,3045
100924,Customer_924,cust924@masked.com,+XXX-XXX-1924,48,77829,B,3106
100925,Customer_925,cust925@masked.com,+XXX-XXX-1925,36,29552,D,3139
100926,Customer_926,cust926@masked.com,+XXX-XXX-1926,58,35485,D,3140
100927,Customer_927,cust927@masked.com,+XXX-XXX-1927,69,184612,B,3103
100928,Customer_928,cust928@masked.com,+XXX-XXX-1928,21,97505,C,3110
100929,Customer_929,cust929@masked.com,+XXX-XXX-1929,39,70984,A,3103
100930,Customer_930,cust930@masked.com,+XXX-XXX-1930,37,197185,D,3059
100931,Customer_931,cust931@masked.com,+XXX-XXX-1931,69,158677,C,3099
100932,Customer_932,cust932@masked.com,+XXX-XXX-1932,48,119603,B,3067
100933,Customer_933,cust933@masked.com,+XXX-XXX-1933,64,101389,C,3132
100934,Customer_934,cust934@masked.com,+XXX-XXX-1934,32,175829,C,3119
100935,Customer_935,cust935@masked.com,+XXX-XXX-1935,26,144142,A,3036
100936,Customer_936,cust936@masked.com,+XXX-XXX-1936,27,64865,A,3071
100937,Customer_937,cust937@masked.com,+XXX-XXX-1937,28,82811,B,3126
100938,Customer_938,cust938@masked.com,+XXX-XXX-1938,23,28337,C,3105
100939,Customer_939,cust939@masked.com,+XXX-XXX-1939,69,97670,D,3091
100940,Customer_940,cust940@masked.com,+XXX-XXX-1940,41,152911,E,3030
100941,Customer_941,cust941@masked.com,+XXX-XXX-1941,28,73102,C,3121
100942,Customer_942,cust942@masked.com,+XXX-XXX-1942,48,37702,D,3136
100943,Customer_943,cust943@masked.com,+XXX-XXX-1943,50,36359,B,3050
100944,Customer_944,cust944@masked.com,+XXX-XXX-1944,52,108038,C,3028
100945,Customer_945,cust945@masked.com,+XXX-XXX-1945,31,52514,A,3039
100946,Customer_946,cust946@masked.com,+XXX-XXX-1946,40,194290,B,3040
100947,Customer_947,cust947@masked.com,+XXX-XXX-1947,36,154012,C,3010
100948,Customer_948,cust948@masked.com,+XXX-XXX-1948,45,43953,A,3000
100949,Customer_949,cust949@masked.com,+XXX-XXX-1949,65,58226,C,3045
100950,Customer_950,cust950@masked.com,+XXX-XXX-1950,29,22052,D,3100
100951,Customer_951,cust951@masked.com,+XXX-XXX-1951,59,195884,B,3148
100952,Customer_952,cust952@masked.com,+XXX-XXX-1952,69,157377,B,3089
100953,Customer_953,cust953@masked.com,+XXX-XXX-1953,60,159479,D,3109
100954,Customer_954,cust954@masked.com,+XXX-XXX-1954,60,20785,D,3056
100955,Customer_955,cust955@masked.com,+XXX-XXX-1955,23,142026,B,3000
100956,Customer_956,cust956@masked.com,+XXX-XXX-1956,36,165344,B,3062
100957,Customer_957,cust957@masked.com,+XXX-XXX-1957,32,30491,C,3054
100958,Customer_958,cust958@masked.com,+XXX-XXX-1958,35,97480,C,3114
100959,Customer_959,cust959@masked.com,+XXX-XXX-1959,24,154181,A,3142
100960,Customer_960,cust960@masked.com,+XXX-XXX-1960,43,163587,B,3148
100961,Customer_961,cust961@masked.com,+XXX-XXX-1961,47,140741,D,3052
100962,Customer_962,cust962@masked.com,+XXX-XXX-1962,59,188844,C,3136
100963,Customer_963,cust963@masked.com,+XXX-XXX-1963,63,173212,E,3056
100964,Customer_964,cust964@masked.com,+XXX-XXX-1964,57,92981,D,3116
100965,Customer_965,cust965@masked.com,+XXX-XXX-1965,33,53052,E,3034
100966,Customer_966,cust966@masked.com,+XXX-XXX-1966,63,64541,A,3062
100967,Customer_967,cust967@masked.com,+XXX-XXX-1967,57,149672,D,3024
100968,Customer_968,cust968@masked.com,+XXX-XXX-1968,60,153485,A,3089
100969,Customer_969,cust969@masked.com,+XXX-XXX-1969,41,169099,C,3074
100970,Customer_970,cust970@masked.com,+XXX-XXX-1970,49,160391,B,3037
100971,Customer_971,cust971@masked.com,+XXX-XXX-1971,49,179120,B,3129
100972,Customer_972,cust972@masked.com,+XXX-XXX-1972,69,181444,D,3134
100973,Customer_973,cust973@masked.com,+XXX-XXX-1973,31,91871,D,3090
100974,Customer_974,cust974@masked.com,+XXX-XXX-1974,48,69795,A,3016
100975,Customer_975,cust975@masked.com,+XXX-XXX-1975,30,141999,C,3127
100976,Customer_976,cust976@masked.com,+XXX-XXX-1976,25,84394,B,3107
100977,Customer_977,cust977@masked.com,+XXX-XXX-1977,45,112890,B,3024
100978,Customer_978,cust978@masked.com,+XXX-XXX-1978,53,192057,D,3087
100979,Customer_979,cust979@masked.com,+XXX-XXX-1979,37,128541,B,3028
100980,Customer_980,cust980@masked.com,+XXX-XXX-1980,69,122241,E,3062
100981,Customer_981,cust981@masked.com,+XXX-XXX-1981,53,90343,A,3149
100982,Customer_982,cust982@masked.com,+XXX-XXX-1982,45,166022,C,3113
100983,Customer_983,cust983@masked.com,+XXX-XXX-1983,53,91872,C,3048
100984,Customer_984,cust984@masked.com,+XXX-XXX-1984,29,157596,B,3080
100985,Customer_985,cust985@masked.com,+XXX-XXX-1985,47,58490,B,3083
100986,Customer_986,cust986@masked.com,+XXX-XXX-1986,45,70220,D,3104
100987,Customer_987,cust987@masked.com,+XXX-XXX-1987,24,192970,D,3147
100988,Customer_988,cust988@masked.com,+XXX-XXX-1988,29,187938,B,3117
100989,Customer_989,cust989@masked.com,+XXX-XXX-1989,66,35265,C,3085
100990,Customer_990,cust990@masked.com,+XXX-XXX-1990,35,113759,A,3062
100991,Customer_991,cust991@masked.com,+XXX-XXX-1991,36,49830,A,3103
100992,Customer_992,cust992@masked.com,+XXX-XXX-1992,36,99138,B,3048
100993,Customer_993,cust993@masked.com,+XXX-XXX-1993,33,161589,A,3070
100994,Customer_994,cust994@masked.com,+XXX-XXX-1994,34,159167,D,3000
100995,Customer_995,cust995@masked.com,+XXX-XXX-1995,42,67385,C,3140
100996,Customer_996,cust996@masked.com,+XXX-XXX-1996,41,70295,E,3122
100997,Customer_997,cust997@masked.com,+XXX-XXX-1997,29,42277,C,3061
100998,Customer_998,cust998@masked.com,+XXX-XXX-1998,61,109261,E,3031
100999,Customer_999,cust999@masked.com,+XXX-XXX-1999,24,116714,C,3028
101000,Customer_1000,cust1000@masked.com,+XXX-XXX-2000,30,191637,C,3048
101001,Customer_1001,cust1001@masked.com,+XXX-XXX-2001,55,121048,E,3029
101002,Customer_1002,cust1002@masked.com,+XXX-XXX-2002,29,199954,C,3143
101003,Customer_1003,cust1003@masked.com,+XXX-XXX-2003,68,73822,A,3018
101004,Customer_1004,cust1004@masked.com,+XXX-XXX-2004,36,21920,C,3017
101005,Customer_1005,cust1005@masked.com,+XXX-XXX-2005,69,160948,D,3000
101006,Customer_1006,cust1006@masked.com,+XXX-XXX-2006,38,173068,D,3077
101007,Customer_1007,cust1007@masked.com,+XXX-XXX-2007,30,157491,C,3114
101008,Customer_1008,cust1008@masked.com,+XXX-XXX-2008,41,29160,C,3112
101009,Customer_1009,cust1009@masked.com,+XXX-XXX-2009,35,51706,E,3113
101010,Customer_1010,cust1010@masked.com,+XXX-XXX-2010,35,190012,A,3062
101011,Customer_1011,cust1011@masked.com,+XXX-XXX-2011,31,58698,C,3131
101012,Customer_1012,cust1012@masked.com,+XXX-XXX-2012,60,195347,B,3128
101013,Customer_1013,cust1013@masked.com,+XXX-XXX-2013,68,198496,C,3007
101014,Customer_1014,cust1014@masked.com,+XXX-XXX-2014,62,188578,C,3054
101015,Customer_1015,cust1015@masked.com,+XXX-XXX-2015,61,42879,A,3102
101016,Customer_1016,cust1016@masked.com,+XXX-XXX-2016,67,171845,A,3130
101017,Customer_1017,cust1017@masked.com,+XXX-XXX-2017,57,98570,C,3031
101018,Customer_1018,cust1018@masked.com,+XXX-XXX-2018,40,23884,A,3009
101019,Customer_1019,cust1019@masked.com,+XXX-XXX-2019,54,119036,B,3109
101020,Customer_1020,cust1020@masked.com,+XXX-XXX-2020,42,51803,D,3123
101021,Customer_1021,cust1021@masked.com,+XXX-XXX-2021,68,171135,B,3086
101022,Customer_1022,cust1022@masked.com,+XXX-XXX-2022,38,40236,B,3054
101023,Customer_1023,cust1023@masked.com,+XXX-XXX-2023,36,182334,E,3031
101024,Customer_1024,cust1024@masked.com,+XXX-XXX-2024,25,122003,B,3134
101025,Customer_1025,cust1025@masked.com,+XXX-XXX-2025,21,90717,B,3092
101026,Customer_1026,cust1026@masked.com,+XXX-XXX-2026,39,142001,C,3007
101027,Customer_1027,cust1027@masked.com,+XXX-XXX-2027,30,38484,D,3064
101028,Customer_1028,cust1028@masked.com,+XXX-XXX-2028,41,128388,D,3056
101029,Customer_1029,cust1029@masked.com,+XXX-XXX-2029,33,33280,D,3066
101030,Customer_1030,cust1030@masked.com,+XXX-XXX-2030,44,22754,D,3071
101031,Customer_1031,cust1031@masked.com,+XXX-XXX-2031,43,70258,B,3053
101032,Customer_1032,cust1032@masked.com,+XXX-XXX-2032,43,63386,A,3066
101033,Customer_1033,cust1033@masked.com,+XXX-XXX-2033,31,51365,B,3050
101034,Customer_1034,cust1034@masked.com,+XXX-XXX-2034,67,101353,A,3096
101035,Customer_1035,cust1035@masked.com,+XXX-XXX-2035,22,180676,C,3091
101036,Customer_1036,cust1036@masked.com,+XXX-XXX-2036,26,21803,C,3007
101037,Customer_1037,cust1037@masked.com,+XXX-XXX-2037,31,144907,A,3034
101038,Customer_1038,cust1038@masked.com,+XXX-XXX-2038,35,159344,D,3095
101039,Customer_1039,cust1039@masked.com,+XXX-XXX-2039,29,141345,B,3087
101040,Customer_1040,cust1040@masked.com,+XXX-XXX-2040,32,125210,B,3077
101041,Customer_1041,cust1041@masked.com,+XXX-XXX-2041,56,47117,C,3031
101042,Customer_1042,cust1042@masked.com,+XXX-XXX-2042,48,195771,B,3119
101043,Customer_1043,cust1043@masked.com,+XXX-XXX-2043,43,27204,B,3045
101044,Customer_1044,cust1044@masked.com,+XXX-XXX-2044,47,82519,A,3143
101045,Customer_1045,cust1045@masked.com,+XXX-XXX-2045,44,182936,B,3141
101046,Customer_1046,cust1046@masked.com,+XXX-XXX-2046,34,70386,D,3054
101047,Customer_1047,cust1047@masked.com,+XXX-XXX-2047,55,36486,D,3006
101048,Customer_1048,cust1048@masked.com,+XXX-XXX-2048,47,165846,B,3073
101049,Customer_1049,cust1049@masked.com,+XXX-XXX-2049,41,123216,B,3006
101050,Customer_1050,cust1050@masked.com,+XXX-XXX-2050,69,165445,C,3084
101051,Customer_1051,cust1051@masked.com,+XXX-XXX-2051,33,188748,E,3146
101052,Customer_1052,cust1052@masked.com,+XXX-XXX-2052,28,23691,B,3111
101053,Customer_1053,cust1053@masked.com,+XXX-XXX-2053,64,64445,B,3124
101054,Customer_1054,cust1054@masked.com,+XXX-XXX-2054,64,176895,D,3146
101055,Customer_1055,cust1055@masked.com,+XXX-XXX-2055,64,121368,C,3035
101056,Customer_1056,cust1056@masked.com,+XXX-XXX-2056,54,74564,A,3028
101057,Customer_1057,cust1057@masked.com,+XXX-XXX-2057,62,107071,C,3081
101058,Customer_1058,cust1058@masked.com,+XXX-XXX-2058,43,157098,A,3001
101059,Customer_1059,cust1059@masked.com,+XXX-XXX-2059,29,194568,C,3128
101060,Customer_1060,cust1060@masked.com,+XXX-XXX-2060,21,34073,C,3046
101061,Customer_1061,cust1061@masked.com,+XXX-XXX-2061,56,172908,D,3147
101062,Customer_1062,cust1062@masked.com,+XXX-XXX-2062,66,158256,B,3010
101063,Customer_1063,cust1063@masked.com,+XXX-XXX-2063,36,21789,B,3129
101064,Customer_1064,cust1064@masked.com,+XXX-XXX-2064,45,50353,B,3118
101065,Customer_1065,cust1065@masked.com,+XXX-XXX-2065,38,46340,D,3139
101066,Customer_1066,cust1066@masked.com,+XXX-XXX-2066,54,67343,A,3019
101067,Customer_1067,cust1067@masked.com,+XXX-XXX-2067,58,179005,B,3004
101068,Customer_1068,cust1068@masked.com,+XXX-XXX-2068,23,164758,A,3036
101069,Customer_1069,cust1069@masked.com,+XXX-XXX-2069,40,180330,D,3136
101070,Customer_1070,cust1070@masked.com,+XXX-XXX-2070,39,145877,B,3052
101071,Customer_1071,cust1071@masked.com,+XXX-XXX-2071,33,53027,B,3098
101072,Customer_1072,cust1072@masked.com,+XXX-XXX-2072,37,169374,B,3085
101073,Customer_1073,cust1073@masked.com,+XXX-XXX-2073,34,141192,D,3107
101074,Customer_1074,cust1074@masked.com,+XXX-XXX-2074,50,198074,C,3023
101075,Customer_1075,cust1075@masked.com,+XXX-XXX-2075,42,110095,C,3080
101076,Customer_1076,cust1076@masked.com,+XXX-XXX-2076,63,150563,D,3119
101077,Customer_1077,cust1077@masked.com,+XXX-XXX-2077,68,133570,D,3058
101078,Customer_1078,cust1078@masked.com,+XXX-XXX-2078,63,46362,B,3127
101079,Customer_1079,cust1079@masked.com,+XXX-XXX-2079,49,27252,E,3113
101080,Customer_1080,cust1080@masked.com,+XXX-XXX-2080,22,141918,A,3114
101081,Customer_1081,cust1081@masked.com,+XXX-XXX-2081,28,35090,B,3013
101082,Customer_1082,cust1082@masked.com,+XXX-XXX-2082,34,55110,D,3008
101083,Customer_1083,cust1083@masked.com,+XXX-XXX-2083,54,93627,B,3039
101084,Customer_1084,cust1084@masked.com,+XXX-XXX-2084,33,72385,B,3024
101085,Customer_1085,cust1085@masked.com,+XXX-XXX-2085,30,25024,B,3102
101086,Customer_1086,cust1086@masked.com,+XXX-XXX-2086,28,31441,C,3021
101087,Customer_1087,cust1087@masked.com,+XXX-XXX-2087,27,193383,B,3003
101088,Customer_1088,cust1088@masked.com,+XXX-XXX-2088,33,178459,C,3028
101089,Customer_1089,cust1089@masked.com,+XXX-XXX-2089,46,87825,D,3108
101090,Customer_1090,cust1090@masked.com,+XXX-XXX-2090,52,136053,C,3097
101091,Customer_1091,cust1091@masked.com,+XXX-XXX-2091,39,96890,A,3036
101092,Customer_1092,cust1092@masked.com,+XXX-XXX-2092,35,162363,E,3074
101093,Customer_1093,cust1093@masked.com,+XXX-XXX-2093,22,147434,B,3069
101094,Customer_1094,cust1094@masked.com,+XXX-XXX-2094,57,182458,A,3145
101095,Customer_1095,cust1095@masked.com,+XXX-XXX-2095,39,136096,A,3127
101096,Customer_1096,cust1096@masked.com,+XXX-XXX-2096,53,29702,C,3084
101097,Customer_1097,cust1097@masked.com,+XXX-XXX-2097,59,118523,A,3041
101098,Customer_1098,cust1098@masked.com,+XXX-XXX-2098,53,124711,A,3099
101099,Customer_1099,cust1099@masked.com,+XXX-XXX-2099,21,194200,B,3040
101100,Customer_1100,cust1100@masked.com,+XXX-XXX-2100,59,131895,B,3033
101101,Customer_1101,cust1101@masked.com,+XXX-XXX-2101,48,47762,C,3016
101102,Customer_1102,cust1102@masked.com,+XXX-XXX-2102,37,154311,D,3121
101103,Customer_1103,cust1103@masked.com,+XXX-XXX-2103,26,32567,D,3075
101104,Customer_1104,cust1104@masked.com,+XXX-XXX-2104,64,105737,B,3086
101105,Customer_1105,cust1105@masked.com,+XXX-XXX-2105,40,26857,B,3116
101106,Customer_1106,cust1106@masked.com,+XXX-XXX-2106,67,85603,E,3105
101107,Customer_1107,cust1107@masked.com,+XXX-XXX-2107,33,95399,A,3085
101108,Customer_1108,cust1108@masked.com,+XXX-XXX-2108,32,78086,D,3026
101109,Customer_1109,cust1109@masked.com,+XXX-XXX-2109,50,109145,A,3056
101110,Customer_1110,cust1110@masked.com,+XXX-XXX-2110,41,52270,E,3030
101111,Customer_1111,cust1111@masked.com,+XXX-XXX-2111,22,140071,B,3133
101112,Customer_1112,cust1112@masked.com,+XXX-XXX-2112,38,22012,B,3097
101113,Customer_1113,cust1113@masked.com,+XXX-XXX-2113,48,79049,C,3011
101114,Customer_1114,cust1114@masked.com,+XXX-XXX-2114,24,104989,C,3052
101115,Customer_1115,cust1115@masked.com,+XXX-XXX-2115,62,109586,B,3137
101116,Customer_1116,cust1116@masked.com,+XXX-XXX-2116,63,59080,C,3144
101117,Customer_1117,cust1117@masked.com,+XXX-XXX-2117,26,76879,C,3121
101118,Customer_1118,cust1118@masked.com,+XXX-XXX-2118,58,85888,A,3045
101119,Customer_1119,cust1119@masked.com,+XXX-XXX-2119,29,135951,A,3063
101120,Customer_1120,cust1120@masked.com,+XXX-XXX-2120,40,169282,B,3129
101121,Customer_1121,cust1121@masked.com,+XXX-XXX-2121,65,57146,A,3053
101122,Customer_1122,cust1122@masked.com,+XXX-XXX-2122,50,136293,C,3106
101123,Customer_1123,cust1123@masked.com,+XXX-XXX-2123,57,113948,A,3050
101124,Customer_1124,cust1124@masked.com,+XXX-XXX-2124,58,56166,B,3035
101125,Customer_1125,cust1125@masked.com,+XXX-XXX-2125,24,139239,A,3114
101126,Customer_1126,cust1126@masked.com,+XXX-XXX-2126,58,154078,C,3025
101127,Customer_1127,cust1127@masked.com,+XXX-XXX-2127,33,152076,A,3028
101128,Customer_1128,cust1128@masked.com,+XXX-XXX-2128,55,198652,A,3148
101129,Customer_1129,cust1129@masked.com,+XXX-XXX-2129,50,157039,A,3010
101130,Customer_1130,cust1130@masked.com,+XXX-XXX-2130,62,185918,E,3039
101131,Customer_1131,cust1131@masked.com,+XXX-XXX-2131,24,38879,A,3010
101132,Customer_1132,cust1132@masked.com,+XXX-XXX-2132,45,22261,C,3112
101133,Customer_1133,cust1133@masked.com,+XXX-XXX-2133,51,179412,A,3038
101134,Customer_1134,cust1134@masked.com,+XXX-XXX-2134,67,52323,A,3053
101135,Customer_1135,cust1135@masked.com,+XXX-XXX-2135,32,55864,C,3097
101136,Customer_1136,cust1136@masked.com,+XXX-XXX-2136,35,27927,B,3054
101137,Customer_1137,cust1137@masked.com,+XXX-XXX-2137,46,186284,E,3110
101138,Customer_1138,cust1138@masked.com,+XXX-XXX-2138,30,102256,E,3149
101139,Customer_1139,cust1139@masked.com,+XXX-XXX-2139,32,104903,D,3068
101140,Customer_1140,cust1140@masked.com,+XXX-XXX-2140,42,192999,C,3055
101141,Customer_1141,cust1141@masked.com,+XXX-XXX-2141,60,141686,B,3032
101142,Customer_1142,cust1142@masked.com,+XXX-XXX-2142,41,74150,B,3035
101143,Customer_1143,cust1143@masked.com,+XXX-XXX-2143,55,127167,E,3147
101144,Customer_1144,cust1144@masked.com,+XXX-XXX-2144,27,33056,C,3080
101145,Customer_1145,cust1145@masked.com,+XXX-XXX-2145,38,161934,C,3108
101146,Customer_1146,cust1146@masked.com,+XXX-XXX-2146,47,30798,B,3072
101147,Customer_1147,cust1147@masked.com,+XXX-XXX-2147,55,126491,A,3039
101148,Customer_1148,cust1148@masked.com,+XXX-XXX-2148,67,71747,E,3016
101149,Customer_1149,cust1149@masked.com,+XXX-XXX-2149,22,55738,B,3128
101150,Customer_1150,cust1150@masked.com,+XXX-XXX-2150,52,37227,B,3060
101151,Customer_1151,cust1151@masked.com,+XXX-XXX-2151,35,185465,A,3103
101152,Customer_1152,cust1152@masked.com,+XXX-XXX-2152,65,103800,D,3041
101153,Customer_1153,cust1153@masked.com,+XXX-XXX-2153,44,146531,A,3024
101154,Customer_1154,cust1154@masked.com,+XXX-XXX-2154,40,79461,D,3038
101155,Customer_1155,cust1155@masked.com,+XXX-XXX-2155,30,77848,A,3034
101156,Customer_1156,cust1156@masked.com,+XXX-XXX-2156,44,44685,D,3130
101157,Customer_1157,cust1157@masked.com,+XXX-XXX-2157,44,111517,C,3107
101158,Customer_1158,cust1158@masked.com,+XXX-XXX-2158,44,139180,A,3101
101159,Customer_1159,cust1159@masked.com,+XXX-XXX-2159,60,23480,C,3097
101160,Customer_1160,cust1160@masked.com,+XXX-XXX-2160,68,35860,B,3011
101161,Customer_1161,cust1161@masked.com,+XXX-XXX-2161,68,88578,A,3018
101162,Customer_1162,cust1162@masked.com,+XXX-XXX-2162,54,77230,D,3100
101163,Customer_1163,cust1163@masked.com,+XXX-XXX-2163,61,77026,B,3043
101164,Customer_1164,cust1164@masked.com,+XXX-XXX-2164,60,26564,B,3048
101165,Customer_1165,cust1165@masked.com,+XXX-XXX-2165,31,40012,A,3016
101166,Customer_1166,cust1166@masked.com,+XXX-XXX-2166,46,74169,B,3073
101167,Customer_1167,cust1167@masked.com,+XXX-XXX-2167,21,46341,D,3056
101168,Customer_1168,cust1168@masked.com,+XXX-XXX-2168,50,66841,B,3054
101169,Customer_1169,cust1169@masked.com,+XXX-XXX-2169,63,112584,E,3046
101170,Customer_1170,cust1170@masked.com,+XXX-XXX-2170,38,63335,E,3011
101171,Customer_1171,cust1171@masked.com,+XXX-XXX-2171,46,75155,A,3061
101172,Customer_1172,cust1172@masked.com,+XXX-XXX-2172,67,118314,A,3079
101173,Customer_1173,cust1173@masked.com,+XXX-XXX-2173,29,49527,D,3082
101174,Customer_1174,cust1174@masked.com,+XXX-XXX-2174,29,115466,B,3007
101175,Customer_1175,cust1175@masked.com,+XXX-XXX-2175,21,199847,A,3148
101176,Customer_1176,cust1176@masked.com,+XXX-XXX-2176,27,70653,B,3080
101177,Customer_1177,cust1177@masked.com,+XXX-XXX-2177,64,175776,C,3117
101178,Customer_1178,cust1178@masked.com,+XXX-XXX-2178,62,121907,D,3024
101179,Customer_1179,cust1179@masked.com,+XXX-XXX-2179,36,53057,A,3088
101180,Customer_1180,cust1180@masked.com,+XXX-XXX-2180,58,123992,A,3011
101181,Customer_1181,cust1181@masked.com,+XXX-XXX-2181,31,27393,E,3142
101182,Customer_1182,cust1182@masked.com,+XXX-XXX-2182,45,95404,D,3058
101183,Customer_1183,cust1183@masked.com,+XXX-XXX-2183,49,191445,C,3108
101184,Customer_1184,cust1184@masked.com,+XXX-XXX-2184,39,111956,D,3025
101185,Customer_1185,cust1185@masked.com,+XXX-XXX-2185,38,104613,B,3046
101186,Customer_1186,cust1186@masked.com,+XXX-XXX-2186,67,79171,D,3031
101187,Customer_1187,cust1187@masked.com,+XXX-XXX-2187,49,49336,B,3009
101188,Customer_1188,cust1188@masked.com,+XXX-XXX-2188,36,164057,B,3015
101189,Customer_1189,cust1189@masked.com,+XXX-XXX-2189,66,32014,C,3144
101190,Customer_1190,cust1190@masked.com,+XXX-XXX-2190,60,159446,B,3025
101191,Customer_1191,cust1191@masked.com,+XXX-XXX-2191,28,173371,E,3085
101192,Customer_1192,cust1192@masked.com,+XXX-XXX-2192,54,111513,B,3134
101193,Customer_1193,cust1193@masked.com,+XXX-XXX-2193,26,178403,E,3013
101194,Customer_1194,cust1194@masked.com,+XXX-XXX-2194,65,156656,E,3078
101195,Customer_1195,cust1195@masked.com,+XXX-XXX-2195,65,164037,B,3116
101196,Customer_1196,cust1196@masked.com,+XXX-XXX-2196,50,104769,D,3006
101197,Customer_1197,cust1197@masked.com,+XXX-XXX-2197,64,171891,B,3136
101198,Customer_1198,cust1198@masked.com,+XXX-XXX-2198,54,146092,D,3114
101199,Customer_1199,cust1199@masked.com,+XXX-XXX-2199,41,48782,B,3071
101200,Customer_1200,cust1200@masked.com,+XXX-XXX-2200,32,130463,C,3058
101201,Customer_1201,cust1201@masked.com,+XXX-XXX-2201,69,105847,B,3081
101202,Customer_1202,cust1202@masked.com,+XXX-XXX-2202,26,108434,B,3115
101203,Customer_1203,cust1203@masked.com,+XXX-XXX-2203,59,80773,A,3145
101204,Customer_1204,cust1204@masked.com,+XXX-XXX-2204,26,174896,B,3102
101205,Customer_1205,cust1205@masked.com,+XXX-XXX-2205,24,34110,D,3016
101206,Customer_1206,cust1206@masked.com,+XXX-XXX-2206,29,198779,C,3013
101207,Customer_1207,cust1207@masked.com,+XXX-XXX-2207,25,108512,C,3107
101208,Customer_1208,cust1208@masked.com,+XXX-XXX-2208,30,25825,B,3044
101209,Customer_1209,cust1209@masked.com,+XXX-XXX-2209,67,154560,B,3097
101210,Customer_1210,cust1210@masked.com,+XXX-XXX-2210,28,87431,A,3130
101211,Customer_1211,cust1211@masked.com,+XXX-XXX-2211,43,88444,D,3036
101212,Customer_1212,cust1212@masked.com,+XXX-XXX-2212,24,86947,E,3107
101213,Customer_1213,cust1213@masked.com,+XXX-XXX-2213,57,156529,B,3038
101214,Customer_1214,cust1214@masked.com,+XXX-XXX-2214,27,58216,A,3014
101215,Customer_1215,cust1215@masked.com,+XXX-XXX-2215,26,113230,A,3119
101216,Customer_1216,cust1216@masked.com,+XXX-XXX-2216,65,28847,C,3003
101217,Customer_1217,cust1217@masked.com,+XXX-XXX-2217,62,192381,C,3092
101218,Customer_1218,cust1218@masked.com,+XXX-XXX-2218,35,34658,D,3140
101219,Customer_1219,cust1219@masked.com,+XXX-XXX-2219,55,146878,B,3015
101220,Customer_1220,cust1220@masked.com,+XXX-XXX-2220,52,168599,D,3107
101221,Customer_1221,cust1221@masked.com,+XXX-XXX-2221,34,49676,C,3125
101222,Customer_1222,cust1222@masked.com,+XXX-XXX-2222,55,167853,B,3054
101223,Customer_1223,cust1223@masked.com,+XXX-XXX-2223,31,20645,C,3033
101224,Customer_1224,cust1224@masked.com,+XXX-XXX-2224,30,117476,A,3012
101225,Customer_1225,cust1225@masked.com,+XXX-XXX-2225,37,98236,B,3140
101226,Customer_1226,cust1226@masked.com,+XXX-XXX-2226,33,175062,D,3017
101227,Customer_1227,cust1227@masked.com,+XXX-XXX-2227,54,38618,B,3095
101228,Customer_1228,cust1228@masked.com,+XXX-XXX-2228,65,81859,D,3122
101229,Customer_1229,cust1229@masked.com,+XXX-XXX-2229,25,78827,C,3038
101230,Customer_1230,cust1230@masked.com,+XXX-XXX-2230,68,117389,A,3045
101231,Customer_1231,cust1231@masked.com,+XXX-XXX-2231,30,145114,C,3028
101232,Customer_1232,cust1232@masked.com,+XXX-XXX-2232,52,116726,C,3061
101233,Customer_1233,cust1233@masked.com,+XXX-XXX-2233,32,148077,B,3015
101234,Customer_1234,cust1234@masked.com,+XXX-XXX-2234,33,153034,A,3120
101235,Customer_1235,cust1235@masked.com,+XXX-XXX-2235,41,148373,B,3009
101236,Customer_1236,cust1236@masked.com,+XXX-XXX-2236,68,190313,A,3102
101237,Customer_1237,cust1237@masked.com,+XXX-XXX-2237,53,146076,A,3083
101238,Customer_1238,cust1238@masked.com,+XXX-XXX-2238,61,191323,B,3132
101239,Customer_1239,cust1239@masked.com,+XXX-XXX-2239,68,82397,B,3064
101240,Customer_1240,cust1240@masked.com,+XXX-XXX-2240,67,89951,E,3002
101241,Customer_1241,cust1241@masked.com,+XXX-XXX-2241,52,75770,B,3141
101242,Customer_1242,cust1242@masked.com,+XXX-XXX-2242,32,51545,D,3119
101243,Customer_1243,cust1243@masked.com,+XXX-XXX-2243,66,28705,C,3067
101244,Customer_1244,cust1244@masked.com,+XXX-XXX-2244,55,30704,C,3145
101245,Customer_1245,cust1245@masked.com,+XXX-XXX-2245,56,183191,B,3036
101246,Customer_1246,cust1246@masked.com,+XXX-XXX-2246,58,48671,E,3072
101247,Customer_1247,cust1247@masked.com,+XXX-XXX-2247,68,41203,C,3142
101248,Customer_1248,cust1248@masked.com,+XXX-XXX-2248,48,101927,D,3048
101249,Customer_1249,cust1249@masked.com,+XXX-XXX-2249,33,140503,B,3120
101250,Customer_1250,cust1250@masked.com,+XXX-XXX-2250,32,112115,A,3087
101251,Customer_1251,cust1251@masked.com,+XXX-XXX-2251,42,32451,C,3139
101252,Customer_1252,cust1252@masked.com,+XXX-XXX-2252,64,175588,A,3036
101253,Customer_1253,cust1253@masked.com,+XXX-XXX-2253,22,131372,B,3060
101254,Customer_1254,cust1254@masked.com,+XXX-XXX-2254,49,140102,A,3123
101255,Customer_1255,cust1255@masked.com,+XXX-XXX-2255,33,116613,C,3038
101256,Customer_1256,cust1256@masked.com,+XXX-XXX-2256,55,95856,E,3062
101257,Customer_1257,cust1257@masked.com,+XXX-XXX-2257,33,78642,B,3045
101258,Customer_1258,cust1258@masked.com,+XXX-XXX-2258,54,197048,D,3087
101259,Customer_1259,cust1259@masked.com,+XXX-XXX-2259,39,170402,C,3010
101260,Customer_1260,cust1260@masked.com,+XXX-XXX-2260,29,107656,B,3061
101261,Customer_1261,cust1261@masked.com,+XXX-XXX-2261,51,54612,E,3076
101262,Customer_1262,cust1262@masked.com,+XXX-XXX-2262,53,138299,D,3051
101263,Customer_1263,cust1263@masked.com,+XXX-XXX-2263,47,182862,D,3003
101264,Customer_1264,cust1264@masked.com,+XXX-XXX-2264,65,149848,B,3058
101265,Customer_1265,cust1265@masked.com,+XXX-XXX-2265,22,107606,C,3071
101266,Customer_1266,cust1266@masked.com,+XXX-XXX-2266,35,170521,B,3147
101267,Customer_1267,cust1267@masked.com,+XXX-XXX-2267,39,183328,B,3092
101268,Customer_1268,cust1268@masked.com,+XXX-XXX-2268,51,118983,B,3062
101269,Customer_1269,cust1269@masked.com,+XXX-XXX-2269,36,27190,D,3053
101270,Customer_1270,cust1270@masked.com,+XXX-XXX-2270,63,196565,D,3116
101271,Customer_1271,cust1271@masked.com,+XXX-XXX-2271,35,162633,B,3109
101272,Customer_1272,cust1272@masked.com,+XXX-XXX-2272,26,171503,A,3073
101273,Customer_1273,cust1273@masked.com,+XXX-XXX-2273,34,49617,D,3106
101274,Customer_1274,cust1274@masked.com,+XXX-XXX-2274,47,164643,A,3056
101275,Customer_1275,cust1275@masked.com,+XXX-XXX-2275,58,129319,C,3002
101276,Customer_1276,cust1276@masked.com,+XXX-XXX-2276,39,116931,A,3119
101277,Customer_1277,cust1277@masked.com,+XXX-XXX-2277,57,20009,B,3005
101278,Customer_1278,cust1278@masked.com,+XXX-XXX-2278,63,134291,E,3004
101279,Customer_1279,cust1279@masked.com,+XXX-XXX-2279,24,100739,A,3004
101280,Customer_1280,cust1280@masked.com,+XXX-XXX-2280,46,194863,B,3053
101281,Customer_1281,cust1281@masked.com,+XXX-XXX-2281,29,73368,B,3046
101282,Customer_1282,cust1282@masked.com,+XXX-XXX-2282,61,95914,D,3008
101283,Customer_1283,cust1283@masked.com,+XXX-XXX-2283,69,68847,D,3098
101284,Customer_1284,cust1284@masked.com,+XXX-XXX-2284,60,95755,B,3019
101285,Customer_1285,cust1285@masked.com,+XXX-XXX-2285,35,115491,A,3121
101286,Customer_1286,cust1286@masked.com,+XXX-XXX-2286,61,185296,C,3060
101287,Customer_1287,cust1287@masked.com,+XXX-XXX-2287,57,118347,B,3122
101288,Customer_1288,cust1288@masked.com,+XXX-XXX-2288,24,60094,C,3081
101289,Customer_1289,cust1289@masked.com,+XXX-XXX-2289,46,147791,A,3061
101290,Customer_1290,cust1290@masked.com,+XXX-XXX-2290,38,146489,A,3144
101291,Customer_1291,cust1291@masked.com,+XXX-XXX-2291,61,161158,C,3002
101292,Customer_1292,cust1292@masked.com,+XXX-XXX-2292,55,113893,A,3012
101293,Customer_1293,cust1293@masked.com,+XXX-XXX-2293,61,60544,D,3119
101294,Customer_1294,cust1294@masked.com,+XXX-XXX-2294,61,112398,A,3124
101295,Customer_1295,cust1295@masked.com,+XXX-XXX-2295,49,170027,A,3088
101296,Customer_1296,cust1296@masked.com,+XXX-XXX-2296,44,67660,E,3072
101297,Customer_1297,cust1297@masked.com,+XXX-XXX-2297,24,93736,B,3067
101298,Customer_1298,cust1298@masked.com,+XXX-XXX-2298,41,91168,C,3141
101299,Customer_1299,cust1299@masked.com,+XXX-XXX-2299,59,54630,A,3100
101300,Customer_1300,cust1300@masked.com,+XXX-XXX-2300,27,24711,C,3097
101301,Customer_1301,cust1301@masked.com,+XXX-XXX-2301,43,181943,C,3010
101302,Customer_1302,cust1302@masked.com,+XXX-XXX-2302,60,22457,B,3104
101303,Customer_1303,cust1303@masked.com,+XXX-XXX-2303,41,96732,D,3066
101304,Customer_1304,cust1304@masked.com,+XXX-XXX-2304,21,98375,C,3122
101305,Customer_1305,cust1305@masked.com,+XXX-XXX-2305,61,59467,B,3028
101306,Customer_1306,cust1306@masked.com,+XXX-XXX-2306,45,164239,C,3136
101307,Customer_1307,cust1307@masked.com,+XXX-XXX-2307,51,27157,C,3075
101308,Customer_1308,cust1308@masked.com,+XXX-XXX-2308,64,130357,A,3008
101309,Customer_1309,cust1309@masked.com,+XXX-XXX-2309,58,22714,B,3039
101310,Customer_1310,cust1310@masked.com,+XXX-XXX-2310,65,47217,B,3024
101311,Customer_1311,cust1311@masked.com,+XXX-XXX-2311,25,60132,B,3004
101312,Customer_1312,cust1312@masked.com,+XXX-XXX-2312,51,116653,D,3138
101313,Customer_1313,cust1313@masked.com,+XXX-XXX-2313,21,100792,B,3123
101314,Customer_1314,cust1314@masked.com,+XXX-XXX-2314,50,76371,E,3037
101315,Customer_1315,cust1315@masked.com,+XXX-XXX-2315,38,76788,B,3071
101316,Customer_1316,cust1316@masked.com,+XXX-XXX-2316,28,29583,B,3132
101317,Customer_1317,cust1317@masked.com,+XXX-XXX-2317,46,62042,D,3089
101318,Customer_1318,cust1318@masked.com,+XXX-XXX-2318,60,110405,C,3145
101319,Customer_1319,cust1319@masked.com,+XXX-XXX-2319,35,97807,C,3036
101320,Customer_1320,cust1320@masked.com,+XXX-XXX-2320,39,88371,A,3059
101321,Customer_1321,cust1321@masked.com,+XXX-XXX-2321,30,159085,B,3027
101322,Customer_1322,cust1322@masked.com,+XXX-XXX-2322,44,98775,B,3080
101323,Customer_1323,cust1323@masked.com,+XXX-XXX-2323,36,180612,E,3113
101324,Customer_1324,cust1324@masked.com,+XXX-XXX-2324,63,56973,B,3039
101325,Customer_1325,cust1325@masked.com,+XXX-XXX-2325,51,87690,D,3044
101326,Customer_1326,cust1326@masked.com,+XXX-XXX-2326,64,89459,C,3061
101327,Customer_1327,cust1327@masked.com,+XXX-XXX-2327,36,51558,B,3092
101328,Customer_1328,cust1328@masked.com,+XXX-XXX-2328,36,128350,C,3114
101329,Customer_1329,cust1329@masked.com,+XXX-XXX-2329,48,60030,D,3066
101330,Customer_1330,cust1330@masked.com,+XXX-XXX-2330,40,56636,D,3055
101331,Customer_1331,cust1331@masked.com,+XXX-XXX-2331,55,129528,A,3039
101332,Customer_1332,cust1332@masked.com,+XXX-XXX-2332,29,83566,B,3097
101333,Customer_1333,cust1333@masked.com,+XXX-XXX-2333,60,71159,B,3039
101334,Customer_1334,cust1334@masked.com,+XXX-XXX-2334,30,76025,A,3090
101335,Customer_1335,cust1335@masked.com,+XXX-XXX-2335,65,177752,C,3032
101336,Customer_1336,cust1336@masked.com,+XXX-XXX-2336,38,129463,D,3005
101337,Customer_1337,cust1337@masked.com,+XXX-XXX-2337,65,32434,B,3146
101338,Customer_1338,cust1338@masked.com,+XXX-XXX-2338,65,66096,C,3079
101339,Customer_1339,cust1339@masked.com,+XXX-XXX-2339,35,67471,C,3091
101340,Customer_1340,cust1340@masked.com,+XXX-XXX-2340,65,76004,B,3096
101341,Customer_1341,cust1341@masked.com,+XXX-XXX-2341,50,191651,A,3058
101342,Customer_1342,cust1342@masked.com,+XXX-XXX-2342,68,30487,C,3058
101343,Customer_1343,cust1343@masked.com,+XXX-XXX-2343,52,95925,D,3047
101344,Customer_1344,cust1344@masked.com,+XXX-XXX-2344,60,199205,C,3012
101345,Customer_1345,cust1345@masked.com,+XXX-XXX-2345,47,116925,A,3106
101346,Customer_1346,cust1346@masked.com,+XXX-XXX-2346,47,133500,A,3044
101347,Customer_1347,cust1347@masked.com,+XXX-XXX-2347,39,29610,A,3088
101348,Customer_1348,cust1348@masked.com,+XXX-XXX-2348,30,73551,C,3099
101349,Customer_1349,cust1349@masked.com,+XXX-XXX-2349,64,33869,D,3006
101350,Customer_1350,cust1350@masked.com,+XXX-XXX-2350,66,108466,A,3132
101351,Customer_1351,cust1351@masked.com,+XXX-XXX-2351,26,42979,D,3044
101352,Customer_1352,cust1352@masked.com,+XXX-XXX-2352,44,31492,C,3057
101353,Customer_1353,cust1353@masked.com,+XXX-XXX-2353,29,135381,C,3030
101354,Customer_1354,cust1354@masked.com,+XXX-XXX-2354,47,80920,E,3022
101355,Customer_1355,cust1355@masked.com,+XXX-XXX-2355,27,132784,A,3137
101356,Customer_1356,cust1356@masked.com,+XXX-XXX-2356,26,114257,D,3106
101357,Customer_1357,cust1357@masked.com,+XXX-XXX-2357,53,43409,A,3038
101358,Customer_1358,cust1358@masked.com,+XXX-XXX-2358,41,136443,B,3081
101359,Customer_1359,cust1359@masked.com,+XXX-XXX-2359,66,175149,D,3099
101360,Customer_1360,cust1360@masked.com,+XXX-XXX-2360,58,80428,D,3001
101361,Customer_1361,cust1361@masked.com,+XXX-XXX-2361,64,46455,C,3076
101362,Customer_1362,cust1362@masked.com,+XXX-XXX-2362,37,178457,C,3011
101363,Customer_1363,cust1363@masked.com,+XXX-XXX-2363,51,151919,C,3038
101364,Customer_1364,cust1364@masked.com,+XXX-XXX-2364,57,96699,D,3012
101365,Customer_1365,cust1365@masked.com,+XXX-XXX-2365,31,73213,A,3045
101366,Customer_1366,cust1366@masked.com,+XXX-XXX-2366,48,135883,D,3112
101367,Customer_1367,cust1367@masked.com,+XXX-XXX-2367,25,160776,B,3016
101368,Customer_1368,cust1368@masked.com,+XXX-XXX-2368,32,195934,B,3103
101369,Customer_1369,cust1369@masked.com,+XXX-XXX-2369,23,51849,B,3097
101370,Customer_1370,cust1370@masked.com,+XXX-XXX-2370,61,91868,C,3087
101371,Customer_1371,cust1371@masked.com,+XXX-XXX-2371,58,142842,E,3108
101372,Customer_1372,cust1372@masked.com,+XXX-XXX-2372,22,156720,C,3069
101373,Customer_1373,cust1373@masked.com,+XXX-XXX-2373,46,51793,E,3073
101374,Customer_1374,cust1374@masked.com,+XXX-XXX-2374,22,105240,A,3062
101375,Customer_1375,cust1375@masked.com,+XXX-XXX-2375,32,104377,C,3059
101376,Customer_1376,cust1376@masked.com,+XXX-XXX-2376,60,23450,D,3078
101377,Customer_1377,cust1377@masked.com,+XXX-XXX-2377,22,28418,C,3036
101378,Customer_1378,cust1378@masked.com,+XXX-XXX-2378,61,199790,C,3021
101379,Customer_1379,cust1379@masked.com,+XXX-XXX-2379,36,54575,C,3147
101380,Customer_1380,cust1380@masked.com,+XXX-XXX-2380,50,150576,D,3095
101381,Customer_1381,cust1381@masked.com,+XXX-XXX-2381,67,117260,D,3067
101382,Customer_1382,cust1382@masked.com,+XXX-XXX-2382,66,134009,A,3016
101383,Customer_1383,cust1383@masked.com,+XXX-XXX-2383,56,53186,D,3011
101384,Customer_1384,cust1384@masked.com,+XXX-XXX-2384,24,46451,B,3149
101385,Customer_1385,cust1385@masked.com,+XXX-XXX-2385,31,23155,B,3144
101386,Customer_1386,cust1386@masked.com,+XXX-XXX-2386,44,160182,D,3137
101387,Customer_1387,cust1387@masked.com,+XXX-XXX-2387,38,49448,B,3117
101388,Customer_1388,cust1388@masked.com,+XXX-XXX-2388,47,146934,D,3021
101389,Customer_1389,cust1389@masked.com,+XXX-XXX-2389,57,148529,B,3119
101390,Customer_1390,cust1390@masked.com,+XXX-XXX-2390,22,149244,A,3049
101391,Customer_1391,cust1391@masked.com,+XXX-XXX-2391,35,65231,B,3013
101392,Customer_1392,cust1392@masked.com,+XXX-XXX-2392,31,55399,A,3028
101393,Customer_1393,cust1393@masked.com,+XXX-XXX-2393,47,171130,D,3124
101394,Customer_1394,cust1394@masked.com,+XXX-XXX-2394,69,92404,B,3006
101395,Customer_1395,cust1395@masked.com,+XXX-XXX-2395,68,68698,B,3028
101396,Customer_1396,cust1396@masked.com,+XXX-XXX-2396,67,65379,A,3138
101397,Customer_1397,cust1397@masked.com,+XXX-XXX-2397,43,117275,B,3032
101398,Customer_1398,cust1398@masked.com,+XXX-XXX-2398,55,154884,D,3133
101399,Customer_1399,cust1399@masked.com,+XXX-XXX-2399,50,168342,A,3110
101400,Customer_1400,cust1400@masked.com,+XXX-XXX-2400,67,43978,C,3078
101401,Customer_1401,cust1401@masked.com,+XXX-XXX-2401,44,31531,D,3057
101402,Customer_1402,cust1402@masked.com,+XXX-XXX-2402,39,48783,C,3025
101403,Customer_1403,cust1403@masked.com,+XXX-XXX-2403,49,33236,D,3028
101404,Customer_1404,cust1404@masked.com,+XXX-XXX-2404,33,137485,A,3003
101405,Customer_1405,cust1405@masked.com,+XXX-XXX-2405,68,181165,B,3098
101406,Customer_1406,cust1406@masked.com,+XXX-XXX-2406,43,89683,D,3140
101407,Customer_1407,cust1407@masked.com,+XXX-XXX-2407,32,169587,C,3038
101408,Customer_1408,cust1408@masked.com,+XXX-XXX-2408,69,113806,C,3014
101409,Customer_1409,cust1409@masked.com,+XXX-XXX-2409,68,153831,C,3118
101410,Customer_1410,cust1410@masked.com,+XXX-XXX-2410,61,176388,B,3028
101411,Customer_1411,cust1411@masked.com,+XXX-XXX-2411,49,196552,A,3074
101412,Customer_1412,cust1412@masked.com,+XXX-XXX-2412,26,33332,D,3115
101413,Customer_1413,cust1413@masked.com,+XXX-XXX-2413,43,194891,C,3031
101414,Customer_1414,cust1414@masked.com,+XXX-XXX-2414,51,73902,B,3129
101415,Customer_1415,cust1415@masked.com,+XXX-XXX-2415,65,29198,D,3083
101416,Customer_1416,cust1416@masked.com,+XXX-XXX-2416,41,123307,B,3021
101417,Customer_1417,cust1417@masked.com,+XXX-XXX-2417,44,166804,B,3026
101418,Customer_1418,cust1418@masked.com,+XXX-XXX-2418,28,126209,D,3080
101419,Customer_1419,cust1419@masked.com,+XXX-XXX-2419,64,106023,D,3125
101420,Customer_1420,cust1420@masked.com,+XXX-XXX-2420,29,152853,C,3091
101421,Customer_1421,cust1421@masked.com,+XXX-XXX-2421,42,98948,A,3020
101422,Customer_1422,cust1422@masked.com,+XXX-XXX-2422,24,70141,A,3046
101423,Customer_1423,cust1423@masked.com,+XXX-XXX-2423,33,129660,C,3100
101424,Customer_1424,cust1424@masked.com,+XXX-XXX-2424,54,51485,B,3083
101425,Customer_1425,cust1425@masked.com,+XXX-XXX-2425,23,74351,D,3005
101426,Customer_1426,cust1426@masked.com,+XXX-XXX-2426,57,46654,E,3146
101427,Customer_1427,cust1427@masked.com,+XXX-XXX-2427,48,184217,D,3130
101428,Customer_1428,cust1428@masked.com,+XXX-XXX-2428,46,71529,B,3000
101429,Customer_1429,cust1429@masked.com,+XXX-XXX-2429,66,124349,D,3057
101430,Customer_1430,cust1430@masked.com,+XXX-XXX-2430,54,197450,B,3123
101431,Customer_1431,cust1431@masked.com,+XXX-XXX-2431,35,36665,A,3014
101432,Customer_1432,cust1432@masked.com,+XXX-XXX-2432,28,82475,A,3063
101433,Customer_1433,cust1433@masked.com,+XXX-XXX-2433,68,67802,B,3024
101434,Customer_1434,cust1434@masked.com,+XXX-XXX-2434,55,97892,D,3023
101435,Customer_1435,cust1435@masked.com,+XXX-XXX-2435,44,190824,B,3011
101436,Customer_1436,cust1436@masked.com,+XXX-XXX-2436,57,56362,A,3017
101437,Customer_1437,cust1437@masked.com,+XXX-XXX-2437,24,198198,E,3014
101438,Customer_1438,cust1438@masked.com,+XXX-XXX-2438,32,59338,A,3026
101439,Customer_1439,cust1439@masked.com,+XXX-XXX-2439,39,113004,D,3071
101440,Customer_1440,cust1440@masked.com,+XXX-XXX-2440,35,116464,B,3059
101441,Customer_1441,cust1441@masked.com,+XXX-XXX-2441,50,172186,A,3144
101442,Customer_1442,cust1442@masked.com,+XXX-XXX-2442,65,22120,D,3092
101443,Customer_1443,cust1443@masked.com,+XXX-XXX-2443,57,130289,A,3052
101444,Customer_1444,cust1444@masked.com,+XXX-XXX-2444,32,20785,C,3007
101445,Customer_1445,cust1445@masked.com,+XXX-XXX-2445,39,76925,B,3078
101446,Customer_1446,cust1446@masked.com,+XXX-XXX-2446,54,86473,A,3026
101447,Customer_1447,cust1447@masked.com,+XXX-XXX-2447,27,128185,A,3049
101448,Customer_1448,cust1448@masked.com,+XXX-XXX-2448,48,49969,A,3130
101449,Customer_1449,cust1449@masked.com,+XXX-XXX-2449,48,85236,A,3092
101450,Customer_1450,cust1450@masked.com,+XXX-XXX-2450,49,121416,D,3023
101451,Customer_1451,cust1451@masked.com,+XXX-XXX-2451,57,36297,B,3059
101452,Customer_1452,cust1452@masked.com,+XXX-XXX-2452,40,173888,B,3121
101453,Customer_1453,cust1453@masked.com,+XXX-XXX-2453,31,125741,B,3130
101454,Customer_1454,cust1454@masked.com,+XXX-XXX-2454,59,160601,E,3147
101455,Customer_1455,cust1455@masked.com,+XXX-XXX-2455,62,173085,D,3045
101456,Customer_1456,cust1456@masked.com,+XXX-XXX-2456,43,50089,C,3014
101457,Customer_1457,cust1457@masked.com,+XXX-XXX-2457,66,26171,D,3016
101458,Customer_1458,cust1458@masked.com,+XXX-XXX-2458,40,192301,B,3125
101459,Customer_1459,cust1459@masked.com,+XXX-XXX-2459,40,37874,B,3083
101460,Customer_1460,cust1460@masked.com,+XXX-XXX-2460,31,189881,C,3008
101461,Customer_1461,cust1461@masked.com,+XXX-XXX-2461,22,79024,C,3062
101462,Customer_1462,cust1462@masked.com,+XXX-XXX-2462,33,41153,B,3116
101463,Customer_1463,cust1463@masked.com,+XXX-XXX-2463,33,124693,B,3129
101464,Customer_1464,cust1464@masked.com,+XXX-XXX-2464,61,179501,E,3087
101465,Customer_1465,cust1465@masked.com,+XXX-XXX-2465,69,77753,D,3071
101466,Customer_1466,cust1466@masked.com,+XXX-XXX-2466,35,157713,B,3138
101467,Customer_1467,cust1467@masked.com,+XXX-XXX-2467,51,193473,C,3063
101468,Customer_1468,cust1468@masked.com,+XXX-XXX-2468,43,109075,B,3071
101469,Customer_1469,cust1469@masked.com,+XXX-XXX-2469,42,176439,A,3020
101470,Customer_1470,cust1470@masked.com,+XXX-XXX-2470,36,172798,B,3017
101471,Customer_1471,cust1471@masked.com,+XXX-XXX-2471,62,24677,B,3063
101472,Customer_1472,cust1472@masked.com,+XXX-XXX-2472,49,25139,A,3081
101473,Customer_1473,cust1473@masked.com,+XXX-XXX-2473,40,77766,D,3109
101474,Customer_1474,cust1474@masked.com,+XXX-XXX-2474,48,175768,B,3094
101475,Customer_1475,cust1475@masked.com,+XXX-XXX-2475,47,106049,C,3031
101476,Customer_1476,cust1476@masked.com,+XXX-XXX-2476,64,96693,A,3010
101477,Customer_1477,cust1477@masked.com,+XXX-XXX-2477,49,77414,A,3044
101478,Customer_1478,cust1478@masked.com,+XXX-XXX-2478,25,163904,D,3032
101479,Customer_1479,cust1479@masked.com,+XXX-XXX-2479,69,149807,C,3101
101480,Customer_1480,cust1480@masked.com,+XXX-XXX-2480,62,93741,E,3135
101481,Customer_1481,cust1481@masked.com,+XXX-XXX-2481,58,156497,E,3010
101482,Customer_1482,cust1482@masked.com,+XXX-XXX-2482,58,23900,B,3087
101483,Customer_1483,cust1483@masked.com,+XXX-XXX-2483,64,97347,B,3040
101484,Customer_1484,cust1484@masked.com,+XXX-XXX-2484,22,146004,D,3144
101485,Customer_1485,cust1485@masked.com,+XXX-XXX-2485,65,144463,E,3075
101486,Customer_1486,cust1486@masked.com,+XXX-XXX-2486,40,49134,C,3120
101487,Customer_1487,cust1487@masked.com,+XXX-XXX-2487,63,22817,D,3045
101488,Customer_1488,cust1488@masked.com,+XXX-XXX-2488,67,90486,D,3079
101489,Customer_1489,cust1489@masked.com,+XXX-XXX-2489,33,186679,B,3053
101490,Customer_1490,cust1490@masked.com,+XXX-XXX-2490,46,158763,C,3085
101491,Customer_1491,cust1491@masked.com,+XXX-XXX-2491,55,85978,D,3091
101492,Customer_1492,cust1492@masked.com,+XXX-XXX-2492,66,173850,C,3147
101493,Customer_1493,cust1493@masked.com,+XXX-XXX-2493,28,77154,A,3096
101494,Customer_1494,cust1494@masked.com,+XXX-XXX-2494,48,112195,B,3001
101495,Customer_1495,cust1495@masked.com,+XXX-XXX-2495,61,68788,A,3032
101496,Customer_1496,cust1496@masked.com,+XXX-XXX-2496,35,113039,B,3076
101497,Customer_1497,cust1497@masked.com,+XXX-XXX-2497,28,29413,D,3115
101498,Customer_1498,cust1498@masked.com,+XXX-XXX-2498,31,134113,A,3149
101499,Customer_1499,cust1499@masked.com,+XXX-XXX-2499,49,63400,A,3102
101500,Customer_1500,cust1500@masked.com,+XXX-XXX-2500,25,49899,B,3102
101501,Customer_1501,cust1501@masked.com,+XXX-XXX-2501,67,132683,C,3089
101502,Customer_1502,cust1502@masked.com,+XXX-XXX-2502,67,65463,C,3121
101503,Customer_1503,cust1503@masked.com,+XXX-XXX-2503,27,20894,A,3142
101504,Customer_1504,cust1504@masked.com,+XXX-XXX-2504,38,130398,A,3105
101505,Customer_1505,cust1505@masked.com,+XXX-XXX-2505,48,186093,B,3118
101506,Customer_1506,cust1506@masked.com,+XXX-XXX-2506,32,149611,C,3048
101507,Customer_1507,cust1507@masked.com,+XXX-XXX-2507,32,108777,B,3103
101508,Customer_1508,cust1508@masked.com,+XXX-XXX-2508,56,66442,E,3060
101509,Customer_1509,cust1509@masked.com,+XXX-XXX-2509,49,139681,B,3122
101510,Customer_1510,cust1510@masked.com,+XXX-XXX-2510,31,178863,A,3133
101511,Customer_1511,cust1511@masked.com,+XXX-XXX-2511,26,63520,C,3008
101512,Customer_1512,cust1512@masked.com,+XXX-XXX-2512,41,123137,B,3005
101513,Customer_1513,cust1513@masked.com,+XXX-XXX-2513,30,49899,C,3072
101514,Customer_1514,cust1514@masked.com,+XXX-XXX-2514,52,198874,B,3102
101515,Customer_1515,cust1515@masked.com,+XXX-XXX-2515,67,98107,C,3040
101516,Customer_1516,cust1516@masked.com,+XXX-XXX-2516,53,151443,D,3113
101517,Customer_1517,cust1517@masked.com,+XXX-XXX-2517,37,50193,E,3007
101518,Customer_1518,cust1518@masked.com,+XXX-XXX-2518,23,125302,B,3071
101519,Customer_1519,cust1519@masked.com,+XXX-XXX-2519,63,34464,B,3091
101520,Customer_1520,cust1520@masked.com,+XXX-XXX-2520,38,103323,B,3061
101521,Customer_1521,cust1521@masked.com,+XXX-XXX-2521,30,69025,E,3083
101522,Customer_1522,cust1522@masked.com,+XXX-XXX-2522,61,114187,D,3061
101523,Customer_1523,cust1523@masked.com,+XXX-XXX-2523,59,131710,A,3110
101524,Customer_1524,cust1524@masked.com,+XXX-XXX-2524,63,180944,A,3126
101525,Customer_1525,cust1525@masked.com,+XXX-XXX-2525,28,96248,B,3006
101526,Customer_1526,cust1526@masked.com,+XXX-XXX-2526,54,102927,A,3083
101527,Customer_1527,cust1527@masked.com,+XXX-XXX-2527,57,20667,B,3131
101528,Customer_1528,cust1528@masked.com,+XXX-XXX-2528,61,167397,A,3133
101529,Customer_1529,cust1529@masked.com,+XXX-XXX-2529,53,35890,C,3057
101530,Customer_1530,cust1530@masked.com,+XXX-XXX-2530,69,177555,E,3021
101531,Customer_1531,cust1531@masked.com,+XXX-XXX-2531,30,189157,E,3126
101532,Customer_1532,cust1532@masked.com,+XXX-XXX-2532,60,121333,B,3002
101533,Customer_1533,cust1533@masked.com,+XXX-XXX-2533,38,61000,C,3126
101534,Customer_1534,cust1534@masked.com,+XXX-XXX-2534,45,164097,D,3040
101535,Customer_1535,cust1535@masked.com,+XXX-XXX-2535,62,140580,A,3105
101536,Customer_1536,cust1536@masked.com,+XXX-XXX-2536,61,49940,C,3013
101537,Customer_1537,cust1537@masked.com,+XXX-XXX-2537,56,141878,B,3011
101538,Customer_1538,cust1538@masked.com,+XXX-XXX-2538,22,139492,A,3086
101539,Customer_1539,cust1539@masked.com,+XXX-XXX-2539,39,44701,B,3011
101540,Customer_1540,cust1540@masked.com,+XXX-XXX-2540,30,102697,A,3140
101541,Customer_1541,cust1541@masked.com,+XXX-XXX-2541,69,61795,C,3024
101542,Customer_1542,cust1542@masked.com,+XXX-XXX-2542,23,110990,B,3044
101543,Customer_1543,cust1543@masked.com,+XXX-XXX-2543,39,33115,B,3121
101544,Customer_1544,cust1544@masked.com,+XXX-XXX-2544,46,190110,A,3146
101545,Customer_1545,cust1545@masked.com,+XXX-XXX-2545,67,150845,D,3054
101546,Customer_1546,cust1546@masked.com,+XXX-XXX-2546,45,76433,B,3099
101547,Customer_1547,cust1547@masked.com,+XXX-XXX-2547,37,66999,C,3135
101548,Customer_1548,cust1548@masked.com,+XXX-XXX-2548,30,94564,C,3118
101549,Customer_1549,cust1549@masked.com,+XXX-XXX-2549,66,192556,B,3052
101550,Customer_1550,cust1550@masked.com,+XXX-XXX-2550,31,127747,A,3031
101551,Customer_1551,cust1551@masked.com,+XXX-XXX-2551,31,158760,C,3050
101552,Customer_1552,cust1552@masked.com,+XXX-XXX-2552,32,43255,A,3043
101553,Customer_1553,cust1553@masked.com,+XXX-XXX-2553,60,99747,A,3081
101554,Customer_1554,cust1554@masked.com,+XXX-XXX-2554,68,197689,C,3145
101555,Customer_1555,cust1555@masked.com,+XXX-XXX-2555,28,193180,A,3149
101556,Customer_1556,cust1556@masked.com,+XXX-XXX-2556,44,192331,B,3036
101557,Customer_1557,cust1557@masked.com,+XXX-XXX-2557,34,97049,B,3095
101558,Customer_1558,cust1558@masked.com,+XXX-XXX-2558,43,86057,B,3055
101559,Customer_1559,cust1559@masked.com,+XXX-XXX-2559,56,46293,C,3104
101560,Customer_1560,cust1560@masked.com,+XXX-XXX-2560,37,50607,C,3058
101561,Customer_1561,cust1561@masked.com,+XXX-XXX-2561,65,163865,C,3130
101562,Customer_1562,cust1562@masked.com,+XXX-XXX-2562,25,110413,C,3034
101563,Customer_1563,cust1563@masked.com,+XXX-XXX-2563,23,127148,B,3092
101564,Customer_1564,cust1564@masked.com,+XXX-XXX-2564,29,56069,B,3096
101565,Customer_1565,cust1565@masked.com,+XXX-XXX-2565,40,106079,B,3134
101566,Customer_1566,cust1566@masked.com,+XXX-XXX-2566,40,178285,B,3075
101567,Customer_1567,cust1567@masked.com,+XXX-XXX-2567,39,169735,E,3048
101568,Customer_1568,cust1568@masked.com,+XXX-XXX-2568,41,62582,D,3093
101569,Customer_1569,cust1569@masked.com,+XXX-XXX-2569,36,114526,A,3023
101570,Customer_1570,cust1570@masked.com,+XXX-XXX-2570,53,185521,A,3147
101571,Customer_1571,cust1571@masked.com,+XXX-XXX-2571,25,33116,A,3036
101572,Customer_1572,cust1572@masked.com,+XXX-XXX-2572,44,118395,B,3003
101573,Customer_1573,cust1573@masked.com,+XXX-XXX-2573,35,23706,A,3107
101574,Customer_1574,cust1574@masked.com,+XXX-XXX-2574,46,36147,C,3125
101575,Customer_1575,cust1575@masked.com,+XXX-XXX-2575,64,171615,D,3019
101576,Customer_1576,cust1576@masked.com,+XXX-XXX-2576,45,119147,C,3049
101577,Customer_1577,cust1577@masked.com,+XXX-XXX-2577,48,28895,A,3095
101578,Customer_1578,cust1578@masked.com,+XXX-XXX-2578,53,82058,B,3104
101579,Customer_1579,cust1579@masked.com,+XXX-XXX-2579,66,173484,C,3116
101580,Customer_1580,cust1580@masked.com,+XXX-XXX-2580,38,184086,D,3097
101581,Customer_1581,cust1581@masked.com,+XXX-XXX-2581,38,33251,D,3065
101582,Customer_1582,cust1582@masked.com,+XXX-XXX-2582,58,130533,D,3078
101583,Customer_1583,cust1583@masked.com,+XXX-XXX-2583,53,25109,C,3005
101584,Customer_1584,cust1584@masked.com,+XXX-XXX-2584,47,44632,C,3038
101585,Customer_1585,cust1585@masked.com,+XXX-XXX-2585,69,163223,A,3114
101586,Customer_1586,cust1586@masked.com,+XXX-XXX-2586,35,197237,C,3124
101587,Customer_1587,cust1587@masked.com,+XXX-XXX-2587,64,75276,B,3011
101588,Customer_1588,cust1588@masked.com,+XXX-XXX-2588,33,26325,B,3130
101589,Customer_1589,cust1589@masked.com,+XXX-XXX-2589,54,114964,C,3017
101590,Customer_1590,cust1590@masked.com,+XXX-XXX-2590,24,21912,B,3039
101591,Customer_1591,cust1591@masked.com,+XXX-XXX-2591,55,188061,A,3020
101592,Customer_1592,cust1592@masked.com,+XXX-XXX-2592,39,27374,A,3142
101593,Customer_1593,cust1593@masked.com,+XXX-XXX-2593,51,53034,A,3098
101594,Customer_1594,cust1594@masked.com,+XXX-XXX-2594,45,105402,A,3025
101595,Customer_1595,cust1595@masked.com,+XXX-XXX-2595,60,197750,A,3007
101596,Customer_1596,cust1596@masked.com,+XXX-XXX-2596,32,111792,B,3099
101597,Customer_1597,cust1597@masked.com,+XXX-XXX-2597,32,113305,B,3086
101598,Customer_1598,cust1598@masked.com,+XXX-XXX-2598,62,70683,E,3041
101599,Customer_1599,cust1599@masked.com,+XXX-XXX-2599,45,161270,B,3013
101600,Customer_1600,cust1600@masked.com,+XXX-XXX-2600,53,114817,A,3077
101601,Customer_1601,cust1601@masked.com,+XXX-XXX-2601,57,147776,C,3001
101602,Customer_1602,cust1602@masked.com,+XXX-XXX-2602,48,188068,D,3118
101603,Customer_1603,cust1603@masked.com,+XXX-XXX-2603,63,158227,C,3036
101604,Customer_1604,cust1604@masked.com,+XXX-XXX-2604,29,67952,B,3068
101605,Customer_1605,cust1605@masked.com,+XXX-XXX-2605,34,143899,C,3040
101606,Customer_1606,cust1606@masked.com,+XXX-XXX-2606,23,31388,C,3061
101607,Customer_1607,cust1607@masked.com,+XXX-XXX-2607,25,94178,C,3059
101608,Customer_1608,cust1608@masked.com,+XXX-XXX-2608,46,46457,C,3124
101609,Customer_1609,cust1609@masked.com,+XXX-XXX-2609,61,169199,D,3110
101610,Customer_1610,cust1610@masked.com,+XXX-XXX-2610,38,185163,D,3013
101611,Customer_1611,cust1611@masked.com,+XXX-XXX-2611,58,31752,C,3083
101612,Customer_1612,cust1612@masked.com,+XXX-XXX-2612,41,71832,B,3129
101613,Customer_1613,cust1613@masked.com,+XXX-XXX-2613,59,24237,C,3069
101614,Customer_1614,cust1614@masked.com,+XXX-XXX-2614,36,154123,D,3144
101615,Customer_1615,cust1615@masked.com,+XXX-XXX-2615,60,63311,A,3122
101616,Customer_1616,cust1616@masked.com,+XXX-XXX-2616,43,39088,E,3088
101617,Customer_1617,cust1617@masked.com,+XXX-XXX-2617,49,25675,A,3027
101618,Customer_1618,cust1618@masked.com,+XXX-XXX-2618,30,190627,B,3065
101619,Customer_1619,cust1619@masked.com,+XXX-XXX-2619,25,22640,D,3004
101620,Customer_1620,cust1620@masked.com,+XXX-XXX-2620,31,83328,B,3044
101621,Customer_1621,cust1621@masked.com,+XXX-XXX-2621,49,32317,B,3046
101622,Customer_1622,cust1622@masked.com,+XXX-XXX-2622,65,195480,A,3030
101623,Customer_1623,cust1623@masked.com,+XXX-XXX-2623,47,126442,B,3138
101624,Customer_1624,cust1624@masked.com,+XXX-XXX-2624,54,123666,A,3009
101625,Customer_1625,cust1625@masked.com,+XXX-XXX-2625,34,53462,B,3117
101626,Customer_1626,cust1626@masked.com,+XXX-XXX-2626,61,95921,B,3013
101627,Customer_1627,cust1627@masked.com,+XXX-XXX-2627,62,35201,E,3079
101628,Customer_1628,cust1628@masked.com,+XXX-XXX-2628,30,54536,E,3092
101629,Customer_1629,cust1629@masked.com,+XXX-XXX-2629,62,175739,A,3009
101630,Customer_1630,cust1630@masked.com,+XXX-XXX-2630,31,55517,C,3075
101631,Customer_1631,cust1631@masked.com,+XXX-XXX-2631,31,186942,A,3093
101632,Customer_1632,cust1632@masked.com,+XXX-XXX-2632,55,135308,A,3104
101633,Customer_1633,cust1633@masked.com,+XXX-XXX-2633,39,132911,A,3000
101634,Customer_1634,cust1634@masked.com,+XXX-XXX-2634,44,57982,E,3132
101635,Customer_1635,cust1635@masked.com,+XXX-XXX-2635,21,52844,E,3019
101636,Customer_1636,cust1636@masked.com,+XXX-XXX-2636,32,104118,A,3007
101637,Customer_1637,cust1637@masked.com,+XXX-XXX-2637,67,155309,A,3000
101638,Customer_1638,cust1638@masked.com,+XXX-XXX-2638,34,143110,B,3056
101639,Customer_1639,cust1639@masked.com,+XXX-XXX-2639,23,181537,C,3063
101640,Customer_1640,cust1640@masked.com,+XXX-XXX-2640,65,26027,C,3117
101641,Customer_1641,cust1641@masked.com,+XXX-XXX-2641,52,161439,B,3027
101642,Customer_1642,cust1642@masked.com,+XXX-XXX-2642,36,178555,D,3120
101643,Customer_1643,cust1643@masked.com,+XXX-XXX-2643,58,100567,B,3106
101644,Customer_1644,cust1644@masked.com,+XXX-XXX-2644,30,120848,E,3048
101645,Customer_1645,cust1645@masked.com,+XXX-XXX-2645,37,113724,C,3119
101646,Customer_1646,cust1646@masked.com,+XXX-XXX-2646,69,134675,B,3043
101647,Customer_1647,cust1647@masked.com,+XXX-XXX-2647,60,91810,D,3055
101648,Customer_1648,cust1648@masked.com,+XXX-XXX-2648,24,145545,D,3110
101649,Customer_1649,cust1649@masked.com,+XXX-XXX-2649,35,72892,B,3133
101650,Customer_1650,cust1650@masked.com,+XXX-XXX-2650,53,127457,B,3107
101651,Customer_1651,cust1651@masked.com,+XXX-XXX-2651,59,185467,E,3147
101652,Customer_1652,cust1652@masked.com,+XXX-XXX-2652,30,177615,A,3113
101653,Customer_1653,cust1653@masked.com,+XXX-XXX-2653,27,97059,A,3077
101654,Customer_1654,cust1654@masked.com,+XXX-XXX-2654,53,21074,B,3129
101655,Customer_1655,cust1655@masked.com,+XXX-XXX-2655,37,165062,D,3036
101656,Customer_1656,cust1656@masked.com,+XXX-XXX-2656,32,102567,D,3019
101657,Customer_1657,cust1657@masked.com,+XXX-XXX-2657,37,65793,D,3025
101658,Customer_1658,cust1658@masked.com,+XXX-XXX-2658,67,58071,C,3028
101659,Customer_1659,cust1659@masked.com,+XXX-XXX-2659,36,39546,A,3000
101660,Customer_1660,cust1660@masked.com,+XXX-XXX-2660,34,66515,C,3118
101661,Customer_1661,cust1661@masked.com,+XXX-XXX-2661,23,196947,D,3034
101662,Customer_1662,cust1662@masked.com,+XXX-XXX-2662,64,168358,A,3058
101663,Customer_1663,cust1663@masked.com,+XXX-XXX-2663,50,149212,A,3068
101664,Customer_1664,cust1664@masked.com,+XXX-XXX-2664,66,160767,A,3011
101665,Customer_1665,cust1665@masked.com,+XXX-XXX-2665,61,188916,C,3019
101666,Customer_1666,cust1666@masked.com,+XXX-XXX-2666,55,31054,D,3042
101667,Customer_1667,cust1667@masked.com,+XXX-XXX-2667,46,22897,C,3125
101668,Customer_1668,cust1668@masked.com,+XXX-XXX-2668,32,29537,E,3049
101669,Customer_1669,cust1669@masked.com,+XXX-XXX-2669,51,173018,A,3028
101670,Customer_1670,cust1670@masked.com,+XXX-XXX-2670,37,77325,D,3038
101671,Customer_1671,cust1671@masked.com,+XXX-XXX-2671,57,159753,D,3037
101672,Customer_1672,cust1672@masked.com,+XXX-XXX-2672,28,139940,B,3083
101673,Customer_1673,cust1673@masked.com,+XXX-XXX-2673,39,93387,E,3127
101674,Customer_1674,cust1674@masked.com,+XXX-XXX-2674,46,110537,B,3125
101675,Customer_1675,cust1675@masked.com,+XXX-XXX-2675,24,100121,D,3044
101676,Customer_1676,cust1676@masked.com,+XXX-XXX-2676,35,125532,D,3051
101677,Customer_1677,cust1677@masked.com,+XXX-XXX-2677,67,67038,D,3079
101678,Customer_1678,cust1678@masked.com,+XXX-XXX-2678,34,74833,C,3123
101679,Customer_1679,cust1679@masked.com,+XXX-XXX-2679,50,68123,A,3118
101680,Customer_1680,cust1680@masked.com,+XXX-XXX-2680,68,50117,C,3007
101681,Customer_1681,cust1681@masked.com,+XXX-XXX-2681,62,91131,B,3084
101682,Customer_1682,cust1682@masked.com,+XXX-XXX-2682,44,174846,D,3128
101683,Customer_1683,cust1683@masked.com,+XXX-XXX-2683,66,63691,D,3007
101684,Customer_1684,cust1684@masked.com,+XXX-XXX-2684,63,164379,D,3095
101685,Customer_1685,cust1685@masked.com,+XXX-XXX-2685,54,190208,A,3101
101686,Customer_1686,cust1686@masked.com,+XXX-XXX-2686,39,47531,D,3004
101687,Customer_1687,cust1687@masked.com,+XXX-XXX-2687,23,62174,E,3085
101688,Customer_1688,cust1688@masked.com,+XXX-XXX-2688,24,187782,D,3033
101689,Customer_1689,cust1689@masked.com,+XXX-XXX-2689,31,185640,A,3054
101690,Customer_1690,cust1690@masked.com,+XXX-XXX-2690,33,148755,A,3118
101691,Customer_1691,cust1691@masked.com,+XXX-XXX-2691,38,34414,A,3113
101692,Customer_1692,cust1692@masked.com,+XXX-XXX-2692,39,182795,C,3144
101693,Customer_1693,cust1693@masked.com,+XXX-XXX-2693,64,114572,C,3025
101694,Customer_1694,cust1694@masked.com,+XXX-XXX-2694,53,30261,E,3135
101695,Customer_1695,cust1695@masked.com,+XXX-XXX-2695,58,87913,B,3046
101696,Customer_1696,cust1696@masked.com,+XXX-XXX-2696,23,21271,B,3112
101697,Customer_1697,cust1697@masked.com,+XXX-XXX-2697,69,123324,C,3075
101698,Customer_1698,cust1698@masked.com,+XXX-XXX-2698,55,196388,D,3071
101699,Customer_1699,cust1699@masked.com,+XXX-XXX-2699,21,179491,E,3088
101700,Customer_1700,cust1700@masked.com,+XXX-XXX-2700,55,53202,D,3045
101701,Customer_1701,cust1701@masked.com,+XXX-XXX-2701,56,171054,B,3032
101702,Customer_1702,cust1702@masked.com,+XXX-XXX-2702,58,89307,C,3000
101703,Customer_1703,cust1703@masked.com,+XXX-XXX-2703,59,127030,D,3146
101704,Customer_1704,cust1704@masked.com,+XXX-XXX-2704,45,192412,B,3030
101705,Customer_1705,cust1705@masked.com,+XXX-XXX-2705,60,104070,A,3141
101706,Customer_1706,cust1706@masked.com,+XXX-XXX-2706,33,56892,A,3052
101707,Customer_1707,cust1707@masked.com,+XXX-XXX-2707,24,156674,A,3047
101708,Customer_1708,cust1708@masked.com,+XXX-XXX-2708,26,146008,C,3068
101709,Customer_1709,cust1709@masked.com,+XXX-XXX-2709,31,100957,A,3104
101710,Customer_1710,cust1710@masked.com,+XXX-XXX-2710,21,117210,B,3089
101711,Customer_1711,cust1711@masked.com,+XXX-XXX-2711,28,156239,B,3062
101712,Customer_1712,cust1712@masked.com,+XXX-XXX-2712,54,73201,C,3072
101713,Customer_1713,cust1713@masked.com,+XXX-XXX-2713,60,69698,B,3088
101714,Customer_1714,cust1714@masked.com,+XXX-XXX-2714,29,83753,C,3012
101715,Customer_1715,cust1715@masked.com,+XXX-XXX-2715,56,95479,A,3072
101716,Customer_1716,cust1716@masked.com,+XXX-XXX-2716,69,84687,A,3076
101717,Customer_1717,cust1717@masked.com,+XXX-XXX-2717,59,186955,B,3067
101718,Customer_1718,cust1718@masked.com,+XXX-XXX-2718,62,151290,B,3097
101719,Customer_1719,cust1719@masked.com,+XXX-XXX-2719,57,52893,B,3124
101720,Customer_1720,cust1720@masked.com,+XXX-XXX-2720,62,33169,A,3101
101721,Customer_1721,cust1721@masked.com,+XXX-XXX-2721,64,66458,D,3131
101722,Customer_1722,cust1722@masked.com,+XXX-XXX-2722,41,196446,C,3101
101723,Customer_1723,cust1723@masked.com,+XXX-XXX-2723,40,94951,A,3018
101724,Customer_1724,cust1724@masked.com,+XXX-XXX-2724,58,24180,A,3081
101725,Customer_1725,cust1725@masked.com,+XXX-XXX-2725,21,189000,E,3140
101726,Customer_1726,cust1726@masked.com,+XXX-XXX-2726,55,29766,C,3022
101727,Customer_1727,cust1727@masked.com,+XXX-XXX-2727,48,181130,B,3082
101728,Customer_1728,cust1728@masked.com,+XXX-XXX-2728,27,21942,C,3108
101729,Customer_1729,cust1729@masked.com,+XXX-XXX-2729,63,162604,D,3074
101730,Customer_1730,cust1730@masked.com,+XXX-XXX-2730,64,63374,D,3128
101731,Customer_1731,cust1731@masked.com,+XXX-XXX-2731,29,86790,B,3087
101732,Customer_1732,cust1732@masked.com,+XXX-XXX-2732,21,53755,B,3053
101733,Customer_1733,cust1733@masked.com,+XXX-XXX-2733,56,141925,A,3088
101734,Customer_1734,cust1734@masked.com,+XXX-XXX-2734,54,79192,E,3142
101735,Customer_1735,cust1735@masked.com,+XXX-XXX-2735,54,100459,C,3064
101736,Customer_1736,cust1736@masked.com,+XXX-XXX-2736,37,117218,A,3075
101737,Customer_1737,cust1737@masked.com,+XXX-XXX-2737,52,67592,D,3142
101738,Customer_1738,cust1738@masked.com,+XXX-XXX-2738,22,140041,D,3148
101739,Customer_1739,cust1739@masked.com,+XXX-XXX-2739,56,130397,E,3146
101740,Customer_1740,cust1740@masked.com,+XXX-XXX-2740,45,33118,D,3059
101741,Customer_1741,cust1741@masked.com,+XXX-XXX-2741,63,133305,E,3092
101742,Customer_1742,cust1742@masked.com,+XXX-XXX-2742,46,84610,B,3048
101743,Customer_1743,cust1743@masked.com,+XXX-XXX-2743,65,98699,D,3034
101744,Customer_1744,cust1744@masked.com,+XXX-XXX-2744,46,184200,D,3101
101745,Customer_1745,cust1745@masked.com,+XXX-XXX-2745,41,28104,B,3010
101746,Customer_1746,cust1746@masked.com,+XXX-XXX-2746,38,99722,A,3098
101747,Customer_1747,cust1747@masked.com,+XXX-XXX-2747,49,28549,E,3109
101748,Customer_1748,cust1748@masked.com,+XXX-XXX-2748,44,146081,B,3073
101749,Customer_1749,cust1749@masked.com,+XXX-XXX-2749,67,115614,D,3008
101750,Customer_1750,cust1750@masked.com,+XXX-XXX-2750,48,77240,A,3002
101751,Customer_1751,cust1751@masked.com,+XXX-XXX-2751,32,52831,A,3084
101752,Customer_1752,cust1752@masked.com,+XXX-XXX-2752,31,117462,B,3025
101753,Customer_1753,cust1753@masked.com,+XXX-XXX-2753,47,89474,B,3071
101754,Customer_1754,cust1754@masked.com,+XXX-XXX-2754,43,108233,C,3047
101755,Customer_1755,cust1755@masked.com,+XXX-XXX-2755,53,163681,C,3116
101756,Customer_1756,cust1756@masked.com,+XXX-XXX-2756,36,161595,A,3011
101757,Customer_1757,cust1757@masked.com,+XXX-XXX-2757,48,178061,A,3132
101758,Customer_1758,cust1758@masked.com,+XXX-XXX-2758,48,124700,B,3047
101759,Customer_1759,cust1759@masked.com,+XXX-XXX-2759,65,91772,A,3036
101760,Customer_1760,cust1760@masked.com,+XXX-XXX-2760,58,60577,D,3043
101761,Customer_1761,cust1761@masked.com,+XXX-XXX-2761,26,154177,B,3014
101762,Customer_1762,cust1762@masked.com,+XXX-XXX-2762,62,121856,A,3042
101763,Customer_1763,cust1763@masked.com,+XXX-XXX-2763,49,105395,B,3086
101764,Customer_1764,cust1764@masked.com,+XXX-XXX-2764,54,152910,A,3069
101765,Customer_1765,cust1765@masked.com,+XXX-XXX-2765,23,44437,A,3045
101766,Customer_1766,cust1766@masked.com,+XXX-XXX-2766,26,91449,B,3107
101767,Customer_1767,cust1767@masked.com,+XXX-XXX-2767,68,138099,D,3122
101768,Customer_1768,cust1768@masked.com,+XXX-XXX-2768,58,134176,E,3020
101769,Customer_1769,cust1769@masked.com,+XXX-XXX-2769,33,176632,D,3106
101770,Customer_1770,cust1770@masked.com,+XXX-XXX-2770,56,177280,B,3079
101771,Customer_1771,cust1771@masked.com,+XXX-XXX-2771,35,186730,B,3046
101772,Customer_1772,cust1772@masked.com,+XXX-XXX-2772,26,198427,C,3116
101773,Customer_1773,cust1773@masked.com,+XXX-XXX-2773,53,63003,C,3123
101774,Customer_1774,cust1774@masked.com,+XXX-XXX-2774,61,34646,E,3142
101775,Customer_1775,cust1775@masked.com,+XXX-XXX-2775,32,70560,A,3024
101776,Customer_1776,cust1776@masked.com,+XXX-XXX-2776,63,138560,A,3035
101777,Customer_1777,cust1777@masked.com,+XXX-XXX-2777,33,106597,C,3050
101778,Customer_1778,cust1778@masked.com,+XXX-XXX-2778,53,78679,D,3014
101779,Customer_1779,cust1779@masked.com,+XXX-XXX-2779,48,191286,D,3067
101780,Customer_1780,cust1780@masked.com,+XXX-XXX-2780,56,195669,C,3020
101781,Customer_1781,cust1781@masked.com,+XXX-XXX-2781,25,42873,E,3140
101782,Customer_1782,cust1782@masked.com,+XXX-XXX-2782,45,154530,C,3018
101783,Customer_1783,cust1783@masked.com,+XXX-XXX-2783,37,57165,D,3033
101784,Customer_1784,cust1784@masked.com,+XXX-XXX-2784,57,107803,E,3077
101785,Customer_1785,cust1785@masked.com,+XXX-XXX-2785,39,83994,D,3124
101786,Customer_1786,cust1786@masked.com,+XXX-XXX-2786,55,165654,B,3116
101787,Customer_1787,cust1787@masked.com,+XXX-XXX-2787,63,117925,A,3051
101788,Customer_1788,cust1788@masked.com,+XXX-XXX-2788,54,34823,C,3026
101789,Customer_1789,cust1789@masked.com,+XXX-XXX-2789,66,150803,B,3034
101790,Customer_1790,cust1790@masked.com,+XXX-XXX-2790,26,60856,D,3135
101791,Customer_1791,cust1791@masked.com,+XXX-XXX-2791,39,27406,A,3143
101792,Customer_1792,cust1792@masked.com,+XXX-XXX-2792,21,50619,B,3105
101793,Customer_1793,cust1793@masked.com,+XXX-XXX-2793,27,158143,D,3145
101794,Customer_1794,cust1794@masked.com,+XXX-XXX-2794,54,172924,A,3001
101795,Customer_1795,cust1795@masked.com,+XXX-XXX-2795,39,199944,B,3076
101796,Customer_1796,cust1796@masked.com,+XXX-XXX-2796,53,127871,B,3131
101797,Customer_1797,cust1797@masked.com,+XXX-XXX-2797,46,128029,C,3089
101798,Customer_1798,cust1798@masked.com,+XXX-XXX-2798,61,161216,A,3088
101799,Customer_1799,cust1799@masked.com,+XXX-XXX-2799,69,162255,D,3093
101800,Customer_1800,cust1800@masked.com,+XXX-XXX-2800,62,41074,B,3006
101801,Customer_1801,cust1801@masked.com,+XXX-XXX-2801,47,32349,D,3094
101802,Customer_1802,cust1802@masked.com,+XXX-XXX-2802,58,138160,B,3107
101803,Customer_1803,cust1803@masked.com,+XXX-XXX-2803,46,47493,B,3073
101804,Customer_1804,cust1804@masked.com,+XXX-XXX-2804,55,109146,A,3038
101805,Customer_1805,cust1805@masked.com,+XXX-XXX-2805,40,160429,A,3140
101806,Customer_1806,cust1806@masked.com,+XXX-XXX-2806,44,24561,C,3070
101807,Customer_1807,cust1807@masked.com,+XXX-XXX-2807,67,93150,A,3055
101808,Customer_1808,cust1808@masked.com,+XXX-XXX-2808,41,84685,B,3041
101809,Customer_1809,cust1809@masked.com,+XXX-XXX-2809,46,22358,C,3035
101810,Customer_1810,cust1810@masked.com,+XXX-XXX-2810,40,182877,B,3083
101811,Customer_1811,cust1811@masked.com,+XXX-XXX-2811,26,162502,A,3117
101812,Customer_1812,cust1812@masked.com,+XXX-XXX-2812,23,36041,D,3006
101813,Customer_1813,cust1813@masked.com,+XXX-XXX-2813,30,131407,E,3053
101814,Customer_1814,cust1814@masked.com,+XXX-XXX-2814,32,112262,A,3128
101815,Customer_1815,cust1815@masked.com,+XXX-XXX-2815,53,30267,A,3119
101816,Customer_1816,cust1816@masked.com,+XXX-XXX-2816,42,97395,E,3105
101817,Customer_1817,cust1817@masked.com,+XXX-XXX-2817,36,110170,A,3046
101818,Customer_1818,cust1818@masked.com,+XXX-XXX-2818,37,173669,E,3122
101819,Customer_1819,cust1819@masked.com,+XXX-XXX-2819,30,128454,A,3140
101820,Customer_1820,cust1820@masked.com,+XXX-XXX-2820,32,126680,D,3118
101821,Customer_1821,cust1821@masked.com,+XXX-XXX-2821,39,175061,B,3149
101822,Customer_1822,cust1822@masked.com,+XXX-XXX-2822,60,39003,E,3117
101823,Customer_1823,cust1823@masked.com,+XXX-XXX-2823,43,50169,B,3020
101824,Customer_1824,cust1824@masked.com,+XXX-XXX-2824,60,67271,C,3136
101825,Customer_1825,cust1825@masked.com,+XXX-XXX-2825,30,36961,A,3025
101826,Customer_1826,cust1826@masked.com,+XXX-XXX-2826,30,163218,B,3008
101827,Customer_1827,cust1827@masked.com,+XXX-XXX-2827,30,82676,D,3014
101828,Customer_1828,cust1828@masked.com,+XXX-XXX-2828,59,196309,C,3009
101829,Customer_1829,cust1829@masked.com,+XXX-XXX-2829,50,61030,E,3121
101830,Customer_1830,cust1830@masked.com,+XXX-XXX-2830,24,86091,B,3120
101831,Customer_1831,cust1831@masked.com,+XXX-XXX-2831,21,62178,D,3124
101832,Customer_1832,cust1832@masked.com,+XXX-XXX-2832,63,23640,B,3071
101833,Customer_1833,cust1833@masked.com,+XXX-XXX-2833,39,148291,E,3048
101834,Customer_1834,cust1834@masked.com,+XXX-XXX-2834,25,197208,E,3090
101835,Customer_1835,cust1835@masked.com,+XXX-XXX-2835,50,87448,B,3036
101836,Customer_1836,cust1836@masked.com,+XXX-XXX-2836,46,104650,D,3067
101837,Customer_1837,cust1837@masked.com,+XXX-XXX-2837,60,189259,D,3049
101838,Customer_1838,cust1838@masked.com,+XXX-XXX-2838,54,43922,A,3018
101839,Customer_1839,cust1839@masked.com,+XXX-XXX-2839,22,133746,C,3099
101840,Customer_1840,cust1840@masked.com,+XXX-XXX-2840,44,180572,A,3059
101841,Customer_1841,cust1841@masked.com,+XXX-XXX-2841,34,165501,D,3088
101842,Customer_1842,cust1842@masked.com,+XXX-XXX-2842,61,134954,A,3145
101843,Customer_1843,cust1843@masked.com,+XXX-XXX-2843,62,187756,A,3146
101844,Customer_1844,cust1844@masked.com,+XXX-XXX-2844,33,164759,B,3068
101845,Customer_1845,cust1845@masked.com,+XXX-XXX-2845,49,109248,C,3048
101846,Customer_1846,cust1846@masked.com,+XXX-XXX-2846,21,147589,D,3107
101847,Customer_1847,cust1847@masked.com,+XXX-XXX-2847,66,34837,E,3118
101848,Customer_1848,cust1848@masked.com,+XXX-XXX-2848,54,163937,B,3148
101849,Customer_1849,cust1849@masked.com,+XXX-XXX-2849,24,64653,A,3149
101850,Customer_1850,cust1850@masked.com,+XXX-XXX-2850,48,186166,C,3036
101851,Customer_1851,cust1851@masked.com,+XXX-XXX-2851,39,55569,C,3142
101852,Customer_1852,cust1852@masked.com,+XXX-XXX-2852,21,68787,B,3010
101853,Customer_1853,cust1853@masked.com,+XXX-XXX-2853,56,182033,B,3137
101854,Customer_1854,cust1854@masked.com,+XXX-XXX-2854,63,71186,C,3077
101855,Customer_1855,cust1855@masked.com,+XXX-XXX-2855,33,131837,B,3076
101856,Customer_1856,cust1856@masked.com,+XXX-XXX-2856,62,35297,D,3001
101857,Customer_1857,cust1857@masked.com,+XXX-XXX-2857,25,76605,C,3063
101858,Customer_1858,cust1858@masked.com,+XXX-XXX-2858,53,102904,D,3034
101859,Customer_1859,cust1859@masked.com,+XXX-XXX-2859,34,106019,C,3006
101860,Customer_1860,cust1860@masked.com,+XXX-XXX-2860,36,26463,B,3084
101861,Customer_1861,cust1861@masked.com,+XXX-XXX-2861,52,164704,D,3145
101862,Customer_1862,cust1862@masked.com,+XXX-XXX-2862,47,180775,C,3066
101863,Customer_1863,cust1863@masked.com,+XXX-XXX-2863,55,135763,A,3041
101864,Customer_1864,cust1864@masked.com,+XXX-XXX-2864,23,102943,C,3117
101865,Customer_1865,cust1865@masked.com,+XXX-XXX-2865,24,66221,B,3124
101866,Customer_1866,cust1866@masked.com,+XXX-XXX-2866,27,138585,D,3023
101867,Customer_1867,cust1867@masked.com,+XXX-XXX-2867,33,131370,B,3045
101868,Customer_1868,cust1868@masked.com,+XXX-XXX-2868,61,126775,C,3018
101869,Customer_1869,cust1869@masked.com,+XXX-XXX-2869,23,45759,A,3067
101870,Customer_1870,cust1870@masked.com,+XXX-XXX-2870,37,107000,B,3101
101871,Customer_1871,cust1871@masked.com,+XXX-XXX-2871,67,80943,E,3041
101872,Customer_1872,cust1872@masked.com,+XXX-XXX-2872,30,105862,D,3031
101873,Customer_1873,cust1873@masked.com,+XXX-XXX-2873,67,184111,A,3108
101874,Customer_1874,cust1874@masked.com,+XXX-XXX-2874,21,130475,B,3035
101875,Customer_1875,cust1875@masked.com,+XXX-XXX-2875,48,96069,B,3096
101876,Customer_1876,cust1876@masked.com,+XXX-XXX-2876,30,163230,C,3130
101877,Customer_1877,cust1877@masked.com,+XXX-XXX-2877,27,148979,D,3072
101878,Customer_1878,cust1878@masked.com,+XXX-XXX-2878,59,171470,C,3135
101879,Customer_1879,cust1879@masked.com,+XXX-XXX-2879,23,126446,C,3096
101880,Customer_1880,cust1880@masked.com,+XXX-XXX-2880,27,57711,D,3122
101881,Customer_1881,cust1881@masked.com,+XXX-XXX-2881,29,102688,B,3069
101882,Customer_1882,cust1882@masked.com,+XXX-XXX-2882,60,50772,A,3012
101883,Customer_1883,cust1883@masked.com,+XXX-XXX-2883,55,47307,C,3048
101884,Customer_1884,cust1884@masked.com,+XXX-XXX-2884,46,156238,E,3059
101885,Customer_1885,cust1885@masked.com,+XXX-XXX-2885,25,143890,D,3129
101886,Customer_1886,cust1886@masked.com,+XXX-XXX-2886,33,27589,C,3004
101887,Customer_1887,cust1887@masked.com,+XXX-XXX-2887,65,199058,C,3026
101888,Customer_1888,cust1888@masked.com,+XXX-XXX-2888,50,151536,E,3148
101889,Customer_1889,cust1889@masked.com,+XXX-XXX-2889,60,22600,B,3007
101890,Customer_1890,cust1890@masked.com,+XXX-XXX-2890,59,151988,B,3049
101891,Customer_1891,cust1891@masked.com,+XXX-XXX-2891,30,157198,E,3066
101892,Customer_1892,cust1892@masked.com,+XXX-XXX-2892,62,158223,D,3043
101893,Customer_1893,cust1893@masked.com,+XXX-XXX-2893,43,97196,B,3124
101894,Customer_1894,cust1894@masked.com,+XXX-XXX-2894,31,151137,B,3057
101895,Customer_1895,cust1895@masked.com,+XXX-XXX-2895,32,111837,B,3002
101896,Customer_1896,cust1896@masked.com,+XXX-XXX-2896,33,98424,A,3085
101897,Customer_1897,cust1897@masked.com,+XXX-XXX-2897,60,158265,E,3069
101898,Customer_1898,cust1898@masked.com,+XXX-XXX-2898,69,139259,B,3129
101899,Customer_1899,cust1899@masked.com,+XXX-XXX-2899,66,179612,D,3001
101900,Customer_1900,cust1900@masked.com,+XXX-XXX-2900,69,96537,A,3101
101901,Customer_1901,cust1901@masked.com,+XXX-XXX-2901,36,81434,C,3034
101902,Customer_1902,cust1902@masked.com,+XXX-XXX-2902,29,160150,A,3097
101903,Customer_1903,cust1903@masked.com,+XXX-XXX-2903,30,76125,D,3029
101904,Customer_1904,cust1904@masked.com,+XXX-XXX-2904,49,72960,C,3115
101905,Customer_1905,cust1905@masked.com,+XXX-XXX-2905,29,81521,C,3007
101906,Customer_1906,cust1906@masked.com,+XXX-XXX-2906,53,109485,A,3149
101907,Customer_1907,cust1907@masked.com,+XXX-XXX-2907,44,44245,A,3043
101908,Customer_1908,cust1908@masked.com,+XXX-XXX-2908,55,52811,A,3035
101909,Customer_1909,cust1909@masked.com,+XXX-XXX-2909,31,182615,B,3076
101910,Customer_1910,cust1910@masked.com,+XXX-XXX-2910,59,187682,C,3030
101911,Customer_1911,cust1911@masked.com,+XXX-XXX-2911,33,155777,C,3046
101912,Customer_1912,cust1912@masked.com,+XXX-XXX-2912,43,169344,C,3054
101913,Customer_1913,cust1913@masked.com,+XXX-XXX-2913,45,51834,C,3105
101914,Customer_1914,cust1914@masked.com,+XXX-XXX-2914,36,101548,B,3120
101915,Customer_1915,cust1915@masked.com,+XXX-XXX-2915,68,81236,B,3054
101916,Customer_1916,cust1916@masked.com,+XXX-XXX-2916,41,176367,A,3143
101917,Customer_1917,cust1917@masked.com,+XXX-XXX-2917,30,68937,D,3011
101918,Customer_1918,cust1918@masked.com,+XXX-XXX-2918,61,26842,C,3144
101919,Customer_1919,cust1919@masked.com,+XXX-XXX-2919,60,159373,A,3143
101920,Customer_1920,cust1920@masked.com,+XXX-XXX-2920,39,122862,A,3139
101921,Customer_1921,cust1921@masked.com,+XXX-XXX-2921,55,182651,D,3135
101922,Customer_1922,cust1922@masked.com,+XXX-XXX-2922,48,45090,C,3002
101923,Customer_1923,cust1923@masked.com,+XXX-XXX-2923,61,142408,C,3143
101924,Customer_1924,cust1924@masked.com,+XXX-XXX-2924,22,28828,B,3029
101925,Customer_1925,cust1925@masked.com,+XXX-XXX-2925,50,72480,B,3022
101926,Customer_1926,cust1926@masked.com,+XXX-XXX-2926,60,123616,E,3091
101927,Customer_1927,cust1927@masked.com,+XXX-XXX-2927,60,118373,D,3114
101928,Customer_1928,cust1928@masked.com,+XXX-XXX-2928,25,175005,B,3103
101929,Customer_1929,cust1929@masked.com,+XXX-XXX-2929,58,183663,D,3117
101930,Customer_1930,cust1930@masked.com,+XXX-XXX-2930,62,165504,D,3004
101931,Customer_1931,cust1931@masked.com,+XXX-XXX-2931,35,113911,B,3103
101932,Customer_1932,cust1932@masked.com,+XXX-XXX-2932,56,30042,B,3107
101933,Customer_1933,cust1933@masked.com,+XXX-XXX-2933,23,171775,A,3064
101934,Customer_1934,cust1934@masked.com,+XXX-XXX-2934,44,173417,A,3120
101935,Customer_1935,cust1935@masked.com,+XXX-XXX-2935,61,31070,C,3029
101936,Customer_1936,cust1936@masked.com,+XXX-XXX-2936,68,97080,B,3148
101937,Customer_1937,cust1937@masked.com,+XXX-XXX-2937,68,138665,D,3083
101938,Customer_1938,cust1938@masked.com,+XXX-XXX-2938,67,142188,E,3149
101939,Customer_1939,cust1939@masked.com,+XXX-XXX-2939,61,93595,A,3031
101940,Customer_1940,cust1940@masked.com,+XXX-XXX-2940,69,190624,B,3015
101941,Customer_1941,cust1941@masked.com,+XXX-XXX-2941,32,38018,D,3037
101942,Customer_1942,cust1942@masked.com,+XXX-XXX-2942,28,34093,D,3141
101943,Customer_1943,cust1943@masked.com,+XXX-XXX-2943,34,129972,D,3035
101944,Customer_1944,cust1944@masked.com,+XXX-XXX-2944,38,88079,B,3113
101945,Customer_1945,cust1945@masked.com,+XXX-XXX-2945,64,36118,B,3065
101946,Customer_1946,cust1946@masked.com,+XXX-XXX-2946,66,92889,C,3104
101947,Customer_1947,cust1947@masked.com,+XXX-XXX-2947,40,33349,E,3084
101948,Customer_1948,cust1948@masked.com,+XXX-XXX-2948,43,86304,B,3001
101949,Customer_1949,cust1949@masked.com,+XXX-XXX-2949,25,34163,E,3074
101950,Customer_1950,cust1950@masked.com,+XXX-XXX-2950,21,35095,B,3066
101951,Customer_1951,cust1951@masked.com,+XXX-XXX-2951,65,140452,E,3054
101952,Customer_1952,cust1952@masked.com,+XXX-XXX-2952,66,86527,C,3005
101953,Customer_1953,cust1953@masked.com,+XXX-XXX-2953,22,177376,B,3149
101954,Customer_1954,cust1954@masked.com,+XXX-XXX-2954,36,62988,C,3142
101955,Customer_1955,cust1955@masked.com,+XXX-XXX-2955,25,78873,B,3085
101956,Customer_1956,cust1956@masked.com,+XXX-XXX-2956,42,155224,B,3059
101957,Customer_1957,cust1957@masked.com,+XXX-XXX-2957,21,69663,A,3100
101958,Customer_1958,cust1958@masked.com,+XXX-XXX-2958,32,113431,A,3011
101959,Customer_1959,cust1959@masked.com,+XXX-XXX-2959,39,112263,B,3048
101960,Customer_1960,cust1960@masked.com,+XXX-XXX-2960,42,178252,D,3041
101961,Customer_1961,cust1961@masked.com,+XXX-XXX-2961,62,86270,C,3081
101962,Customer_1962,cust1962@masked.com,+XXX-XXX-2962,64,91214,A,3034
101963,Customer_1963,cust1963@masked.com,+XXX-XXX-2963,68,187149,D,3133
101964,Customer_1964,cust1964@masked.com,+XXX-XXX-2964,37,177721,C,3066
101965,Customer_1965,cust1965@masked.com,+XXX-XXX-2965,33,198568,E,3079
101966,Customer_1966,cust1966@masked.com,+XXX-XXX-2966,59,114317,C,3006
101967,Customer_1967,cust1967@masked.com,+XXX-XXX-2967,48,33060,A,3013
101968,Customer_1968,cust1968@masked.com,+XXX-XXX-2968,23,95558,B,3072
101969,Customer_1969,cust1969@masked.com,+XXX-XXX-2969,25,103779,C,3142
101970,Customer_1970,cust1970@masked.com,+XXX-XXX-2970,56,191559,A,3148
101971,Customer_1971,cust1971@masked.com,+XXX-XXX-2971,35,20916,A,3065
101972,Customer_1972,cust1972@masked.com,+XXX-XXX-2972,37,174720,A,3090
101973,Customer_1973,cust1973@masked.com,+XXX-XXX-2973,64,195207,B,3129
101974,Customer_1974,cust1974@masked.com,+XXX-XXX-2974,66,129130,B,3019
101975,Customer_1975,cust1975@masked.com,+XXX-XXX-2975,49,188532,B,3009
101976,Customer_1976,cust1976@masked.com,+XXX-XXX-2976,24,78581,A,3024
101977,Customer_1977,cust1977@masked.com,+XXX-XXX-2977,52,112272,C,3024
101978,Customer_1978,cust1978@masked.com,+XXX-XXX-2978,69,21335,C,3053
101979,Customer_1979,cust1979@masked.com,+XXX-XXX-2979,63,112728,B,3032
101980,Customer_1980,cust1980@masked.com,+XXX-XXX-2980,58,145823,A,3094
101981,Customer_1981,cust1981@masked.com,+XXX-XXX-2981,24,82564,A,3013
101982,Customer_1982,cust1982@masked.com,+XXX-XXX-2982,33,30892,B,3064
101983,Customer_1983,cust1983@masked.com,+XXX-XXX-2983,40,193985,A,3109
101984,Customer_1984,cust1984@masked.com,+XXX-XXX-2984,67,199043,B,3079
101985,Customer_1985,cust1985@masked.com,+XXX-XXX-2985,38,45524,C,3053
101986,Customer_1986,cust1986@masked.com,+XXX-XXX-2986,69,85837,C,3124
101987,Customer_1987,cust1987@masked.com,+XXX-XXX-2987,62,165975,B,3130
101988,Customer_1988,cust1988@masked.com,+XXX-XXX-2988,57,112700,B,3133
101989,Customer_1989,cust1989@masked.com,+XXX-XXX-2989,32,121005,C,3024
101990,Customer_1990,cust1990@masked.com,+XXX-XXX-2990,45,193507,D,3140
101991,Customer_1991,cust1991@masked.com,+XXX-XXX-2991,50,140902,D,3116
101992,Customer_1992,cust1992@masked.com,+XXX-XXX-2992,35,91180,C,3135
101993,Customer_1993,cust1993@masked.com,+XXX-XXX-2993,56,25520,B,3148
101994,Customer_1994,cust1994@masked.com,+XXX-XXX-2994,28,53436,B,3024
101995,Customer_1995,cust1995@masked.com,+XXX-XXX-2995,48,22128,D,3078
101996,Customer_1996,cust1996@masked.com,+XXX-XXX-2996,42,102137,A,3067
101997,Customer_1997,cust1997@masked.com,+XXX-XXX-2997,69,80275,E,3011
101998,Customer_1998,cust1998@masked.com,+XXX-XXX-2998,58,160012,C,3031
101999,Customer_1999,cust1999@masked.com,+XXX-XXX-2999,36,122524,C,3127
102000,Customer_2000,cust2000@masked.com,+XXX-XXX-3000,25,175848,A,3095
102001,Customer_2001,cust2001@masked.com,+XXX-XXX-3001,66,104541,C,3091
102002,Customer_2002,cust2002@masked.com,+XXX-XXX-3002,54,117238,B,3140
102003,Customer_2003,cust2003@masked.com,+XXX-XXX-3003,69,127447,A,3030
102004,Customer_2004,cust2004@masked.com,+XXX-XXX-3004,58,120185,B,3077
102005,Customer_2005,cust2005@masked.com,+XXX-XXX-3005,31,136120,D,3019
102006,Customer_2006,cust2006@masked.com,+XXX-XXX-3006,22,190790,C,3145
102007,Customer_2007,cust2007@masked.com,+XXX-XXX-3007,45,29968,B,3059
102008,Customer_2008,cust2008@masked.com,+XXX-XXX-3008,45,100634,A,3133
102009,Customer_2009,cust2009@masked.com,+XXX-XXX-3009,21,141865,C,3092
102010,Customer_2010,cust2010@masked.com,+XXX-XXX-3010,51,94426,C,3042
102011,Customer_2011,cust2011@masked.com,+XXX-XXX-3011,25,145848,C,3129
102012,Customer_2012,cust2012@masked.com,+XXX-XXX-3012,60,167915,C,3059
102013,Customer_2013,cust2013@masked.com,+XXX-XXX-3013,24,111196,B,3030
102014,Customer_2014,cust2014@masked.com,+XXX-XXX-3014,25,44875,C,3004
102015,Customer_2015,cust2015@masked.com,+XXX-XXX-3015,25,79888,B,3009
102016,Customer_2016,cust2016@masked.com,+XXX-XXX-3016,36,177078,E,3088
102017,Customer_2017,cust2017@masked.com,+XXX-XXX-3017,38,44525,C,3129
102018,Customer_2018,cust2018@masked.com,+XXX-XXX-3018,63,123679,B,3125
102019,Customer_2019,cust2019@masked.com,+XXX-XXX-3019,37,72604,B,3010
102020,Customer_2020,cust2020@masked.com,+XXX-XXX-3020,55,156997,D,3055
102021,Customer_2021,cust2021@masked.com,+XXX-XXX-3021,38,182194,A,3082
102022,Customer_2022,cust2022@masked.com,+XXX-XXX-3022,24,190271,B,3136
102023,Customer_2023,cust2023@masked.com,+XXX-XXX-3023,51,184828,C,3098
102024,Customer_2024,cust2024@masked.com,+XXX-XXX-3024,51,44789,B,3148
102025,Customer_2025,cust2025@masked.com,+XXX-XXX-3025,29,167987,D,3072
102026,Customer_2026,cust2026@masked.com,+XXX-XXX-3026,51,22917,A,3114
102027,Customer_2027,cust2027@masked.com,+XXX-XXX-3027,25,148575,D,3006
102028,Customer_2028,cust2028@masked.com,+XXX-XXX-3028,56,121923,A,3079
102029,Customer_2029,cust2029@masked.com,+XXX-XXX-3029,36,79328,A,3143
102030,Customer_2030,cust2030@masked.com,+XXX-XXX-3030,62,79602,D,3096
102031,Customer_2031,cust2031@masked.com,+XXX-XXX-3031,61,30410,C,3003
102032,Customer_2032,cust2032@masked.com,+XXX-XXX-3032,36,33574,B,3003
102033,Customer_2033,cust2033@masked.com,+XXX-XXX-3033,40,117057,B,3102
102034,Customer_2034,cust2034@masked.com,+XXX-XXX-3034,50,190404,C,3039
102035,Customer_2035,cust2035@masked.com,+XXX-XXX-3035,46,79453,C,3016
102036,Customer_2036,cust2036@masked.com,+XXX-XXX-3036,69,181877,E,3100
102037,Customer_2037,cust2037@masked.com,+XXX-XXX-3037,51,121364,E,3102
102038,Customer_2038,cust2038@masked.com,+XXX-XXX-3038,35,144488,C,3123
102039,Customer_2039,cust2039@masked.com,+XXX-XXX-3039,61,165898,B,3051
102040,Customer_2040,cust2040@masked.com,+XXX-XXX-3040,58,133535,B,3051
102041,Customer_2041,cust2041@masked.com,+XXX-XXX-3041,58,50779,C,3123
102042,Customer_2042,cust2042@masked.com,+XXX-XXX-3042,63,186364,A,3062
102043,Customer_2043,cust2043@masked.com,+XXX-XXX-3043,40,32607,B,3115
102044,Customer_2044,cust2044@masked.com,+XXX-XXX-3044,55,196784,A,3061
102045,Customer_2045,cust2045@masked.com,+XXX-XXX-3045,43,65883,A,3006
102046,Customer_2046,cust2046@masked.com,+XXX-XXX-3046,64,21100,A,3091
102047,Customer_2047,cust2047@masked.com,+XXX-XXX-3047,67,28310,B,3013
102048,Customer_2048,cust2048@masked.com,+XXX-XXX-3048,59,194800,D,3085
102049,Customer_2049,cust2049@masked.com,+XXX-XXX-3049,45,58069,B,3132
102050,Customer_2050,cust2050@masked.com,+XXX-XXX-3050,42,67740,B,3129
102051,Customer_2051,cust2051@masked.com,+XXX-XXX-3051,67,136888,A,3061
102052,Customer_2052,cust2052@masked.com,+XXX-XXX-3052,28,29233,C,3148
102053,Customer_2053,cust2053@masked.com,+XXX-XXX-3053,29,151568,B,3078
102054,Customer_2054,cust2054@masked.com,+XXX-XXX-3054,35,115979,C,3148
102055,Customer_2055,cust2055@masked.com,+XXX-XXX-3055,68,155246,E,3137
102056,Customer_2056,cust2056@masked.com,+XXX-XXX-3056,40,166170,A,3057
102057,Customer_2057,cust2057@masked.com,+XXX-XXX-3057,55,76121,A,3119
102058,Customer_2058,cust2058@masked.com,+XXX-XXX-3058,57,129628,B,3132
102059,Customer_2059,cust2059@masked.com,+XXX-XXX-3059,23,54421,E,3064
102060,Customer_2060,cust2060@masked.com,+XXX-XXX-3060,54,191086,D,3012
102061,Customer_2061,cust2061@masked.com,+XXX-XXX-3061,54,197900,D,3081
102062,Customer_2062,cust2062@masked.com,+XXX-XXX-3062,56,144586,B,3138
102063,Customer_2063,cust2063@masked.com,+XXX-XXX-3063,55,66567,E,3148
102064,Customer_2064,cust2064@masked.com,+XXX-XXX-3064,29,102163,A,3051
102065,Customer_2065,cust2065@masked.com,+XXX-XXX-3065,50,169711,A,3116
102066,Customer_2066,cust2066@masked.com,+XXX-XXX-3066,46,92535,D,3025
102067,Customer_2067,cust2067@masked.com,+XXX-XXX-3067,32,190583,E,3033
102068,Customer_2068,cust2068@masked.com,+XXX-XXX-3068,44,26073,A,3051
102069,Customer_2069,cust2069@masked.com,+XXX-XXX-3069,61,126534,A,3111
102070,Customer_2070,cust2070@masked.com,+XXX-XXX-3070,39,108541,A,3081
102071,Customer_2071,cust2071@masked.com,+XXX-XXX-3071,64,103535,A,3041
102072,Customer_2072,cust2072@masked.com,+XXX-XXX-3072,36,20019,A,3020
102073,Customer_2073,cust2073@masked.com,+XXX-XXX-3073,46,34160,E,3041
102074,Customer_2074,cust2074@masked.com,+XXX-XXX-3074,43,198450,C,3140
102075,Customer_2075,cust2075@masked.com,+XXX-XXX-3075,53,171227,D,3112
102076,Customer_2076,cust2076@masked.com,+XXX-XXX-3076,62,191161,D,3104
102077,Customer_2077,cust2077@masked.com,+XXX-XXX-3077,50,191416,C,3016
102078,Customer_2078,cust2078@masked.com,+XXX-XXX-3078,43,52398,D,3119
102079,Customer_2079,cust2079@masked.com,+XXX-XXX-3079,30,81651,C,3136
102080,Customer_2080,cust2080@masked.com,+XXX-XXX-3080,56,199677,B,3128
102081,Customer_2081,cust2081@masked.com,+XXX-XXX-3081,51,148171,C,3129
102082,Customer_2082,cust2082@masked.com,+XXX-XXX-3082,63,135194,C,3059
102083,Customer_2083,cust2083@masked.com,+XXX-XXX-3083,42,181395,D,3047
102084,Customer_2084,cust2084@masked.com,+XXX-XXX-3084,63,110980,E,3028
102085,Customer_2085,cust2085@masked.com,+XXX-XXX-3085,63,133866,B,3096
102086,Customer_2086,cust2086@masked.com,+XXX-XXX-3086,58,48566,D,3009
102087,Customer_2087,cust2087@masked.com,+XXX-XXX-3087,67,188427,A,3057
102088,Customer_2088,cust2088@masked.com,+XXX-XXX-3088,22,62129,D,3020
102089,Customer_2089,cust2089@masked.com,+XXX-XXX-3089,43,123661,B,3027
102090,Customer_2090,cust2090@masked.com,+XXX-XXX-3090,55,69891,A,3033
102091,Customer_2091,cust2091@masked.com,+XXX-XXX-3091,57,29982,B,3007
102092,Customer_2092,cust2092@masked.com,+XXX-XXX-3092,52,121359,C,3078
102093,Customer_2093,cust2093@masked.com,+XXX-XXX-3093,63,139075,A,3144
102094,Customer_2094,cust2094@masked.com,+XXX-XXX-3094,32,169659,E,3086
102095,Customer_2095,cust2095@masked.com,+XXX-XXX-3095,55,73074,A,3087
102096,Customer_2096,cust2096@masked.com,+XXX-XXX-3096,61,145277,E,3068
102097,Customer_2097,cust2097@masked.com,+XXX-XXX-3097,23,52185,C,3086
102098,Customer_2098,cust2098@masked.com,+XXX-XXX-3098,54,87325,B,3100
102099,Customer_2099,cust2099@masked.com,+XXX-XXX-3099,58,141089,B,3007
102100,Customer_2100,cust2100@masked.com,+XXX-XXX-3100,44,20584,C,3076
102101,Customer_2101,cust2101@masked.com,+XXX-XXX-3101,58,190018,C,3086
102102,Customer_2102,cust2102@masked.com,+XXX-XXX-3102,37,137888,C,3042
102103,Customer_2103,cust2103@masked.com,+XXX-XXX-3103,60,150747,B,3128
102104,Customer_2104,cust2104@masked.com,+XXX-XXX-3104,21,188030,B,3108
102105,Customer_2105,cust2105@masked.com,+XXX-XXX-3105,28,67323,E,3016
102106,Customer_2106,cust2106@masked.com,+XXX-XXX-3106,35,147276,A,3132
102107,Customer_2107,cust2107@masked.com,+XXX-XXX-3107,65,133700,B,3147
102108,Customer_2108,cust2108@masked.com,+XXX-XXX-3108,45,129318,B,3020
102109,Customer_2109,cust2109@masked.com,+XXX-XXX-3109,28,162957,D,3057
102110,Customer_2110,cust2110@masked.com,+XXX-XXX-3110,52,178095,D,3109
102111,Customer_2111,cust2111@masked.com,+XXX-XXX-3111,33,172241,B,3138
102112,Customer_2112,cust2112@masked.com,+XXX-XXX-3112,66,34469,A,3142
102113,Customer_2113,cust2113@masked.com,+XXX-XXX-3113,35,101340,A,3134
102114,Customer_2114,cust2114@masked.com,+XXX-XXX-3114,26,123060,B,3027
102115,Customer_2115,cust2115@masked.com,+XXX-XXX-3115,53,158527,B,3050
102116,Customer_2116,cust2116@masked.com,+XXX-XXX-3116,27,161569,E,3004
102117,Customer_2117,cust2117@masked.com,+XXX-XXX-3117,53,86598,B,3004
102118,Customer_2118,cust2118@masked.com,+XXX-XXX-3118,67,180048,B,3093
102119,Customer_2119,cust2119@masked.com,+XXX-XXX-3119,49,80698,D,3095
102120,Customer_2120,cust2120@masked.com,+XXX-XXX-3120,58,176173,B,3007
102121,Customer_2121,cust2121@masked.com,+XXX-XXX-3121,57,139190,C,3063
102122,Customer_2122,cust2122@masked.com,+XXX-XXX-3122,64,198553,A,3137
102123,Customer_2123,cust2123@masked.com,+XXX-XXX-3123,52,172424,B,3037
102124,Customer_2124,cust2124@masked.com,+XXX-XXX-3124,23,91602,E,3110
102125,Customer_2125,cust2125@masked.com,+XXX-XXX-3125,40,180733,C,3111
102126,Customer_2126,cust2126@masked.com,+XXX-XXX-3126,34,172856,B,3080
102127,Customer_2127,cust2127@masked.com,+XXX-XXX-3127,48,123988,C,3135
102128,Customer_2128,cust2128@masked.com,+XXX-XXX-3128,58,151031,D,3103
102129,Customer_2129,cust2129@masked.com,+XXX-XXX-3129,24,179754,B,3072
102130,Customer_2130,cust2130@masked.com,+XXX-XXX-3130,35,30914,C,3048
102131,Customer_2131,cust2131@masked.com,+XXX-XXX-3131,37,59606,E,3035
102132,Customer_2132,cust2132@masked.com,+XXX-XXX-3132,57,185827,A,3125
102133,Customer_2133,cust2133@masked.com,+XXX-XXX-3133,44,150596,C,3067
102134,Customer_2134,cust2134@masked.com,+XXX-XXX-3134,58,89603,C,3077
102135,Customer_2135,cust2135@masked.com,+XXX-XXX-3135,62,139756,C,3104
102136,Customer_2136,cust2136@masked.com,+XXX-XXX-3136,61,163387,B,3121
102137,Customer_2137,cust2137@masked.com,+XXX-XXX-3137,56,133462,B,3118
102138,Customer_2138,cust2138@masked.com,+XXX-XXX-3138,61,159949,C,3113
102139,Customer_2139,cust2139@masked.com,+XXX-XXX-3139,28,142494,A,3009
102140,Customer_2140,cust2140@masked.com,+XXX-XXX-3140,23,43038,B,3148
102141,Customer_2141,cust2141@masked.com,+XXX-XXX-3141,50,145429,A,3139
102142,Customer_2142,cust2142@masked.com,+XXX-XXX-3142,42,32869,A,3090
102143,Customer_2143,cust2143@masked.com,+XXX-XXX-3143,53,32058,E,3001
102144,Customer_2144,cust2144@masked.com,+XXX-XXX-3144,45,162089,B,3117
102145,Customer_2145,cust2145@masked.com,+XXX-XXX-3145,50,108724,E,3012
102146,Customer_2146,cust2146@masked.com,+XXX-XXX-3146,57,23500,A,3094
102147,Customer_2147,cust2147@masked.com,+XXX-XXX-3147,23,144541,C,3143
102148,Customer_2148,cust2148@masked.com,+XXX-XXX-3148,24,112162,A,3031
102149,Customer_2149,cust2149@masked.com,+XXX-XXX-3149,49,196170,D,3031
102150,Customer_2150,cust2150@masked.com,+XXX-XXX-3150,52,149798,D,3123
102151,Customer_2151,cust2151@masked.com,+XXX-XXX-3151,43,88797,A,3010
102152,Customer_2152,cust2152@masked.com,+XXX-XXX-3152,39,130633,D,3009
102153,Customer_2153,cust2153@masked.com,+XXX-XXX-3153,35,72995,A,3014
102154,Customer_2154,cust2154@masked.com,+XXX-XXX-3154,36,153053,C,3016
102155,Customer_2155,cust2155@masked.com,+XXX-XXX-3155,43,102567,E,3145
102156,Customer_2156,cust2156@masked.com,+XXX-XXX-3156,60,73075,D,3058
102157,Customer_2157,cust2157@masked.com,+XXX-XXX-3157,66,35876,E,3077
102158,Customer_2158,cust2158@masked.com,+XXX-XXX-3158,57,153054,B,3123
102159,Customer_2159,cust2159@masked.com,+XXX-XXX-3159,21,90791,A,3113
102160,Customer_2160,cust2160@masked.com,+XXX-XXX-3160,39,96285,A,3021
102161,Customer_2161,cust2161@masked.com,+XXX-XXX-3161,57,50214,C,3031
102162,Customer_2162,cust2162@masked.com,+XXX-XXX-3162,55,114244,D,3112
102163,Customer_2163,cust2163@masked.com,+XXX-XXX-3163,50,22019,A,3119
102164,Customer_2164,cust2164@masked.com,+XXX-XXX-3164,37,122978,C,3148
102165,Customer_2165,cust2165@masked.com,+XXX-XXX-3165,59,191911,B,3121
102166,Customer_2166,cust2166@masked.com,+XXX-XXX-3166,69,92516,B,3031
102167,Customer_2167,cust2167@masked.com,+XXX-XXX-3167,46,63524,C,3118
102168,Customer_2168,cust2168@masked.com,+XXX-XXX-3168,33,160284,B,3038
102169,Customer_2169,cust2169@masked.com,+XXX-XXX-3169,42,133518,D,3011
102170,Customer_2170,cust2170@masked.com,+XXX-XXX-3170,66,109022,A,3017
102171,Customer_2171,cust2171@masked.com,+XXX-XXX-3171,43,128518,D,3148
102172,Customer_2172,cust2172@masked.com,+XXX-XXX-3172,64,40592,A,3140
102173,Customer_2173,cust2173@masked.com,+XXX-XXX-3173,63,183275,A,3148
102174,Customer_2174,cust2174@masked.com,+XXX-XXX-3174,53,187515,C,3125
102175,Customer_2175,cust2175@masked.com,+XXX-XXX-3175,47,185619,D,3135
102176,Customer_2176,cust2176@masked.com,+XXX-XXX-3176,55,111931,B,3045
102177,Customer_2177,cust2177@masked.com,+XXX-XXX-3177,32,73848,B,3103
102178,Customer_2178,cust2178@masked.com,+XXX-XXX-3178,29,122841,C,3134
102179,Customer_2179,cust2179@masked.com,+XXX-XXX-3179,54,64610,A,3085
102180,Customer_2180,cust2180@masked.com,+XXX-XXX-3180,34,49817,D,3149
102181,Customer_2181,cust2181@masked.com,+XXX-XXX-3181,57,105348,D,3088
102182,Customer_2182,cust2182@masked.com,+XXX-XXX-3182,23,107524,A,3021
102183,Customer_2183,cust2183@masked.com,+XXX-XXX-3183,64,162180,B,3091
102184,Customer_2184,cust2184@masked.com,+XXX-XXX-3184,64,160291,D,3028
102185,Customer_2185,cust2185@masked.com,+XXX-XXX-3185,41,138237,B,3012
102186,Customer_2186,cust2186@masked.com,+XXX-XXX-3186,27,176389,C,3001
102187,Customer_2187,cust2187@masked.com,+XXX-XXX-3187,53,23881,A,3028
102188,Customer_2188,cust2188@masked.com,+XXX-XXX-3188,55,62202,C,3026
102189,Customer_2189,cust2189@masked.com,+XXX-XXX-3189,31,171808,A,3049
102190,Customer_2190,cust2190@masked.com,+XXX-XXX-3190,65,76623,D,3094
102191,Customer_2191,cust2191@masked.com,+XXX-XXX-3191,52,79434,B,3087
102192,Customer_2192,cust2192@masked.com,+XXX-XXX-3192,42,162181,B,3043
102193,Customer_2193,cust2193@masked.com,+XXX-XXX-3193,62,108979,D,3021
102194,Customer_2194,cust2194@masked.com,+XXX-XXX-3194,39,91185,A,3096
102195,Customer_2195,cust2195@masked.com,+XXX-XXX-3195,56,195813,B,3002
102196,Customer_2196,cust2196@masked.com,+XXX-XXX-3196,57,79056,B,3117
102197,Customer_2197,cust2197@masked.com,+XXX-XXX-3197,31,77937,B,3018
102198,Customer_2198,cust2198@masked.com,+XXX-XXX-3198,61,96567,D,3022
102199,Customer_2199,cust2199@masked.com,+XXX-XXX-3199,33,183075,D,3029
102200,Customer_2200,cust2200@masked.com,+XXX-XXX-3200,48,25508,A,3038
102201,Customer_2201,cust2201@masked.com,+XXX-XXX-3201,69,188857,C,3107
102202,Customer_2202,cust2202@masked.com,+XXX-XXX-3202,35,81155,C,3110
102203,Customer_2203,cust2203@masked.com,+XXX-XXX-3203,33,93658,D,3024
102204,Customer_2204,cust2204@masked.com,+XXX-XXX-3204,63,44509,B,3127
102205,Customer_2205,cust2205@masked.com,+XXX-XXX-3205,53,45497,C,3110
102206,Customer_2206,cust2206@masked.com,+XXX-XXX-3206,28,165490,C,3135
102207,Customer_2207,cust2207@masked.com,+XXX-XXX-3207,52,79383,B,3105
102208,Customer_2208,cust2208@masked.com,+XXX-XXX-3208,57,150053,B,3143
102209,Customer_2209,cust2209@masked.com,+XXX-XXX-3209,68,63159,A,3071
102210,Customer_2210,cust2210@masked.com,+XXX-XXX-3210,24,66814,D,3128
102211,Customer_2211,cust2211@masked.com,+XXX-XXX-3211,38,126246,B,3107
102212,Customer_2212,cust2212@masked.com,+XXX-XXX-3212,43,27945,E,3004
102213,Customer_2213,cust2213@masked.com,+XXX-XXX-3213,49,137926,B,3002
102214,Customer_2214,cust2214@masked.com,+XXX-XXX-3214,22,152565,C,3131
102215,Customer_2215,cust2215@masked.com,+XXX-XXX-3215,33,136265,E,3103
102216,Customer_2216,cust2216@masked.com,+XXX-XXX-3216,36,186268,C,3063
102217,Customer_2217,cust2217@masked.com,+XXX-XXX-3217,28,31187,D,3105
102218,Customer_2218,cust2218@masked.com,+XXX-XXX-3218,39,36696,D,3097
102219,Customer_2219,cust2219@masked.com,+XXX-XXX-3219,52,59454,B,3009
102220,Customer_2220,cust2220@masked.com,+XXX-XXX-3220,23,138763,C,3148
102221,Customer_2221,cust2221@masked.com,+XXX-XXX-3221,69,192917,A,3127
102222,Customer_2222,cust2222@masked.com,+XXX-XXX-3222,52,163452,C,3045
102223,Customer_2223,cust2223@masked.com,+XXX-XXX-3223,61,41602,B,3065
102224,Customer_2224,cust2224@masked.com,+XXX-XXX-3224,41,37619,C,3111
102225,Customer_2225,cust2225@masked.com,+XXX-XXX-3225,45,93298,C,3012
102226,Customer_2226,cust2226@masked.com,+XXX-XXX-3226,37,178926,B,3136
102227,Customer_2227,cust2227@masked.com,+XXX-XXX-3227,45,196754,B,3085
102228,Customer_2228,cust2228@masked.com,+XXX-XXX-3228,53,162297,E,3089
102229,Customer_2229,cust2229@masked.com,+XXX-XXX-3229,51,151027,A,3057
102230,Customer_2230,cust2230@masked.com,+XXX-XXX-3230,56,65628,A,3053
102231,Customer_2231,cust2231@masked.com,+XXX-XXX-3231,43,55171,A,3011
102232,Customer_2232,cust2232@masked.com,+XXX-XXX-3232,67,58789,E,3013
102233,Customer_2233,cust2233@masked.com,+XXX-XXX-3233,64,76572,E,3120
102234,Customer_2234,cust2234@masked.com,+XXX-XXX-3234,45,98019,C,3120
102235,Customer_2235,cust2235@masked.com,+XXX-XXX-3235,69,110373,D,3019
102236,Customer_2236,cust2236@masked.com,+XXX-XXX-3236,64,87905,A,3074
102237,Customer_2237,cust2237@masked.com,+XXX-XXX-3237,68,153539,E,3143
102238,Customer_2238,cust2238@masked.com,+XXX-XXX-3238,50,52241,A,3069
102239,Customer_2239,cust2239@masked.com,+XXX-XXX-3239,33,193966,A,3055
102240,Customer_2240,cust2240@masked.com,+XXX-XXX-3240,63,139115,A,3100
102241,Customer_2241,cust2241@masked.com,+XXX-XXX-3241,67,99143,C,3131
102242,Customer_2242,cust2242@masked.com,+XXX-XXX-3242,49,185099,D,3110
102243,Customer_2243,cust2243@masked.com,+XXX-XXX-3243,36,54822,B,3124
102244,Customer_2244,cust2244@masked.com,+XXX-XXX-3244,58,167989,E,3131
102245,Customer_2245,cust2245@masked.com,+XXX-XXX-3245,47,37907,B,3019
102246,Customer_2246,cust2246@masked.com,+XXX-XXX-3246,46,194218,A,3137
102247,Customer_2247,cust2247@masked.com,+XXX-XXX-3247,31,186429,B,3023
102248,Customer_2248,cust2248@masked.com,+XXX-XXX-3248,67,188259,C,3036
102249,Customer_2249,cust2249@masked.com,+XXX-XXX-3249,57,59512,D,3053
102250,Customer_2250,cust2250@masked.com,+XXX-XXX-3250,23,105656,B,3102
102251,Customer_2251,cust2251@masked.com,+XXX-XXX-3251,46,197540,C,3148
102252,Customer_2252,cust2252@masked.com,+XXX-XXX-3252,54,25357,B,3037
102253,Customer_2253,cust2253@masked.com,+XXX-XXX-3253,53,146292,C,3003
102254,Customer_2254,cust2254@masked.com,+XXX-XXX-3254,35,161050,E,3056
102255,Customer_2255,cust2255@masked.com,+XXX-XXX-3255,22,33616,A,3019
102256,Customer_2256,cust2256@masked.com,+XXX-XXX-3256,48,94759,D,3016
102257,Customer_2257,cust2257@masked.com,+XXX-XXX-3257,40,118273,C,3118
102258,Customer_2258,cust2258@masked.com,+XXX-XXX-3258,58,136694,B,3070
102259,Customer_2259,cust2259@masked.com,+XXX-XXX-3259,64,29422,E,3003
102260,Customer_2260,cust2260@masked.com,+XXX-XXX-3260,36,159674,B,3013
102261,Customer_2261,cust2261@masked.com,+XXX-XXX-3261,66,30497,B,3002
102262,Customer_2262,cust2262@masked.com,+XXX-XXX-3262,24,141482,A,3079
102263,Customer_2263,cust2263@masked.com,+XXX-XXX-3263,28,67229,B,3054
102264,Customer_2264,cust2264@masked.com,+XXX-XXX-3264,64,88628,D,3131
102265,Customer_2265,cust2265@masked.com,+XXX-XXX-3265,66,88127,C,3119
102266,Customer_2266,cust2266@masked.com,+XXX-XXX-3266,40,120806,D,3023
102267,Customer_2267,cust2267@masked.com,+XXX-XXX-3267,46,39476,B,3081
102268,Customer_2268,cust2268@masked.com,+XXX-XXX-3268,52,92597,A,3146
102269,Customer_2269,cust2269@masked.com,+XXX-XXX-3269,33,101697,A,3059
102270,Customer_2270,cust2270@masked.com,+XXX-XXX-3270,25,87209,C,3146
102271,Customer_2271,cust2271@masked.com,+XXX-XXX-3271,64,111200,E,3048
102272,Customer_2272,cust2272@masked.com,+XXX-XXX-3272,62,83575,C,3062
102273,Customer_2273,cust2273@masked.com,+XXX-XXX-3273,33,27308,B,3109
102274,Customer_2274,cust2274@masked.com,+XXX-XXX-3274,61,129941,D,3149
102275,Customer_2275,cust2275@masked.com,+XXX-XXX-3275,31,53267,D,3108
102276,Customer_2276,cust2276@masked.com,+XXX-XXX-3276,57,118629,A,3075
102277,Customer_2277,cust2277@masked.com,+XXX-XXX-3277,52,49224,D,3029
102278,Customer_2278,cust2278@masked.com,+XXX-XXX-3278,65,140721,B,3057
102279,Customer_2279,cust2279@masked.com,+XXX-XXX-3279,62,86423,A,3116
102280,Customer_2280,cust2280@masked.com,+XXX-XXX-3280,38,127491,B,3099
102281,Customer_2281,cust2281@masked.com,+XXX-XXX-3281,49,96768,B,3018
102282,Customer_2282,cust2282@masked.com,+XXX-XXX-3282,35,53696,B,3093
102283,Customer_2283,cust2283@masked.com,+XXX-XXX-3283,40,80312,B,3112
102284,Customer_2284,cust2284@masked.com,+XXX-XXX-3284,64,89939,A,3145
102285,Customer_2285,cust2285@masked.com,+XXX-XXX-3285,56,34992,D,3062
102286,Customer_2286,cust2286@masked.com,+XXX-XXX-3286,25,159062,E,3115
102287,Customer_2287,cust2287@masked.com,+XXX-XXX-3287,60,64215,D,3112
102288,Customer_2288,cust2288@masked.com,+XXX-XXX-3288,57,102544,B,3046
102289,Customer_2289,cust2289@masked.com,+XXX-XXX-3289,53,24344,B,3056
102290,Customer_2290,cust2290@masked.com,+XXX-XXX-3290,38,71523,A,3117
102291,Customer_2291,cust2291@masked.com,+XXX-XXX-3291,39,172155,A,3044
102292,Customer_2292,cust2292@masked.com,+XXX-XXX-3292,52,175706,C,3144
102293,Customer_2293,cust2293@masked.com,+XXX-XXX-3293,62,156188,C,3003
102294,Customer_2294,cust2294@masked.com,+XXX-XXX-3294,42,79660,C,3147
102295,Customer_2295,cust2295@masked.com,+XXX-XXX-3295,61,127773,C,3046
102296,Customer_2296,cust2296@masked.com,+XXX-XXX-3296,21,61646,B,3142
102297,Customer_2297,cust2297@masked.com,+XXX-XXX-3297,45,24610,B,3046
102298,Customer_2298,cust2298@masked.com,+XXX-XXX-3298,40,80519,C,3077
102299,Customer_2299,cust2299@masked.com,+XXX-XXX-3299,55,57265,B,3123
102300,Customer_2300,cust2300@masked.com,+XXX-XXX-3300,65,154924,A,3074
102301,Customer_2301,cust2301@masked.com,+XXX-XXX-3301,26,117222,B,3102
102302,Customer_2302,cust2302@masked.com,+XXX-XXX-3302,26,39788,B,3136
102303,Customer_2303,cust2303@masked.com,+XXX-XXX-3303,57,27724,A,3089
102304,Customer_2304,cust2304@masked.com,+XXX-XXX-3304,69,69725,D,3143
102305,Customer_2305,cust2305@masked.com,+XXX-XXX-3305,23,66026,D,3068
102306,Customer_2306,cust2306@masked.com,+XXX-XXX-3306,57,161069,A,3060
102307,Customer_2307,cust2307@masked.com,+XXX-XXX-3307,51,69588,A,3137
102308,Customer_2308,cust2308@masked.com,+XXX-XXX-3308,55,30695,C,3049
102309,Customer_2309,cust2309@masked.com,+XXX-XXX-3309,65,63422,A,3002
102310,Customer_2310,cust2310@masked.com,+XXX-XXX-3310,35,83442,B,3106
102311,Customer_2311,cust2311@masked.com,+XXX-XXX-3311,37,152470,A,3112
102312,Customer_2312,cust2312@masked.com,+XXX-XXX-3312,35,128050,B,3093
102313,Customer_2313,cust2313@masked.com,+XXX-XXX-3313,25,93227,D,3117
102314,Customer_2314,cust2314@masked.com,+XXX-XXX-3314,42,199572,D,3080
102315,Customer_2315,cust2315@masked.com,+XXX-XXX-3315,66,96479,A,3108
102316,Customer_2316,cust2316@masked.com,+XXX-XXX-3316,31,99462,B,3050
102317,Customer_2317,cust2317@masked.com,+XXX-XXX-3317,48,80273,A,3146
102318,Customer_2318,cust2318@masked.com,+XXX-XXX-3318,34,65817,A,3034
102319,Customer_2319,cust2319@masked.com,+XXX-XXX-3319,59,81171,E,3045
102320,Customer_2320,cust2320@masked.com,+XXX-XXX-3320,23,163185,C,3068
102321,Customer_2321,cust2321@masked.com,+XXX-XXX-3321,62,181206,C,3092
102322,Customer_2322,cust2322@masked.com,+XXX-XXX-3322,31,154338,D,3063
102323,Customer_2323,cust2323@masked.com,+XXX-XXX-3323,50,157480,D,3048
102324,Customer_2324,cust2324@masked.com,+XXX-XXX-3324,58,34842,D,3148
102325,Customer_2325,cust2325@masked.com,+XXX-XXX-3325,25,162208,A,3073
102326,Customer_2326,cust2326@masked.com,+XXX-XXX-3326,42,154569,A,3004
102327,Customer_2327,cust2327@masked.com,+XXX-XXX-3327,33,81415,C,3099
102328,Customer_2328,cust2328@masked.com,+XXX-XXX-3328,64,41340,B,3069
102329,Customer_2329,cust2329@masked.com,+XXX-XXX-3329,41,185814,E,3089
102330,Customer_2330,cust2330@masked.com,+XXX-XXX-3330,57,127362,C,3003
102331,Customer_2331,cust2331@masked.com,+XXX-XXX-3331,45,115330,E,3125
102332,Customer_2332,cust2332@masked.com,+XXX-XXX-3332,41,88070,A,3038
102333,Customer_2333,cust2333@masked.com,+XXX-XXX-3333,48,76725,D,3128
102334,Customer_2334,cust2334@masked.com,+XXX-XXX-3334,61,67018,B,3023
102335,Customer_2335,cust2335@masked.com,+XXX-XXX-3335,24,142907,E,3056
102336,Customer_2336,cust2336@masked.com,+XXX-XXX-3336,49,55985,A,3099
102337,Customer_2337,cust2337@masked.com,+XXX-XXX-3337,67,80341,C,3069
102338,Customer_2338,cust2338@masked.com,+XXX-XXX-3338,55,109249,D,3040
102339,Customer_2339,cust2339@masked.com,+XXX-XXX-3339,43,197054,B,3059
102340,Customer_2340,cust2340@masked.com,+XXX-XXX-3340,27,99712,B,3107
102341,Customer_2341,cust2341@masked.com,+XXX-XXX-3341,66,39075,E,3056
102342,Customer_2342,cust2342@masked.com,+XXX-XXX-3342,66,141229,B,3030
102343,Customer_2343,cust2343@masked.com,+XXX-XXX-3343,29,170798,C,3083
102344,Customer_2344,cust2344@masked.com,+XXX-XXX-3344,43,21555,A,3035
102345,Customer_2345,cust2345@masked.com,+XXX-XXX-3345,23,167731,D,3107
102346,Customer_2346,cust2346@masked.com,+XXX-XXX-3346,29,146562,C,3105
102347,Customer_2347,cust2347@masked.com,+XXX-XXX-3347,24,182038,B,3085
102348,Customer_2348,cust2348@masked.com,+XXX-XXX-3348,69,176995,A,3134
102349,Customer_2349,cust2349@masked.com,+XXX-XXX-3349,45,88625,C,3013
102350,Customer_2350,cust2350@masked.com,+XXX-XXX-3350,26,93114,A,3119
102351,Customer_2351,cust2351@masked.com,+XXX-XXX-3351,68,142656,A,3137
102352,Customer_2352,cust2352@masked.com,+XXX-XXX-3352,38,179039,C,3079
102353,Customer_2353,cust2353@masked.com,+XXX-XXX-3353,65,136292,A,3143
102354,Customer_2354,cust2354@masked.com,+XXX-XXX-3354,27,43185,A,3105
102355,Customer_2355,cust2355@masked.com,+XXX-XXX-3355,55,191564,C,3069
102356,Customer_2356,cust2356@masked.com,+XXX-XXX-3356,51,148877,A,3043
102357,Customer_2357,cust2357@masked.com,+XXX-XXX-3357,58,194099,B,3072
102358,Customer_2358,cust2358@masked.com,+XXX-XXX-3358,52,54594,A,3044
102359,Customer_2359,cust2359@masked.com,+XXX-XXX-3359,55,143126,C,3106
102360,Customer_2360,cust2360@masked.com,+XXX-XXX-3360,48,37754,C,3083
102361,Customer_2361,cust2361@masked.com,+XXX-XXX-3361,64,64507,C,3081
102362,Customer_2362,cust2362@masked.com,+XXX-XXX-3362,25,41512,B,3106
102363,Customer_2363,cust2363@masked.com,+XXX-XXX-3363,50,156883,A,3020
102364,Customer_2364,cust2364@masked.com,+XXX-XXX-3364,42,54459,A,3006
102365,Customer_2365,cust2365@masked.com,+XXX-XXX-3365,37,190514,B,3069
102366,Customer_2366,cust2366@masked.com,+XXX-XXX-3366,30,177798,E,3126
102367,Customer_2367,cust2367@masked.com,+XXX-XXX-3367,27,84757,A,3142
102368,Customer_2368,cust2368@masked.com,+XXX-XXX-3368,24,121694,B,3147
102369,Customer_2369,cust2369@masked.com,+XXX-XXX-3369,62,29862,A,3142
102370,Customer_2370,cust2370@masked.com,+XXX-XXX-3370,47,118340,C,3148
102371,Customer_2371,cust2371@masked.com,+XXX-XXX-3371,27,129912,C,3119
102372,Customer_2372,cust2372@masked.com,+XXX-XXX-3372,43,55107,C,3127
102373,Customer_2373,cust2373@masked.com,+XXX-XXX-3373,31,108080,D,3141
102374,Customer_2374,cust2374@masked.com,+XXX-XXX-3374,28,165497,B,3056
102375,Customer_2375,cust2375@masked.com,+XXX-XXX-3375,28,54139,A,3057
102376,Customer_2376,cust2376@masked.com,+XXX-XXX-3376,57,53444,B,3020
102377,Customer_2377,cust2377@masked.com,+XXX-XXX-3377,25,148443,C,3081
102378,Customer_2378,cust2378@masked.com,+XXX-XXX-3378,27,151324,C,3068
102379,Customer_2379,cust2379@masked.com,+XXX-XXX-3379,42,121168,C,3130
102380,Customer_2380,cust2380@masked.com,+XXX-XXX-3380,56,136304,C,3086
102381,Customer_2381,cust2381@masked.com,+XXX-XXX-3381,22,30208,C,3048
102382,Customer_2382,cust2382@masked.com,+XXX-XXX-3382,44,104151,D,3146
102383,Customer_2383,cust2383@masked.com,+XXX-XXX-3383,22,75585,C,3114
102384,Customer_2384,cust2384@masked.com,+XXX-XXX-3384,68,102680,D,3088
102385,Customer_2385,cust2385@masked.com,+XXX-XXX-3385,32,105206,B,3084
102386,Customer_2386,cust2386@masked.com,+XXX-XXX-3386,67,59069,C,3127
102387,Customer_2387,cust2387@masked.com,+XXX-XXX-3387,62,76218,D,3139
102388,Customer_2388,cust2388@masked.com,+XXX-XXX-3388,46,174290,B,3116
102389,Customer_2389,cust2389@masked.com,+XXX-XXX-3389,58,184232,D,3126
102390,Customer_2390,cust2390@masked.com,+XXX-XXX-3390,65,195574,C,3070
102391,Customer_2391,cust2391@masked.com,+XXX-XXX-3391,26,45006,A,3085
102392,Customer_2392,cust2392@masked.com,+XXX-XXX-3392,43,146610,C,3032
102393,Customer_2393,cust2393@masked.com,+XXX-XXX-3393,22,59916,A,3080
102394,Customer_2394,cust2394@masked.com,+XXX-XXX-3394,46,45667,E,3060
102395,Customer_2395,cust2395@masked.com,+XXX-XXX-3395,34,96427,D,3060
102396,Customer_2396,cust2396@masked.com,+XXX-XXX-3396,38,67688,A,3097
102397,Customer_2397,cust2397@masked.com,+XXX-XXX-3397,58,34414,A,3027
102398,Customer_2398,cust2398@masked.com,+XXX-XXX-3398,52,144668,C,3042
102399,Customer_2399,cust2399@masked.com,+XXX-XXX-3399,34,38564,B,3085
102400,Customer_2400,cust2400@masked.com,+XXX-XXX-3400,50,25316,A,3016
102401,Customer_2401,cust2401@masked.com,+XXX-XXX-3401,33,64056,C,3097
102402,Customer_2402,cust2402@masked.com,+XXX-XXX-3402,60,179262,B,3097
102403,Customer_2403,cust2403@masked.com,+XXX-XXX-3403,51,108353,A,3064
102404,Customer_2404,cust2404@masked.com,+XXX-XXX-3404,57,62239,D,3073
102405,Customer_2405,cust2405@masked.com,+XXX-XXX-3405,65,187848,D,3084
102406,Customer_2406,cust2406@masked.com,+XXX-XXX-3406,58,92909,D,3004
102407,Customer_2407,cust2407@masked.com,+XXX-XXX-3407,42,82938,D,3001
102408,Customer_2408,cust2408@masked.com,+XXX-XXX-3408,48,199182,A,3021
102409,Customer_2409,cust2409@masked.com,+XXX-XXX-3409,39,199267,B,3111
102410,Customer_2410,cust2410@masked.com,+XXX-XXX-3410,63,56054,A,3056
102411,Customer_2411,cust2411@masked.com,+XXX-XXX-3411,36,122821,D,3065
102412,Customer_2412,cust2412@masked.com,+XXX-XXX-3412,25,149581,E,3073
102413,Customer_2413,cust2413@masked.com,+XXX-XXX-3413,64,39012,C,3097
102414,Customer_2414,cust2414@masked.com,+XXX-XXX-3414,69,102458,D,3143
102415,Customer_2415,cust2415@masked.com,+XXX-XXX-3415,22,38164,C,3111
102416,Customer_2416,cust2416@masked.com,+XXX-XXX-3416,30,26605,B,3124
102417,Customer_2417,cust2417@masked.com,+XXX-XXX-3417,67,97254,B,3085
102418,Customer_2418,cust2418@masked.com,+XXX-XXX-3418,39,199181,A,3075
102419,Customer_2419,cust2419@masked.com,+XXX-XXX-3419,40,186188,A,3087
102420,Customer_2420,cust2420@masked.com,+XXX-XXX-3420,49,167217,C,3037
102421,Customer_2421,cust2421@masked.com,+XXX-XXX-3421,45,172863,B,3058
102422,Customer_2422,cust2422@masked.com,+XXX-XXX-3422,37,36120,C,3137
102423,Customer_2423,cust2423@masked.com,+XXX-XXX-3423,33,174625,C,3098
102424,Customer_2424,cust2424@masked.com,+XXX-XXX-3424,65,136648,B,3062
102425,Customer_2425,cust2425@masked.com,+XXX-XXX-3425,36,167434,B,3048
102426,Customer_2426,cust2426@masked.com,+XXX-XXX-3426,55,134140,B,3031
102427,Customer_2427,cust2427@masked.com,+XXX-XXX-3427,56,59865,B,3134
102428,Customer_2428,cust2428@masked.com,+XXX-XXX-3428,59,105482,D,3020
102429,Customer_2429,cust2429@masked.com,+XXX-XXX-3429,23,188921,B,3019
102430,Customer_2430,cust2430@masked.com,+XXX-XXX-3430,29,90437,C,3126
102431,Customer_2431,cust2431@masked.com,+XXX-XXX-3431,60,128996,D,3067
102432,Customer_2432,cust2432@masked.com,+XXX-XXX-3432,66,153557,D,3109
102433,Customer_2433,cust2433@masked.com,+XXX-XXX-3433,49,79789,D,3115
102434,Customer_2434,cust2434@masked.com,+XXX-XXX-3434,25,142863,B,3142
102435,Customer_2435,cust2435@masked.com,+XXX-XXX-3435,23,118952,A,3119
102436,Customer_2436,cust2436@masked.com,+XXX-XXX-3436,30,30461,B,3078
102437,Customer_2437,cust2437@masked.com,+XXX-XXX-3437,51,77042,B,3115
102438,Customer_2438,cust2438@masked.com,+XXX-XXX-3438,31,99548,D,3091
102439,Customer_2439,cust2439@masked.com,+XXX-XXX-3439,37,181203,C,3013
102440,Customer_2440,cust2440@masked.com,+XXX-XXX-3440,60,72967,A,3124
102441,Customer_2441,cust2441@masked.com,+XXX-XXX-3441,61,124583,A,3057
102442,Customer_2442,cust2442@masked.com,+XXX-XXX-3442,28,160815,A,3027
102443,Customer_2443,cust2443@masked.com,+XXX-XXX-3443,22,180519,C,3025
102444,Customer_2444,cust2444@masked.com,+XXX-XXX-3444,24,144182,C,3112
102445,Customer_2445,cust2445@masked.com,+XXX-XXX-3445,36,22632,D,3065
102446,Customer_2446,cust2446@masked.com,+XXX-XXX-3446,61,175359,E,3130
102447,Customer_2447,cust2447@masked.com,+XXX-XXX-3447,61,47108,A,3043
102448,Customer_2448,cust2448@masked.com,+XXX-XXX-3448,41,119572,B,3096
102449,Customer_2449,cust2449@masked.com,+XXX-XXX-3449,25,64049,B,3041
102450,Customer_2450,cust2450@masked.com,+XXX-XXX-3450,55,92556,B,3005
102451,Customer_2451,cust2451@masked.com,+XXX-XXX-3451,34,56395,D,3022
102452,Customer_2452,cust2452@masked.com,+XXX-XXX-3452,35,169596,C,3088
102453,Customer_2453,cust2453@masked.com,+XXX-XXX-3453,26,58270,C,3122
102454,Customer_2454,cust2454@masked.com,+XXX-XXX-3454,36,59190,B,3146
102455,Customer_2455,cust2455@masked.com,+XXX-XXX-3455,43,25846,A,3050
102456,Customer_2456,cust2456@masked.com,+XXX-XXX-3456,51,105440,A,3010
102457,Customer_2457,cust2457@masked.com,+XXX-XXX-3457,62,130150,C,3011
102458,Customer_2458,cust2458@masked.com,+XXX-XXX-3458,66,159884,C,3073
102459,Customer_2459,cust2459@masked.com,+XXX-XXX-3459,32,90943,A,3007
102460,Customer_2460,cust2460@masked.com,+XXX-XXX-3460,61,137211,C,3040
102461,Customer_2461,cust2461@masked.com,+XXX-XXX-3461,39,155839,D,3084
102462,Customer_2462,cust2462@masked.com,+XXX-XXX-3462,32,173100,B,3071
102463,Customer_2463,cust2463@masked.com,+XXX-XXX-3463,65,169875,C,3054
102464,Customer_2464,cust2464@masked.com,+XXX-XXX-3464,33,30971,B,3136
102465,Customer_2465,cust2465@masked.com,+XXX-XXX-3465,69,199631,C,3046
102466,Customer_2466,cust2466@masked.com,+XXX-XXX-3466,22,119242,D,3142
102467,Customer_2467,cust2467@masked.com,+XXX-XXX-3467,40,106850,E,3103
102468,Customer_2468,cust2468@masked.com,+XXX-XXX-3468,51,84481,B,3041
102469,Customer_2469,cust2469@masked.com,+XXX-XXX-3469,29,83486,B,3059
102470,Customer_2470,cust2470@masked.com,+XXX-XXX-3470,41,84840,A,3011
102471,Customer_2471,cust2471@masked.com,+XXX-XXX-3471,28,99208,A,3129
102472,Customer_2472,cust2472@masked.com,+XXX-XXX-3472,59,62991,C,3006
102473,Customer_2473,cust2473@masked.com,+XXX-XXX-3473,57,175067,D,3079
102474,Customer_2474,cust2474@masked.com,+XXX-XXX-3474,49,175520,B,3130
102475,Customer_2475,cust2475@masked.com,+XXX-XXX-3475,39,51088,A,3108
102476,Customer_2476,cust2476@masked.com,+XXX-XXX-3476,55,23177,B,3002
102477,Customer_2477,cust2477@masked.com,+XXX-XXX-3477,65,178419,B,3026
102478,Customer_2478,cust2478@masked.com,+XXX-XXX-3478,58,166756,B,3113
102479,Customer_2479,cust2479@masked.com,+XXX-XXX-3479,46,41735,B,3106
102480,Customer_2480,cust2480@masked.com,+XXX-XXX-3480,31,25100,C,3039
102481,Customer_2481,cust2481@masked.com,+XXX-XXX-3481,56,170340,A,3128
102482,Customer_2482,cust2482@masked.com,+XXX-XXX-3482,55,62691,C,3007
102483,Customer_2483,cust2483@masked.com,+XXX-XXX-3483,24,99164,D,3100
102484,Customer_2484,cust2484@masked.com,+XXX-XXX-3484,23,157479,B,3123
102485,Customer_2485,cust2485@masked.com,+XXX-XXX-3485,65,44054,C,3106
102486,Customer_2486,cust2486@masked.com,+XXX-XXX-3486,67,191270,C,3100
102487,Customer_2487,cust2487@masked.com,+XXX-XXX-3487,32,177604,C,3003
102488,Customer_2488,cust2488@masked.com,+XXX-XXX-3488,52,195519,B,3109
102489,Customer_2489,cust2489@masked.com,+XXX-XXX-3489,67,115120,B,3018
102490,Customer_2490,cust2490@masked.com,+XXX-XXX-3490,46,103611,D,3031
102491,Customer_2491,cust2491@masked.com,+XXX-XXX-3491,63,179813,D,3136
102492,Customer_2492,cust2492@masked.com,+XXX-XXX-3492,63,160521,B,3011
102493,Customer_2493,cust2493@masked.com,+XXX-XXX-3493,33,143311,A,3138
102494,Customer_2494,cust2494@masked.com,+XXX-XXX-3494,64,172629,A,3045
102495,Customer_2495,cust2495@masked.com,+XXX-XXX-3495,58,177731,A,3118
102496,Customer_2496,cust2496@masked.com,+XXX-XXX-3496,49,154977,C,3015
102497,Customer_2497,cust2497@masked.com,+XXX-XXX-3497,39,189886,A,3128
102498,Customer_2498,cust2498@masked.com,+XXX-XXX-3498,55,189920,B,3062
102499,Customer_2499,cust2499@masked.com,+XXX-XXX-3499,68,141502,D,3108
102500,Customer_2500,cust2500@masked.com,+XXX-XXX-3500,61,92220,B,3118
102501,Customer_2501,cust2501@masked.com,+XXX-XXX-3501,47,185944,D,3020
102502,Customer_2502,cust2502@masked.com,+XXX-XXX-3502,66,160448,C,3012
102503,Customer_2503,cust2503@masked.com,+XXX-XXX-3503,51,67881,B,3003
102504,Customer_2504,cust2504@masked.com,+XXX-XXX-3504,23,106245,C,3101
102505,Customer_2505,cust2505@masked.com,+XXX-XXX-3505,55,164190,C,3058
102506,Customer_2506,cust2506@masked.com,+XXX-XXX-3506,44,49888,B,3127
102507,Customer_2507,cust2507@masked.com,+XXX-XXX-3507,27,114827,A,3026
102508,Customer_2508,cust2508@masked.com,+XXX-XXX-3508,55,67460,C,3068
102509,Customer_2509,cust2509@masked.com,+XXX-XXX-3509,41,131873,E,3024
102510,Customer_2510,cust2510@masked.com,+XXX-XXX-3510,21,179361,C,3130
102511,Customer_2511,cust2511@masked.com,+XXX-XXX-3511,64,61594,A,3096
102512,Customer_2512,cust2512@masked.com,+XXX-XXX-3512,26,47588,C,3024
102513,Customer_2513,cust2513@masked.com,+XXX-XXX-3513,59,75013,B,3147
102514,Customer_2514,cust2514@masked.com,+XXX-XXX-3514,54,186180,C,3125
102515,Customer_2515,cust2515@masked.com,+XXX-XXX-3515,38,187656,C,3132
102516,Customer_2516,cust2516@masked.com,+XXX-XXX-3516,45,78172,C,3008
102517,Customer_2517,cust2517@masked.com,+XXX-XXX-3517,35,186121,D,3115
102518,Customer_2518,cust2518@masked.com,+XXX-XXX-3518,67,76615,C,3133
102519,Customer_2519,cust2519@masked.com,+XXX-XXX-3519,52,91358,C,3059
102520,Customer_2520,cust2520@masked.com,+XXX-XXX-3520,62,45112,A,3120
102521,Customer_2521,cust2521@masked.com,+XXX-XXX-3521,69,111514,D,3138
102522,Customer_2522,cust2522@masked.com,+XXX-XXX-3522,38,36037,E,3107
102523,Customer_2523,cust2523@masked.com,+XXX-XXX-3523,51,28996,A,3107
102524,Customer_2524,cust2524@masked.com,+XXX-XXX-3524,49,43066,B,3130
102525,Customer_2525,cust2525@masked.com,+XXX-XXX-3525,35,110963,B,3075
102526,Customer_2526,cust2526@masked.com,+XXX-XXX-3526,43,145105,D,3029
102527,Customer_2527,cust2527@masked.com,+XXX-XXX-3527,58,60865,C,3020
102528,Customer_2528,cust2528@masked.com,+XXX-XXX-3528,61,146023,A,3033
102529,Customer_2529,cust2529@masked.com,+XXX-XXX-3529,31,159139,D,3040
102530,Customer_2530,cust2530@masked.com,+XXX-XXX-3530,35,150555,A,3050
102531,Customer_2531,cust2531@masked.com,+XXX-XXX-3531,43,156413,D,3081
102532,Customer_2532,cust2532@masked.com,+XXX-XXX-3532,23,172499,B,3057
102533,Customer_2533,cust2533@masked.com,+XXX-XXX-3533,39,46440,B,3074
102534,Customer_2534,cust2534@masked.com,+XXX-XXX-3534,21,101163,A,3022
102535,Customer_2535,cust2535@masked.com,+XXX-XXX-3535,44,108738,A,3127
102536,Customer_2536,cust2536@masked.com,+XXX-XXX-3536,69,99877,C,3149
102537,Customer_2537,cust2537@masked.com,+XXX-XXX-3537,31,39314,C,3016
102538,Customer_2538,cust2538@masked.com,+XXX-XXX-3538,50,194659,A,3068
102539,Customer_2539,cust2539@masked.com,+XXX-XXX-3539,31,110365,A,3107
102540,Customer_2540,cust2540@masked.com,+XXX-XXX-3540,59,154592,A,3138
102541,Customer_2541,cust2541@masked.com,+XXX-XXX-3541,21,183208,C,3093
102542,Customer_2542,cust2542@masked.com,+XXX-XXX-3542,32,170063,C,3014
102543,Customer_2543,cust2543@masked.com,+XXX-XXX-3543,24,25110,A,3090
102544,Customer_2544,cust2544@masked.com,+XXX-XXX-3544,45,197342,C,3032
102545,Customer_2545,cust2545@masked.com,+XXX-XXX-3545,28,192296,A,3124
102546,Customer_2546,cust2546@masked.com,+XXX-XXX-3546,35,120011,D,3015
102547,Customer_2547,cust2547@masked.com,+XXX-XXX-3547,63,104213,D,3065
102548,Customer_2548,cust2548@masked.com,+XXX-XXX-3548,50,55252,C,3046
102549,Customer_2549,cust2549@masked.com,+XXX-XXX-3549,60,71887,E,3147
102550,Customer_2550,cust2550@masked.com,+XXX-XXX-3550,52,183655,D,3123
102551,Customer_2551,cust2551@masked.com,+XXX-XXX-3551,64,96251,D,3000
102552,Customer_2552,cust2552@masked.com,+XXX-XXX-3552,55,105375,C,3086
102553,Customer_2553,cust2553@masked.com,+XXX-XXX-3553,41,135625,B,3127
102554,Customer_2554,cust2554@masked.com,+XXX-XXX-3554,51,53645,A,3066
102555,Customer_2555,cust2555@masked.com,+XXX-XXX-3555,56,63664,B,3003
102556,Customer_2556,cust2556@masked.com,+XXX-XXX-3556,47,94274,C,3046
102557,Customer_2557,cust2557@masked.com,+XXX-XXX-3557,64,186302,A,3037
102558,Customer_2558,cust2558@masked.com,+XXX-XXX-3558,28,146083,B,3142
102559,Customer_2559,cust2559@masked.com,+XXX-XXX-3559,43,57261,B,3020
102560,Customer_2560,cust2560@masked.com,+XXX-XXX-3560,43,117432,B,3056
102561,Customer_2561,cust2561@masked.com,+XXX-XXX-3561,62,44365,C,3116
102562,Customer_2562,cust2562@masked.com,+XXX-XXX-3562,53,130127,E,3045
102563,Customer_2563,cust2563@masked.com,+XXX-XXX-3563,33,68817,C,3141
102564,Customer_2564,cust2564@masked.com,+XXX-XXX-3564,59,173403,C,3144
102565,Customer_2565,cust2565@masked.com,+XXX-XXX-3565,55,175877,C,3038
102566,Customer_2566,cust2566@masked.com,+XXX-XXX-3566,36,180446,B,3136
102567,Customer_2567,cust2567@masked.com,+XXX-XXX-3567,32,168883,A,3098
102568,Customer_2568,cust2568@masked.com,+XXX-XXX-3568,51,124591,D,3076
102569,Customer_2569,cust2569@masked.com,+XXX-XXX-3569,25,169155,B,3114
102570,Customer_2570,cust2570@masked.com,+XXX-XXX-3570,60,66610,A,3133
102571,Customer_2571,cust2571@masked.com,+XXX-XXX-3571,64,163233,D,3090
102572,Customer_2572,cust2572@masked.com,+XXX-XXX-3572,45,165475,A,3097
102573,Customer_2573,cust2573@masked.com,+XXX-XXX-3573,41,136833,B,3119
102574,Customer_2574,cust2574@masked.com,+XXX-XXX-3574,23,92494,A,3045
102575,Customer_2575,cust2575@masked.com,+XXX-XXX-3575,68,45805,A,3037
102576,Customer_2576,cust2576@masked.com,+XXX-XXX-3576,30,114506,A,3141
102577,Customer_2577,cust2577@masked.com,+XXX-XXX-3577,43,30468,A,3099
102578,Customer_2578,cust2578@masked.com,+XXX-XXX-3578,37,31135,C,3071
102579,Customer_2579,cust2579@masked.com,+XXX-XXX-3579,62,147056,D,3034
102580,Customer_2580,cust2580@masked.com,+XXX-XXX-3580,55,83135,B,3146
102581,Customer_2581,cust2581@masked.com,+XXX-XXX-3581,45,84699,D,3029
102582,Customer_2582,cust2582@masked.com,+XXX-XXX-3582,22,171227,A,3077
102583,Customer_2583,cust2583@masked.com,+XXX-XXX-3583,47,86036,B,3083
102584,Customer_2584,cust2584@masked.com,+XXX-XXX-3584,66,149729,A,3112
102585,Customer_2585,cust2585@masked.com,+XXX-XXX-3585,29,41990,C,3024
102586,Customer_2586,cust2586@masked.com,+XXX-XXX-3586,69,173063,B,3087
102587,Customer_2587,cust2587@masked.com,+XXX-XXX-3587,24,197117,C,3013
102588,Customer_2588,cust2588@masked.com,+XXX-XXX-3588,46,39134,D,3101
102589,Customer_2589,cust2589@masked.com,+XXX-XXX-3589,52,70464,C,3149
102590,Customer_2590,cust2590@masked.com,+XXX-XXX-3590,49,104073,C,3082
102591,Customer_2591,cust2591@masked.com,+XXX-XXX-3591,42,188576,E,3109
102592,Customer_2592,cust2592@masked.com,+XXX-XXX-3592,67,151680,B,3130
102593,Customer_2593,cust2593@masked.com,+XXX-XXX-3593,33,195075,B,3018
102594,Customer_2594,cust2594@masked.com,+XXX-XXX-3594,43,169119,C,3027
102595,Customer_2595,cust2595@masked.com,+XXX-XXX-3595,51,154366,C,3070
102596,Customer_2596,cust2596@masked.com,+XXX-XXX-3596,61,136685,A,3062
102597,Customer_2597,cust2597@masked.com,+XXX-XXX-3597,56,112541,B,3072
102598,Customer_2598,cust2598@masked.com,+XXX-XXX-3598,60,100709,B,3123
102599,Customer_2599,cust2599@masked.com,+XXX-XXX-3599,51,173478,B,3118
102600,Customer_2600,cust2600@masked.com,+XXX-XXX-3600,35,105105,A,3120
102601,Customer_2601,cust2601@masked.com,+XXX-XXX-3601,34,185371,E,3018
102602,Customer_2602,cust2602@masked.com,+XXX-XXX-3602,55,67043,D,3141
102603,Customer_2603,cust2603@masked.com,+XXX-XXX-3603,44,180822,B,3119
102604,Customer_2604,cust2604@masked.com,+XXX-XXX-3604,50,188056,C,3060
102605,Customer_2605,cust2605@masked.com,+XXX-XXX-3605,50,76536,D,3029
102606,Customer_2606,cust2606@masked.com,+XXX-XXX-3606,47,23706,A,3008
102607,Customer_2607,cust2607@masked.com,+XXX-XXX-3607,69,162338,B,3063
102608,Customer_2608,cust2608@masked.com,+XXX-XXX-3608,60,106422,C,3119
102609,Customer_2609,cust2609@masked.com,+XXX-XXX-3609,34,143555,D,3051
102610,Customer_2610,cust2610@masked.com,+XXX-XXX-3610,65,198616,A,3088
102611,Customer_2611,cust2611@masked.com,+XXX-XXX-3611,67,95382,E,3141
102612,Customer_2612,cust2612@masked.com,+XXX-XXX-3612,31,98255,B,3052
102613,Customer_2613,cust2613@masked.com,+XXX-XXX-3613,67,106924,B,3077
102614,Customer_2614,cust2614@masked.com,+XXX-XXX-3614,64,65116,B,3040
102615,Customer_2615,cust2615@masked.com,+XXX-XXX-3615,46,105464,A,3067
102616,Customer_2616,cust2616@masked.com,+XXX-XXX-3616,41,197398,D,3007
102617,Customer_2617,cust2617@masked.com,+XXX-XXX-3617,29,89354,E,3001
102618,Customer_2618,cust2618@masked.com,+XXX-XXX-3618,67,28087,B,3104
102619,Customer_2619,cust2619@masked.com,+XXX-XXX-3619,21,141770,E,3124
102620,Customer_2620,cust2620@masked.com,+XXX-XXX-3620,64,121747,D,3109
102621,Customer_2621,cust2621@masked.com,+XXX-XXX-3621,26,199488,B,3085
102622,Customer_2622,cust2622@masked.com,+XXX-XXX-3622,21,107629,C,3119
102623,Customer_2623,cust2623@masked.com,+XXX-XXX-3623,42,86583,B,3126
102624,Customer_2624,cust2624@masked.com,+XXX-XXX-3624,33,63413,C,3015
102625,Customer_2625,cust2625@masked.com,+XXX-XXX-3625,58,104580,A,3061
102626,Customer_2626,cust2626@masked.com,+XXX-XXX-3626,69,101530,C,3112
102627,Customer_2627,cust2627@masked.com,+XXX-XXX-3627,65,177910,A,3011
102628,Customer_2628,cust2628@masked.com,+XXX-XXX-3628,61,150393,D,3034
102629,Customer_2629,cust2629@masked.com,+XXX-XXX-3629,60,59034,D,3010
102630,Customer_2630,cust2630@masked.com,+XXX-XXX-3630,51,110875,B,3063
102631,Customer_2631,cust2631@masked.com,+XXX-XXX-3631,35,161631,B,3049
102632,Customer_2632,cust2632@masked.com,+XXX-XXX-3632,22,154480,B,3148
102633,Customer_2633,cust2633@masked.com,+XXX-XXX-3633,51,43878,C,3068
102634,Customer_2634,cust2634@masked.com,+XXX-XXX-3634,46,169140,B,3047
102635,Customer_2635,cust2635@masked.com,+XXX-XXX-3635,22,197216,C,3019
102636,Customer_2636,cust2636@masked.com,+XXX-XXX-3636,31,178381,B,3100
102637,Customer_2637,cust2637@masked.com,+XXX-XXX-3637,53,183463,A,3136
102638,Customer_2638,cust2638@masked.com,+XXX-XXX-3638,38,111025,A,3067
102639,Customer_2639,cust2639@masked.com,+XXX-XXX-3639,41,113243,A,3034
102640,Customer_2640,cust2640@masked.com,+XXX-XXX-3640,51,108647,D,3064
102641,Customer_2641,cust2641@masked.com,+XXX-XXX-3641,46,102462,E,3007
102642,Customer_2642,cust2642@masked.com,+XXX-XXX-3642,50,186043,B,3044
102643,Customer_2643,cust2643@masked.com,+XXX-XXX-3643,59,104855,C,3086
102644,Customer_2644,cust2644@masked.com,+XXX-XXX-3644,41,143300,A,3075
102645,Customer_2645,cust2645@masked.com,+XXX-XXX-3645,69,145250,C,3075
102646,Customer_2646,cust2646@masked.com,+XXX-XXX-3646,36,92812,A,3046
102647,Customer_2647,cust2647@masked.com,+XXX-XXX-3647,27,74851,C,3014
102648,Customer_2648,cust2648@masked.com,+XXX-XXX-3648,42,69698,E,3104
102649,Customer_2649,cust2649@masked.com,+XXX-XXX-3649,27,41345,A,3146
102650,Customer_2650,cust2650@masked.com,+XXX-XXX-3650,22,190424,D,3025
102651,Customer_2651,cust2651@masked.com,+XXX-XXX-3651,57,77797,A,3051
102652,Customer_2652,cust2652@masked.com,+XXX-XXX-3652,34,71843,B,3092
102653,Customer_2653,cust2653@masked.com,+XXX-XXX-3653,28,29949,A,3149
102654,Customer_2654,cust2654@masked.com,+XXX-XXX-3654,49,57542,B,3020
102655,Customer_2655,cust2655@masked.com,+XXX-XXX-3655,64,183899,A,3050
102656,Customer_2656,cust2656@masked.com,+XXX-XXX-3656,27,111529,B,3037
102657,Customer_2657,cust2657@masked.com,+XXX-XXX-3657,58,145040,B,3019
102658,Customer_2658,cust2658@masked.com,+XXX-XXX-3658,65,150268,B,3131
102659,Customer_2659,cust2659@masked.com,+XXX-XXX-3659,42,103258,C,3054
102660,Customer_2660,cust2660@masked.com,+XXX-XXX-3660,64,110578,D,3091
102661,Customer_2661,cust2661@masked.com,+XXX-XXX-3661,37,158073,B,3027
102662,Customer_2662,cust2662@masked.com,+XXX-XXX-3662,36,27948,A,3003
102663,Customer_2663,cust2663@masked.com,+XXX-XXX-3663,53,117410,B,3149
102664,Customer_2664,cust2664@masked.com,+XXX-XXX-3664,59,104391,D,3075
102665,Customer_2665,cust2665@masked.com,+XXX-XXX-3665,55,176367,C,3066
102666,Customer_2666,cust2666@masked.com,+XXX-XXX-3666,58,176883,B,3085
102667,Customer_2667,cust2667@masked.com,+XXX-XXX-3667,52,61522,A,3090
102668,Customer_2668,cust2668@masked.com,+XXX-XXX-3668,23,193014,B,3104
102669,Customer_2669,cust2669@masked.com,+XXX-XXX-3669,23,80310,B,3000
102670,Customer_2670,cust2670@masked.com,+XXX-XXX-3670,28,180297,E,3071
102671,Customer_2671,cust2671@masked.com,+XXX-XXX-3671,66,131350,D,3086
102672,Customer_2672,cust2672@masked.com,+XXX-XXX-3672,51,126405,A,3005
102673,Customer_2673,cust2673@masked.com,+XXX-XXX-3673,29,70882,C,3144
102674,Customer_2674,cust2674@masked.com,+XXX-XXX-3674,25,171795,B,3060
102675,Customer_2675,cust2675@masked.com,+XXX-XXX-3675,48,93415,B,3011
102676,Customer_2676,cust2676@masked.com,+XXX-XXX-3676,35,95085,D,3005
102677,Customer_2677,cust2677@masked.com,+XXX-XXX-3677,69,139913,C,3026
102678,Customer_2678,cust2678@masked.com,+XXX-XXX-3678,47,150985,B,3135
102679,Customer_2679,cust2679@masked.com,+XXX-XXX-3679,62,185802,A,3123
102680,Customer_2680,cust2680@masked.com,+XXX-XXX-3680,51,35136,D,3105
102681,Customer_2681,cust2681@masked.com,+XXX-XXX-3681,60,125550,C,3092
102682,Customer_2682,cust2682@masked.com,+XXX-XXX-3682,38,62148,B,3108
102683,Customer_2683,cust2683@masked.com,+XXX-XXX-3683,58,91501,A,3098
102684,Customer_2684,cust2684@masked.com,+XXX-XXX-3684,69,131672,B,3141
102685,Customer_2685,cust2685@masked.com,+XXX-XXX-3685,24,63967,E,3034
102686,Customer_2686,cust2686@masked.com,+XXX-XXX-3686,41,189147,C,3083
102687,Customer_2687,cust2687@masked.com,+XXX-XXX-3687,67,39507,B,3055
102688,Customer_2688,cust2688@masked.com,+XXX-XXX-3688,62,121447,C,3140
102689,Customer_2689,cust2689@masked.com,+XXX-XXX-3689,43,121104,D,3048
102690,Customer_2690,cust2690@masked.com,+XXX-XXX-3690,65,183153,B,3045
102691,Customer_2691,cust2691@masked.com,+XXX-XXX-3691,42,136890,A,3112
102692,Customer_2692,cust2692@masked.com,+XXX-XXX-3692,21,108122,C,3135
102693,Customer_2693,cust2693@masked.com,+XXX-XXX-3693,45,153414,C,3042
102694,Customer_2694,cust2694@masked.com,+XXX-XXX-3694,61,146273,C,3147
102695,Customer_2695,cust2695@masked.com,+XXX-XXX-3695,48,64360,D,3123
102696,Customer_2696,cust2696@masked.com,+XXX-XXX-3696,57,30167,B,3096
102697,Customer_2697,cust2697@masked.com,+XXX-XXX-3697,31,82853,A,3089
102698,Customer_2698,cust2698@masked.com,+XXX-XXX-3698,42,68303,E,3038
102699,Customer_2699,cust2699@masked.com,+XXX-XXX-3699,45,132988,B,3084
102700,Customer_2700,cust2700@masked.com,+XXX-XXX-3700,41,86991,C,3061
102701,Customer_2701,cust2701@masked.com,+XXX-XXX-3701,56,177365,C,3105
102702,Customer_2702,cust2702@masked.com,+XXX-XXX-3702,40,153611,C,3106
102703,Customer_2703,cust2703@masked.com,+XXX-XXX-3703,36,121922,A,3053
102704,Customer_2704,cust2704@masked.com,+XXX-XXX-3704,48,110986,D,3125
102705,Customer_2705,cust2705@masked.com,+XXX-XXX-3705,49,146550,D,3008
102706,Customer_2706,cust2706@masked.com,+XXX-XXX-3706,46,169661,C,3087
102707,Customer_2707,cust2707@masked.com,+XXX-XXX-3707,60,163791,B,3036
102708,Customer_2708,cust2708@masked.com,+XXX-XXX-3708,22,23591,A,3048
102709,Customer_2709,cust2709@masked.com,+XXX-XXX-3709,69,172170,A,3040
102710,Customer_2710,cust2710@masked.com,+XXX-XXX-3710,30,90250,B,3016
102711,Customer_2711,cust2711@masked.com,+XXX-XXX-3711,33,147410,B,3087
102712,Customer_2712,cust2712@masked.com,+XXX-XXX-3712,35,112955,E,3020
102713,Customer_2713,cust2713@masked.com,+XXX-XXX-3713,29,180675,D,3050
102714,Customer_2714,cust2714@masked.com,+XXX-XXX-3714,47,24667,C,3058
102715,Customer_2715,cust2715@masked.com,+XXX-XXX-3715,28,93993,C,3040
102716,Customer_2716,cust2716@masked.com,+XXX-XXX-3716,26,93829,A,3038
102717,Customer_2717,cust2717@masked.com,+XXX-XXX-3717,56,199172,E,3140
102718,Customer_2718,cust2718@masked.com,+XXX-XXX-3718,44,44238,B,3010
102719,Customer_2719,cust2719@masked.com,+XXX-XXX-3719,23,145636,A,3146
102720,Customer_2720,cust2720@masked.com,+XXX-XXX-3720,46,177182,B,3138
102721,Customer_2721,cust2721@masked.com,+XXX-XXX-3721,56,120573,D,3076
102722,Customer_2722,cust2722@masked.com,+XXX-XXX-3722,41,145842,D,3126
102723,Customer_2723,cust2723@masked.com,+XXX-XXX-3723,33,104403,A,3045
102724,Customer_2724,cust2724@masked.com,+XXX-XXX-3724,31,31184,D,3044
102725,Customer_2725,cust2725@masked.com,+XXX-XXX-3725,28,106349,B,3000
102726,Customer_2726,cust2726@masked.com,+XXX-XXX-3726,66,45482,A,3107
102727,Customer_2727,cust2727@masked.com,+XXX-XXX-3727,66,193636,D,3018
102728,Customer_2728,cust2728@masked.com,+XXX-XXX-3728,68,35660,D,3075
102729,Customer_2729,cust2729@masked.com,+XXX-XXX-3729,34,44479,C,3071
102730,Customer_2730,cust2730@masked.com,+XXX-XXX-3730,53,57230,C,3108
102731,Customer_2731,cust2731@masked.com,+XXX-XXX-3731,22,23340,D,3011
102732,Customer_2732,cust2732@masked.com,+XXX-XXX-3732,21,125251,D,3044
102733,Customer_2733,cust2733@masked.com,+XXX-XXX-3733,31,51829,D,3089
102734,Customer_2734,cust2734@masked.com,+XXX-XXX-3734,26,158111,C,3102
102735,Customer_2735,cust2735@masked.com,+XXX-XXX-3735,52,158227,E,3007
102736,Customer_2736,cust2736@masked.com,+XXX-XXX-3736,35,145045,E,3090
102737,Customer_2737,cust2737@masked.com,+XXX-XXX-3737,32,146086,A,3086
102738,Customer_2738,cust2738@masked.com,+XXX-XXX-3738,57,190510,D,3083
102739,Customer_2739,cust2739@masked.com,+XXX-XXX-3739,49,123213,B,3081
102740,Customer_2740,cust2740@masked.com,+XXX-XXX-3740,64,93933,B,3145
102741,Customer_2741,cust2741@masked.com,+XXX-XXX-3741,42,134753,C,3067
102742,Customer_2742,cust2742@masked.com,+XXX-XXX-3742,66,163309,A,3126
102743,Customer_2743,cust2743@masked.com,+XXX-XXX-3743,34,120355,C,3081
102744,Customer_2744,cust2744@masked.com,+XXX-XXX-3744,39,151074,D,3146
102745,Customer_2745,cust2745@masked.com,+XXX-XXX-3745,25,142114,A,3083
102746,Customer_2746,cust2746@masked.com,+XXX-XXX-3746,55,197866,B,3112
102747,Customer_2747,cust2747@masked.com,+XXX-XXX-3747,45,85860,E,3075
102748,Customer_2748,cust2748@masked.com,+XXX-XXX-3748,58,189974,B,3121
102749,Customer_2749,cust2749@masked.com,+XXX-XXX-3749,29,41275,B,3142
102750,Customer_2750,cust2750@masked.com,+XXX-XXX-3750,27,71734,B,3040
102751,Customer_2751,cust2751@masked.com,+XXX-XXX-3751,38,83261,C,3001
102752,Customer_2752,cust2752@masked.com,+XXX-XXX-3752,22,183133,C,3028
102753,Customer_2753,cust2753@masked.com,+XXX-XXX-3753,30,145526,D,3104
102754,Customer_2754,cust2754@masked.com,+XXX-XXX-3754,64,186962,B,3050
102755,Customer_2755,cust2755@masked.com,+XXX-XXX-3755,22,109896,D,3074
102756,Customer_2756,cust2756@masked.com,+XXX-XXX-3756,65,39498,C,3009
102757,Customer_2757,cust2757@masked.com,+XXX-XXX-3757,28,97003,B,3141
102758,Customer_2758,cust2758@masked.com,+XXX-XXX-3758,27,164441,C,3050
102759,Customer_2759,cust2759@masked.com,+XXX-XXX-3759,55,196186,C,3117
102760,Customer_2760,cust2760@masked.com,+XXX-XXX-3760,43,80071,C,3120
102761,Customer_2761,cust2761@masked.com,+XXX-XXX-3761,28,33997,A,3038
102762,Customer_2762,cust2762@masked.com,+XXX-XXX-3762,41,63518,A,3027
102763,Customer_2763,cust2763@masked.com,+XXX-XXX-3763,53,129885,B,3002
102764,Customer_2764,cust2764@masked.com,+XXX-XXX-3764,67,150480,B,3083
102765,Customer_2765,cust2765@masked.com,+XXX-XXX-3765,21,44686,C,3116
102766,Customer_2766,cust2766@masked.com,+XXX-XXX-3766,32,105736,A,3001
102767,Customer_2767,cust2767@masked.com,+XXX-XXX-3767,31,95691,D,3092
102768,Customer_2768,cust2768@masked.com,+XXX-XXX-3768,68,33074,B,3130
102769,Customer_2769,cust2769@masked.com,+XXX-XXX-3769,50,38091,B,3143
102770,Customer_2770,cust2770@masked.com,+XXX-XXX-3770,24,26715,C,3093
102771,Customer_2771,cust2771@masked.com,+XXX-XXX-3771,54,58821,A,3039
102772,Customer_2772,cust2772@masked.com,+XXX-XXX-3772,43,40199,D,3001
102773,Customer_2773,cust2773@masked.com,+XXX-XXX-3773,52,154111,A,3080
102774,Customer_2774,cust2774@masked.com,+XXX-XXX-3774,23,25861,B,3011
102775,Customer_2775,cust2775@masked.com,+XXX-XXX-3775,48,72008,D,3064
102776,Customer_2776,cust2776@masked.com,+XXX-XXX-3776,24,77668,C,3054
102777,Customer_2777,cust2777@masked.com,+XXX-XXX-3777,32,190176,B,3044
102778,Customer_2778,cust2778@masked.com,+XXX-XXX-3778,44,187202,B,3100
102779,Customer_2779,cust2779@masked.com,+XXX-XXX-3779,53,142494,C,3061
102780,Customer_2780,cust2780@masked.com,+XXX-XXX-3780,23,187330,E,3048
102781,Customer_2781,cust2781@masked.com,+XXX-XXX-3781,24,50691,D,3126
102782,Customer_2782,cust2782@masked.com,+XXX-XXX-3782,50,43815,B,3022
102783,Customer_2783,cust2783@masked.com,+XXX-XXX-3783,26,111674,E,3037
102784,Customer_2784,cust2784@masked.com,+XXX-XXX-3784,69,103464,A,3027
102785,Customer_2785,cust2785@masked.com,+XXX-XXX-3785,50,107771,A,3020
102786,Customer_2786,cust2786@masked.com,+XXX-XXX-3786,28,176173,D,3106
102787,Customer_2787,cust2787@masked.com,+XXX-XXX-3787,38,106553,A,3145
102788,Customer_2788,cust2788@masked.com,+XXX-XXX-3788,36,147602,A,3098
102789,Customer_2789,cust2789@masked.com,+XXX-XXX-3789,26,176488,B,3118
102790,Customer_2790,cust2790@masked.com,+XXX-XXX-3790,44,104185,B,3072
102791,Customer_2791,cust2791@masked.com,+XXX-XXX-3791,48,131184,C,3121
102792,Customer_2792,cust2792@masked.com,+XXX-XXX-3792,52,61026,C,3029
102793,Customer_2793,cust2793@masked.com,+XXX-XXX-3793,45,176408,B,3107
102794,Customer_2794,cust2794@masked.com,+XXX-XXX-3794,48,140975,C,3097
102795,Customer_2795,cust2795@masked.com,+XXX-XXX-3795,41,25260,E,3031
102796,Customer_2796,cust2796@masked.com,+XXX-XXX-3796,28,164729,D,3078
102797,Customer_2797,cust2797@masked.com,+XXX-XXX-3797,56,143344,B,3040
102798,Customer_2798,cust2798@masked.com,+XXX-XXX-3798,29,122495,E,3062
102799,Customer_2799,cust2799@masked.com,+XXX-XXX-3799,60,180151,C,3022
102800,Customer_2800,cust2800@masked.com,+XXX-XXX-3800,41,172355,A,3103
102801,Customer_2801,cust2801@masked.com,+XXX-XXX-3801,21,21467,A,3074
102802,Customer_2802,cust2802@masked.com,+XXX-XXX-3802,24,157173,A,3047
102803,Customer_2803,cust2803@masked.com,+XXX-XXX-3803,30,153832,C,3056
102804,Customer_2804,cust2804@masked.com,+XXX-XXX-3804,46,124725,A,3117
102805,Customer_2805,cust2805@masked.com,+XXX-XXX-3805,60,163720,C,3099
102806,Customer_2806,cust2806@masked.com,+XXX-XXX-3806,23,54161,A,3123
102807,Customer_2807,cust2807@masked.com,+XXX-XXX-3807,64,130803,E,3033
102808,Customer_2808,cust2808@masked.com,+XXX-XXX-3808,29,107298,B,3006
102809,Customer_2809,cust2809@masked.com,+XXX-XXX-3809,52,38083,D,3055
102810,Customer_2810,cust2810@masked.com,+XXX-XXX-3810,23,168576,E,3064
102811,Customer_2811,cust2811@masked.com,+XXX-XXX-3811,24,189169,A,3046
102812,Customer_2812,cust2812@masked.com,+XXX-XXX-3812,26,70723,B,3147
102813,Customer_2813,cust2813@masked.com,+XXX-XXX-3813,29,199811,A,3018
102814,Customer_2814,cust2814@masked.com,+XXX-XXX-3814,46,132660,D,3145
102815,Customer_2815,cust2815@masked.com,+XXX-XXX-3815,22,162768,C,3125
102816,Customer_2816,cust2816@masked.com,+XXX-XXX-3816,22,125071,A,3138
102817,Customer_2817,cust2817@masked.com,+XXX-XXX-3817,41,107258,A,3048
102818,Customer_2818,cust2818@masked.com,+XXX-XXX-3818,42,115735,B,3112
102819,Customer_2819,cust2819@masked.com,+XXX-XXX-3819,23,82071,E,3037
102820,Customer_2820,cust2820@masked.com,+XXX-XXX-3820,55,114968,C,3063
102821,Customer_2821,cust2821@masked.com,+XXX-XXX-3821,58,74094,D,3068
102822,Customer_2822,cust2822@masked.com,+XXX-XXX-3822,53,62415,B,3135
102823,Customer_2823,cust2823@masked.com,+XXX-XXX-3823,35,108251,A,3115
102824,Customer_2824,cust2824@masked.com,+XXX-XXX-3824,31,47124,E,3064
102825,Customer_2825,cust2825@masked.com,+XXX-XXX-3825,30,43403,A,3030
102826,Customer_2826,cust2826@masked.com,+XXX-XXX-3826,56,22422,E,3131
102827,Customer_2827,cust2827@masked.com,+XXX-XXX-3827,34,149457,B,3112
102828,Customer_2828,cust2828@masked.com,+XXX-XXX-3828,22,125894,A,3108
102829,Customer_2829,cust2829@masked.com,+XXX-XXX-3829,65,164527,C,3068
102830,Customer_2830,cust2830@masked.com,+XXX-XXX-3830,68,179259,E,3119
102831,Customer_2831,cust2831@masked.com,+XXX-XXX-3831,64,198181,E,3087
102832,Customer_2832,cust2832@masked.com,+XXX-XXX-3832,57,95068,A,3066
102833,Customer_2833,cust2833@masked.com,+XXX-XXX-3833,49,164613,A,3074
102834,Customer_2834,cust2834@masked.com,+XXX-XXX-3834,55,166553,C,3044
102835,Customer_2835,cust2835@masked.com,+XXX-XXX-3835,40,62478,C,3003
102836,Customer_2836,cust2836@masked.com,+XXX-XXX-3836,41,58593,C,3106
102837,Customer_2837,cust2837@masked.com,+XXX-XXX-3837,54,92296,A,3050
102838,Customer_2838,cust2838@masked.com,+XXX-XXX-3838,69,193991,E,3049
102839,Customer_2839,cust2839@masked.com,+XXX-XXX-3839,63,61670,C,3005
102840,Customer_2840,cust2840@masked.com,+XXX-XXX-3840,53,40954,D,3058
102841,Customer_2841,cust2841@masked.com,+XXX-XXX-3841,39,53341,C,3124
102842,Customer_2842,cust2842@masked.com,+XXX-XXX-3842,28,47419,B,3142
102843,Customer_2843,cust2843@masked.com,+XXX-XXX-3843,51,69659,E,3029
102844,Customer_2844,cust2844@masked.com,+XXX-XXX-3844,31,153294,C,3121
102845,Customer_2845,cust2845@masked.com,+XXX-XXX-3845,28,76840,D,3124
102846,Customer_2846,cust2846@masked.com,+XXX-XXX-3846,45,177345,E,3036
102847,Customer_2847,cust2847@masked.com,+XXX-XXX-3847,69,86323,C,3123
102848,Customer_2848,cust2848@masked.com,+XXX-XXX-3848,40,113901,C,3100
102849,Customer_2849,cust2849@masked.com,+XXX-XXX-3849,58,122971,A,3034
102850,Customer_2850,cust2850@masked.com,+XXX-XXX-3850,27,136921,A,3086
102851,Customer_2851,cust2851@masked.com,+XXX-XXX-3851,33,45162,A,3133
102852,Customer_2852,cust2852@masked.com,+XXX-XXX-3852,59,96893,A,3017
102853,Customer_2853,cust2853@masked.com,+XXX-XXX-3853,63,65569,B,3112
102854,Customer_2854,cust2854@masked.com,+XXX-XXX-3854,30,137937,B,3028
102855,Customer_2855,cust2855@masked.com,+XXX-XXX-3855,28,47277,B,3076
102856,Customer_2856,cust2856@masked.com,+XXX-XXX-3856,62,124375,B,3058
102857,Customer_2857,cust2857@masked.com,+XXX-XXX-3857,63,105956,A,3125
102858,Customer_2858,cust2858@masked.com,+XXX-XXX-3858,40,77899,A,3144
102859,Customer_2859,cust2859@masked.com,+XXX-XXX-3859,37,32167,C,3108
102860,Customer_2860,cust2860@masked.com,+XXX-XXX-3860,31,65350,C,3021
102861,Customer_2861,cust2861@masked.com,+XXX-XXX-3861,36,166662,B,3067
102862,Customer_2862,cust2862@masked.com,+XXX-XXX-3862,57,47883,C,3068
102863,Customer_2863,cust2863@masked.com,+XXX-XXX-3863,62,195578,D,3048
102864,Customer_2864,cust2864@masked.com,+XXX-XXX-3864,52,34374,B,3140
102865,Customer_2865,cust2865@masked.com,+XXX-XXX-3865,46,44551,C,3108
102866,Customer_2866,cust2866@masked.com,+XXX-XXX-3866,57,114188,E,3085
102867,Customer_2867,cust2867@masked.com,+XXX-XXX-3867,29,140766,D,3052
102868,Customer_2868,cust2868@masked.com,+XXX-XXX-3868,55,168917,B,3122
102869,Customer_2869,cust2869@masked.com,+XXX-XXX-3869,23,107834,C,3086
102870,Customer_2870,cust2870@masked.com,+XXX-XXX-3870,51,26352,A,3130
102871,Customer_2871,cust2871@masked.com,+XXX-XXX-3871,62,120475,C,3041
102872,Customer_2872,cust2872@masked.com,+XXX-XXX-3872,27,131566,E,3097
102873,Customer_2873,cust2873@masked.com,+XXX-XXX-3873,22,77080,C,3108
102874,Customer_2874,cust2874@masked.com,+XXX-XXX-3874,45,28594,E,3050
102875,Customer_2875,cust2875@masked.com,+XXX-XXX-3875,60,28475,B,3084
102876,Customer_2876,cust2876@masked.com,+XXX-XXX-3876,32,149599,E,3126
102877,Customer_2877,cust2877@masked.com,+XXX-XXX-3877,50,108035,C,3020
102878,Customer_2878,cust2878@masked.com,+XXX-XXX-3878,50,115983,A,3043
102879,Customer_2879,cust2879@masked.com,+XXX-XXX-3879,49,188496,C,3138
102880,Customer_2880,cust2880@masked.com,+XXX-XXX-3880,61,95923,B,3102
102881,Customer_2881,cust2881@masked.com,+XXX-XXX-3881,31,22670,A,3067
102882,Customer_2882,cust2882@masked.com,+XXX-XXX-3882,43,79263,D,3128
102883,Customer_2883,cust2883@masked.com,+XXX-XXX-3883,37,55316,B,3091
102884,Customer_2884,cust2884@masked.com,+XXX-XXX-3884,33,38710,D,3023
102885,Customer_2885,cust2885@masked.com,+XXX-XXX-3885,53,190886,B,3124
102886,Customer_2886,cust2886@masked.com,+XXX-XXX-3886,21,120510,A,3140
102887,Customer_2887,cust2887@masked.com,+XXX-XXX-3887,60,25179,E,3110
102888,Customer_2888,cust2888@masked.com,+XXX-XXX-3888,33,45063,B,3097
102889,Customer_2889,cust2889@masked.com,+XXX-XXX-3889,58,78009,C,3138
102890,Customer_2890,cust2890@masked.com,+XXX-XXX-3890,23,91011,C,3016
102891,Customer_2891,cust2891@masked.com,+XXX-XXX-3891,36,160753,C,3098
102892,Customer_2892,cust2892@masked.com,+XXX-XXX-3892,62,92501,D,3081
102893,Customer_2893,cust2893@masked.com,+XXX-XXX-3893,27,53566,C,3103
102894,Customer_2894,cust2894@masked.com,+XXX-XXX-3894,23,137488,B,3018
102895,Customer_2895,cust2895@masked.com,+XXX-XXX-3895,34,178946,D,3084
102896,Customer_2896,cust2896@masked.com,+XXX-XXX-3896,36,187195,A,3007
102897,Customer_2897,cust2897@masked.com,+XXX-XXX-3897,24,105849,C,3027
102898,Customer_2898,cust2898@masked.com,+XXX-XXX-3898,51,196389,E,3004
102899,Customer_2899,cust2899@masked.com,+XXX-XXX-3899,33,81217,C,3144
102900,Customer_2900,cust2900@masked.com,+XXX-XXX-3900,47,44939,D,3100
102901,Customer_2901,cust2901@masked.com,+XXX-XXX-3901,21,198174,C,3117
102902,Customer_2902,cust2902@masked.com,+XXX-XXX-3902,45,99854,D,3146
102903,Customer_2903,cust2903@masked.com,+XXX-XXX-3903,57,191528,E,3063
102904,Customer_2904,cust2904@masked.com,+XXX-XXX-3904,64,161409,B,3090
102905,Customer_2905,cust2905@masked.com,+XXX-XXX-3905,31,162095,A,3116
102906,Customer_2906,cust2906@masked.com,+XXX-XXX-3906,29,98406,B,3097
102907,Customer_2907,cust2907@masked.com,+XXX-XXX-3907,27,123326,C,3010
102908,Customer_2908,cust2908@masked.com,+XXX-XXX-3908,34,125888,B,3053
102909,Customer_2909,cust2909@masked.com,+XXX-XXX-3909,50,80916,A,3046
102910,Customer_2910,cust2910@masked.com,+XXX-XXX-3910,44,198692,B,3139
102911,Customer_2911,cust2911@masked.com,+XXX-XXX-3911,23,34274,E,3148
102912,Customer_2912,cust2912@masked.com,+XXX-XXX-3912,68,105285,C,3138
102913,Customer_2913,cust2913@masked.com,+XXX-XXX-3913,59,44398,B,3004
102914,Customer_2914,cust2914@masked.com,+XXX-XXX-3914,47,101506,A,3019
102915,Customer_2915,cust2915@masked.com,+XXX-XXX-3915,21,50135,B,3045
102916,Customer_2916,cust2916@masked.com,+XXX-XXX-3916,58,132096,A,3011
102917,Customer_2917,cust2917@masked.com,+XXX-XXX-3917,46,147843,A,3069
102918,Customer_2918,cust2918@masked.com,+XXX-XXX-3918,26,31412,D,3016
102919,Customer_2919,cust2919@masked.com,+XXX-XXX-3919,62,166365,E,3114
102920,Customer_2920,cust2920@masked.com,+XXX-XXX-3920,32,164266,A,3146
102921,Customer_2921,cust2921@masked.com,+XXX-XXX-3921,58,133283,A,3047
102922,Customer_2922,cust2922@masked.com,+XXX-XXX-3922,66,111182,B,3107
102923,Customer_2923,cust2923@masked.com,+XXX-XXX-3923,55,114301,B,3051
102924,Customer_2924,cust2924@masked.com,+XXX-XXX-3924,30,57219,A,3095
102925,Customer_2925,cust2925@masked.com,+XXX-XXX-3925,29,55507,B,3069
102926,Customer_2926,cust2926@masked.com,+XXX-XXX-3926,43,76591,A,3101
102927,Customer_2927,cust2927@masked.com,+XXX-XXX-3927,50,107468,D,3074
102928,Customer_2928,cust2928@masked.com,+XXX-XXX-3928,42,190631,C,3142
102929,Customer_2929,cust2929@masked.com,+XXX-XXX-3929,67,109836,C,3081
102930,Customer_2930,cust2930@masked.com,+XXX-XXX-3930,29,108765,B,3091
102931,Customer_2931,cust2931@masked.com,+XXX-XXX-3931,39,157939,D,3003
102932,Customer_2932,cust2932@masked.com,+XXX-XXX-3932,28,94644,E,3134
102933,Customer_2933,cust2933@masked.com,+XXX-XXX-3933,24,23943,A,3108
102934,Customer_2934,cust2934@masked.com,+XXX-XXX-3934,25,166595,B,3047
102935,Customer_2935,cust2935@masked.com,+XXX-XXX-3935,39,121764,C,3072
102936,Customer_2936,cust2936@masked.com,+XXX-XXX-3936,66,87028,A,3071
102937,Customer_2937,cust2937@masked.com,+XXX-XXX-3937,38,187461,B,3115
102938,Customer_2938,cust2938@masked.com,+XXX-XXX-3938,49,159990,C,3080
102939,Customer_2939,cust2939@masked.com,+XXX-XXX-3939,39,197682,C,3080
102940,Customer_2940,cust2940@masked.com,+XXX-XXX-3940,26,196893,B,3112
102941,Customer_2941,cust2941@masked.com,+XXX-XXX-3941,25,46185,C,3095
102942,Customer_2942,cust2942@masked.com,+XXX-XXX-3942,63,41402,E,3071
102943,Customer_2943,cust2943@masked.com,+XXX-XXX-3943,25,114860,A,3146
102944,Customer_2944,cust2944@masked.com,+XXX-XXX-3944,28,180648,C,3062
102945,Customer_2945,cust2945@masked.com,+XXX-XXX-3945,47,43134,A,3037
102946,Customer_2946,cust2946@masked.com,+XXX-XXX-3946,57,50505,A,3066
102947,Customer_2947,cust2947@masked.com,+XXX-XXX-3947,63,135250,C,3068
102948,Customer_2948,cust2948@masked.com,+XXX-XXX-3948,65,21268,A,3012
102949,Customer_2949,cust2949@masked.com,+XXX-XXX-3949,58,91097,A,3030
102950,Customer_2950,cust2950@masked.com,+XXX-XXX-3950,57,75197,A,3113
102951,Customer_2951,cust2951@masked.com,+XXX-XXX-3951,38,162343,C,3021
102952,Customer_2952,cust2952@masked.com,+XXX-XXX-3952,46,122958,C,3092
102953,Customer_2953,cust2953@masked.com,+XXX-XXX-3953,62,137859,A,3066
102954,Customer_2954,cust2954@masked.com,+XXX-XXX-3954,36,27512,C,3053
102955,Customer_2955,cust2955@masked.com,+XXX-XXX-3955,42,83968,A,3137
102956,Customer_2956,cust2956@masked.com,+XXX-XXX-3956,66,141534,C,3041
102957,Customer_2957,cust2957@masked.com,+XXX-XXX-3957,43,80757,B,3063
102958,Customer_2958,cust2958@masked.com,+XXX-XXX-3958,67,172494,C,3125
102959,Customer_2959,cust2959@masked.com,+XXX-XXX-3959,23,127753,E,3020
102960,Customer_2960,cust2960@masked.com,+XXX-XXX-3960,23,150282,E,3034
102961,Customer_2961,cust2961@masked.com,+XXX-XXX-3961,32,116381,A,3029
102962,Customer_2962,cust2962@masked.com,+XXX-XXX-3962,43,163836,D,3056
102963,Customer_2963,cust2963@masked.com,+XXX-XXX-3963,67,172236,A,3046
102964,Customer_2964,cust2964@masked.com,+XXX-XXX-3964,31,128915,E,3018
102965,Customer_2965,cust2965@masked.com,+XXX-XXX-3965,62,86679,B,3113
102966,Customer_2966,cust2966@masked.com,+XXX-XXX-3966,67,180285,B,3007
102967,Customer_2967,cust2967@masked.com,+XXX-XXX-3967,66,92239,A,3025
102968,Customer_2968,cust2968@masked.com,+XXX-XXX-3968,49,114386,A,3112
102969,Customer_2969,cust2969@masked.com,+XXX-XXX-3969,26,161878,C,3070
102970,Customer_2970,cust2970@masked.com,+XXX-XXX-3970,66,158166,E,3029
102971,Customer_2971,cust2971@masked.com,+XXX-XXX-3971,36,36158,C,3134
102972,Customer_2972,cust2972@masked.com,+XXX-XXX-3972,54,134523,C,3066
102973,Customer_2973,cust2973@masked.com,+XXX-XXX-3973,57,47209,D,3064
102974,Customer_2974,cust2974@masked.com,+XXX-XXX-3974,31,33763,B,3035
102975,Customer_2975,cust2975@masked.com,+XXX-XXX-3975,31,187328,A,3024
102976,Customer_2976,cust2976@masked.com,+XXX-XXX-3976,45,62105,A,3036
102977,Customer_2977,cust2977@masked.com,+XXX-XXX-3977,39,120408,B,3000
102978,Customer_2978,cust2978@masked.com,+XXX-XXX-3978,52,105776,B,3142
102979,Customer_2979,cust2979@masked.com,+XXX-XXX-3979,28,123423,A,3036
102980,Customer_2980,cust2980@masked.com,+XXX-XXX-3980,32,164582,A,3140
102981,Customer_2981,cust2981@masked.com,+XXX-XXX-3981,61,138747,A,3135
102982,Customer_2982,cust2982@masked.com,+XXX-XXX-3982,55,87344,D,3132
102983,Customer_2983,cust2983@masked.com,+XXX-XXX-3983,26,172936,A,3127
102984,Customer_2984,cust2984@masked.com,+XXX-XXX-3984,41,85945,C,3126
102985,Customer_2985,cust2985@masked.com,+XXX-XXX-3985,46,151717,C,3000
102986,Customer_2986,cust2986@masked.com,+XXX-XXX-3986,21,81264,C,3034
102987,Customer_2987,cust2987@masked.com,+XXX-XXX-3987,37,103471,A,3103
102988,Customer_2988,cust2988@masked.com,+XXX-XXX-3988,55,164998,B,3022
102989,Customer_2989,cust2989@masked.com,+XXX-XXX-3989,47,140050,A,3008
102990,Customer_2990,cust2990@masked.com,+XXX-XXX-3990,22,152185,B,3033
102991,Customer_2991,cust2991@masked.com,+XXX-XXX-3991,56,69213,A,3127
102992,Customer_2992,cust2992@masked.com,+XXX-XXX-3992,21,176883,C,3003
102993,Customer_2993,cust2993@masked.com,+XXX-XXX-3993,30,155664,C,3101
102994,Customer_2994,cust2994@masked.com,+XXX-XXX-3994,51,132695,C,3074
102995,Customer_2995,cust2995@masked.com,+XXX-XXX-3995,57,44552,B,3098
102996,Customer_2996,cust2996@masked.com,+XXX-XXX-3996,25,81898,B,3071
102997,Customer_2997,cust2997@masked.com,+XXX-XXX-3997,61,72118,D,3002
102998,Customer_2998,cust2998@masked.com,+XXX-XXX-3998,66,39744,A,3141
102999,Customer_2999,cust2999@masked.com,+XXX-XXX-3999,33,42046,C,3033
103000,Customer_3000,cust3000@masked.com,+XXX-XXX-4000,65,101365,D,3044
103001,Customer_3001,cust3001@masked.com,+XXX-XXX-4001,44,127908,B,3060
103002,Customer_3002,cust3002@masked.com,+XXX-XXX-4002,47,84932,B,3082
103003,Customer_3003,cust3003@masked.com,+XXX-XXX-4003,21,146464,B,3122
103004,Customer_3004,cust3004@masked.com,+XXX-XXX-4004,69,128229,A,3101
103005,Customer_3005,cust3005@masked.com,+XXX-XXX-4005,40,43084,A,3015
103006,Customer_3006,cust3006@masked.com,+XXX-XXX-4006,28,56398,A,3065
103007,Customer_3007,cust3007@masked.com,+XXX-XXX-4007,23,117219,A,3144
103008,Customer_3008,cust3008@masked.com,+XXX-XXX-4008,69,183549,C,3118
103009,Customer_3009,cust3009@masked.com,+XXX-XXX-4009,52,156272,D,3123
103010,Customer_3010,cust3010@masked.com,+XXX-XXX-4010,64,128987,B,3143
103011,Customer_3011,cust3011@masked.com,+XXX-XXX-4011,45,22039,E,3101
103012,Customer_3012,cust3012@masked.com,+XXX-XXX-4012,45,109374,E,3065
103013,Customer_3013,cust3013@masked.com,+XXX-XXX-4013,34,119611,E,3012
103014,Customer_3014,cust3014@masked.com,+XXX-XXX-4014,63,157706,D,3110
103015,Customer_3015,cust3015@masked.com,+XXX-XXX-4015,47,84899,B,3033
103016,Customer_3016,cust3016@masked.com,+XXX-XXX-4016,68,21724,A,3038
103017,Customer_3017,cust3017@masked.com,+XXX-XXX-4017,52,107590,C,3135
103018,Customer_3018,cust3018@masked.com,+XXX-XXX-4018,47,153527,C,3119
103019,Customer_3019,cust3019@masked.com,+XXX-XXX-4019,24,132966,D,3125
103020,Customer_3020,cust3020@masked.com,+XXX-XXX-4020,59,92628,E,3054
103021,Customer_3021,cust3021@masked.com,+XXX-XXX-4021,31,177684,C,3026
103022,Customer_3022,cust3022@masked.com,+XXX-XXX-4022,68,60456,B,3117
103023,Customer_3023,cust3023@masked.com,+XXX-XXX-4023,68,62773,A,3052
103024,Customer_3024,cust3024@masked.com,+XXX-XXX-4024,23,154133,A,3038
103025,Customer_3025,cust3025@masked.com,+XXX-XXX-4025,45,183073,C,3064
103026,Customer_3026,cust3026@masked.com,+XXX-XXX-4026,44,30586,C,3144
103027,Customer_3027,cust3027@masked.com,+XXX-XXX-4027,29,114479,D,3012
103028,Customer_3028,cust3028@masked.com,+XXX-XXX-4028,28,95012,C,3020
103029,Customer_3029,cust3029@masked.com,+XXX-XXX-4029,59,110507,D,3146
103030,Customer_3030,cust3030@masked.com,+XXX-XXX-4030,51,154835,C,3052
103031,Customer_3031,cust3031@masked.com,+XXX-XXX-4031,37,65209,D,3018
103032,Customer_3032,cust3032@masked.com,+XXX-XXX-4032,63,175150,A,3056
103033,Customer_3033,cust3033@masked.com,+XXX-XXX-4033,51,78434,D,3024
103034,Customer_3034,cust3034@masked.com,+XXX-XXX-4034,24,55656,C,3030
103035,Customer_3035,cust3035@masked.com,+XXX-XXX-4035,24,155078,A,3080
103036,Customer_3036,cust3036@masked.com,+XXX-XXX-4036,57,37470,A,3022
103037,Customer_3037,cust3037@masked.com,+XXX-XXX-4037,28,92035,E,3031
103038,Customer_3038,cust3038@masked.com,+XXX-XXX-4038,62,119608,A,3073
103039,Customer_3039,cust3039@masked.com,+XXX-XXX-4039,69,96840,B,3009
103040,Customer_3040,cust3040@masked.com,+XXX-XXX-4040,26,115771,B,3053
103041,Customer_3041,cust3041@masked.com,+XXX-XXX-4041,29,173966,C,3051
103042,Customer_3042,cust3042@masked.com,+XXX-XXX-4042,62,168470,D,3147
103043,Customer_3043,cust3043@masked.com,+XXX-XXX-4043,28,65332,B,3113
103044,Customer_3044,cust3044@masked.com,+XXX-XXX-4044,52,140536,B,3013
103045,Customer_3045,cust3045@masked.com,+XXX-XXX-4045,35,97533,E,3109
103046,Customer_3046,cust3046@masked.com,+XXX-XXX-4046,38,181852,D,3052
103047,Customer_3047,cust3047@masked.com,+XXX-XXX-4047,43,193158,D,3078
103048,Customer_3048,cust3048@masked.com,+XXX-XXX-4048,25,177578,B,3021
103049,Customer_3049,cust3049@masked.com,+XXX-XXX-4049,47,150194,B,3029
103050,Customer_3050,cust3050@masked.com,+XXX-XXX-4050,53,128618,B,3003
103051,Customer_3051,cust3051@masked.com,+XXX-XXX-4051,22,123424,C,3058
103052,Customer_3052,cust3052@masked.com,+XXX-XXX-4052,62,115596,A,3007
103053,Customer_3053,cust3053@masked.com,+XXX-XXX-4053,58,71020,B,3011
103054,Customer_3054,cust3054@masked.com,+XXX-XXX-4054,48,165057,A,3118
103055,Customer_3055,cust3055@masked.com,+XXX-XXX-4055,44,122416,B,3033
103056,Customer_3056,cust3056@masked.com,+XXX-XXX-4056,41,142610,D,3081
103057,Customer_3057,cust3057@masked.com,+XXX-XXX-4057,51,152534,A,3097
103058,Customer_3058,cust3058@masked.com,+XXX-XXX-4058,31,44082,C,3126
103059,Customer_3059,cust3059@masked.com,+XXX-XXX-4059,48,152937,E,3074
103060,Customer_3060,cust3060@masked.com,+XXX-XXX-4060,68,56777,B,3104
103061,Customer_3061,cust3061@masked.com,+XXX-XXX-4061,60,162394,C,3048
103062,Customer_3062,cust3062@masked.com,+XXX-XXX-4062,24,178834,E,3078
103063,Customer_3063,cust3063@masked.com,+XXX-XXX-4063,63,34538,E,3092
103064,Customer_3064,cust3064@masked.com,+XXX-XXX-4064,62,77125,B,3017
103065,Customer_3065,cust3065@masked.com,+XXX-XXX-4065,36,110583,A,3095
103066,Customer_3066,cust3066@masked.com,+XXX-XXX-4066,32,154249,A,3037
103067,Customer_3067,cust3067@masked.com,+XXX-XXX-4067,42,47502,C,3086
103068,Customer_3068,cust3068@masked.com,+XXX-XXX-4068,55,149988,C,3087
103069,Customer_3069,cust3069@masked.com,+XXX-XXX-4069,63,39249,C,3049
103070,Customer_3070,cust3070@masked.com,+XXX-XXX-4070,36,23197,B,3007
103071,Customer_3071,cust3071@masked.com,+XXX-XXX-4071,44,55229,A,3133
103072,Customer_3072,cust3072@masked.com,+XXX-XXX-4072,55,44166,C,3068
103073,Customer_3073,cust3073@masked.com,+XXX-XXX-4073,48,159764,B,3120
103074,Customer_3074,cust3074@masked.com,+XXX-XXX-4074,62,126298,C,3063
103075,Customer_3075,cust3075@masked.com,+XXX-XXX-4075,49,21775,B,3138
103076,Customer_3076,cust3076@masked.com,+XXX-XXX-4076,41,52656,B,3120
103077,Customer_3077,cust3077@masked.com,+XXX-XXX-4077,68,20606,B,3064
103078,Customer_3078,cust3078@masked.com,+XXX-XXX-4078,45,77281,A,3106
103079,Customer_3079,cust3079@masked.com,+XXX-XXX-4079,59,27375,B,3146
103080,Customer_3080,cust3080@masked.com,+XXX-XXX-4080,51,150708,A,3136
103081,Customer_3081,cust3081@masked.com,+XXX-XXX-4081,35,147325,B,3099
103082,Customer_3082,cust3082@masked.com,+XXX-XXX-4082,67,20819,A,3081
103083,Customer_3083,cust3083@masked.com,+XXX-XXX-4083,62,96992,A,3142
103084,Customer_3084,cust3084@masked.com,+XXX-XXX-4084,55,182445,C,3050
103085,Customer_3085,cust3085@masked.com,+XXX-XXX-4085,58,151855,B,3140
103086,Customer_3086,cust3086@masked.com,+XXX-XXX-4086,42,27560,C,3082
103087,Customer_3087,cust3087@masked.com,+XXX-XXX-4087,25,49168,C,3111
103088,Customer_3088,cust3088@masked.com,+XXX-XXX-4088,68,175336,C,3055
103089,Customer_3089,cust3089@masked.com,+XXX-XXX-4089,33,146625,E,3144
103090,Customer_3090,cust3090@masked.com,+XXX-XXX-4090,52,119436,A,3059
103091,Customer_3091,cust3091@masked.com,+XXX-XXX-4091,23,98598,C,3119
103092,Customer_3092,cust3092@masked.com,+XXX-XXX-4092,35,197873,E,3137
103093,Customer_3093,cust3093@masked.com,+XXX-XXX-4093,47,95924,D,3022
103094,Customer_3094,cust3094@masked.com,+XXX-XXX-4094,47,198431,A,3148
103095,Customer_3095,cust3095@masked.com,+XXX-XXX-4095,50,179108,B,3012
103096,Customer_3096,cust3096@masked.com,+XXX-XXX-4096,26,25318,A,3100
103097,Customer_3097,cust3097@masked.com,+XXX-XXX-4097,45,74714,C,3023
103098,Customer_3098,cust3098@masked.com,+XXX-XXX-4098,48,50544,C,3107
103099,Customer_3099,cust3099@masked.com,+XXX-XXX-4099,42,40823,B,3010
103100,Customer_3100,cust3100@masked.com,+XXX-XXX-4100,24,124555,C,3016
103101,Customer_3101,cust3101@masked.com,+XXX-XXX-4101,35,36978,C,3024
103102,Customer_3102,cust3102@masked.com,+XXX-XXX-4102,46,179532,B,3093
103103,Customer_3103,cust3103@masked.com,+XXX-XXX-4103,38,195183,D,3020
103104,Customer_3104,cust3104@masked.com,+XXX-XXX-4104,29,154396,D,3083
103105,Customer_3105,cust3105@masked.com,+XXX-XXX-4105,24,142418,A,3139
103106,Customer_3106,cust3106@masked.com,+XXX-XXX-4106,68,154006,C,3036
103107,Customer_3107,cust3107@masked.com,+XXX-XXX-4107,25,25033,B,3041
103108,Customer_3108,cust3108@masked.com,+XXX-XXX-4108,65,125067,C,3144
103109,Customer_3109,cust3109@masked.com,+XXX-XXX-4109,26,157158,E,3100
103110,Customer_3110,cust3110@masked.com,+XXX-XXX-4110,32,188173,D,3047
103111,Customer_3111,cust3111@masked.com,+XXX-XXX-4111,51,195017,B,3102
103112,Customer_3112,cust3112@masked.com,+XXX-XXX-4112,67,38894,B,3027
103113,Customer_3113,cust3113@masked.com,+XXX-XXX-4113,29,24687,B,3040
103114,Customer_3114,cust3114@masked.com,+XXX-XXX-4114,27,153959,C,3098
103115,Customer_3115,cust3115@masked.com,+XXX-XXX-4115,49,154115,A,3046
103116,Customer_3116,cust3116@masked.com,+XXX-XXX-4116,34,169087,C,3145
103117,Customer_3117,cust3117@masked.com,+XXX-XXX-4117,40,37789,A,3104
103118,Customer_3118,cust3118@masked.com,+XXX-XXX-4118,68,76784,B,3123
103119,Customer_3119,cust3119@masked.com,+XXX-XXX-4119,52,26115,A,3012
103120,Customer_3120,cust3120@masked.com,+XXX-XXX-4120,42,48821,E,3140
103121,Customer_3121,cust3121@masked.com,+XXX-XXX-4121,56,42879,C,3099
103122,Customer_3122,cust3122@masked.com,+XXX-XXX-4122,64,137177,B,3030
103123,Customer_3123,cust3123@masked.com,+XXX-XXX-4123,38,69157,A,3129
103124,Customer_3124,cust3124@masked.com,+XXX-XXX-4124,60,183789,C,3015
103125,Customer_3125,cust3125@masked.com,+XXX-XXX-4125,69,80262,A,3136
103126,Customer_3126,cust3126@masked.com,+XXX-XXX-4126,45,60971,C,3072
103127,Customer_3127,cust3127@masked.com,+XXX-XXX-4127,51,121146,D,3053
103128,Customer_3128,cust3128@masked.com,+XXX-XXX-4128,55,141535,C,3099
103129,Customer_3129,cust3129@masked.com,+XXX-XXX-4129,46,112384,C,3108
103130,Customer_3130,cust3130@masked.com,+XXX-XXX-4130,24,175814,C,3086
103131,Customer_3131,cust3131@masked.com,+XXX-XXX-4131,62,132453,E,3136
103132,Customer_3132,cust3132@masked.com,+XXX-XXX-4132,68,120277,E,3007
103133,Customer_3133,cust3133@masked.com,+XXX-XXX-4133,40,46520,C,3006
103134,Customer_3134,cust3134@masked.com,+XXX-XXX-4134,54,34833,B,3035
103135,Customer_3135,cust3135@masked.com,+XXX-XXX-4135,32,81475,B,3017
103136,Customer_3136,cust3136@masked.com,+XXX-XXX-4136,36,28143,A,3002
103137,Customer_3137,cust3137@masked.com,+XXX-XXX-4137,62,109472,C,3027
103138,Customer_3138,cust3138@masked.com,+XXX-XXX-4138,25,122132,C,3069
103139,Customer_3139,cust3139@masked.com,+XXX-XXX-4139,64,107005,A,3148
103140,Customer_3140,cust3140@masked.com,+XXX-XXX-4140,55,68538,A,3027
103141,Customer_3141,cust3141@masked.com,+XXX-XXX-4141,64,83795,B,3053
103142,Customer_3142,cust3142@masked.com,+XXX-XXX-4142,47,123041,D,3064
103143,Customer_3143,cust3143@masked.com,+XXX-XXX-4143,21,102159,C,3099
103144,Customer_3144,cust3144@masked.com,+XXX-XXX-4144,54,143796,C,3020
103145,Customer_3145,cust3145@masked.com,+XXX-XXX-4145,63,97166,B,3012
103146,Customer_3146,cust3146@masked.com,+XXX-XXX-4146,52,168311,C,3056
103147,Customer_3147,cust3147@masked.com,+XXX-XXX-4147,64,178312,B,3048
103148,Customer_3148,cust3148@masked.com,+XXX-XXX-4148,59,121542,C,3117
103149,Customer_3149,cust3149@masked.com,+XXX-XXX-4149,53,20553,A,3053
103150,Customer_3150,cust3150@masked.com,+XXX-XXX-4150,51,175590,B,3137
103151,Customer_3151,cust3151@masked.com,+XXX-XXX-4151,33,128381,B,3052
103152,Customer_3152,cust3152@masked.com,+XXX-XXX-4152,65,33612,B,3043
103153,Customer_3153,cust3153@masked.com,+XXX-XXX-4153,22,96673,E,3046
103154,Customer_3154,cust3154@masked.com,+XXX-XXX-4154,50,84459,A,3052
103155,Customer_3155,cust3155@masked.com,+XXX-XXX-4155,30,45804,B,3073
103156,Customer_3156,cust3156@masked.com,+XXX-XXX-4156,43,61154,C,3045
103157,Customer_3157,cust3157@masked.com,+XXX-XXX-4157,53,191178,D,3012
103158,Customer_3158,cust3158@masked.com,+XXX-XXX-4158,59,130183,B,3101
103159,Customer_3159,cust3159@masked.com,+XXX-XXX-4159,65,160689,C,3023
103160,Customer_3160,cust3160@masked.com,+XXX-XXX-4160,49,166470,D,3001
103161,Customer_3161,cust3161@masked.com,+XXX-XXX-4161,50,22693,B,3080
103162,Customer_3162,cust3162@masked.com,+XXX-XXX-4162,54,50971,B,3099
103163,Customer_3163,cust3163@masked.com,+XXX-XXX-4163,59,146633,B,3141
103164,Customer_3164,cust3164@masked.com,+XXX-XXX-4164,37,100078,D,3137
103165,Customer_3165,cust3165@masked.com,+XXX-XXX-4165,42,94227,A,3130
103166,Customer_3166,cust3166@masked.com,+XXX-XXX-4166,25,98990,B,3110
103167,Customer_3167,cust3167@masked.com,+XXX-XXX-4167,31,106034,C,3101
103168,Customer_3168,cust3168@masked.com,+XXX-XXX-4168,42,105567,C,3016
103169,Customer_3169,cust3169@masked.com,+XXX-XXX-4169,52,60677,B,3011
103170,Customer_3170,cust3170@masked.com,+XXX-XXX-4170,44,88402,C,3115
103171,Customer_3171,cust3171@masked.com,+XXX-XXX-4171,31,118104,A,3023
103172,Customer_3172,cust3172@masked.com,+XXX-XXX-4172,31,42291,B,3028
103173,Customer_3173,cust3173@masked.com,+XXX-XXX-4173,37,48497,C,3121
103174,Customer_3174,cust3174@masked.com,+XXX-XXX-4174,52,135135,D,3089
103175,Customer_3175,cust3175@masked.com,+XXX-XXX-4175,39,51969,B,3064
103176,Customer_3176,cust3176@masked.com,+XXX-XXX-4176,47,193156,D,3083
103177,Customer_3177,cust3177@masked.com,+XXX-XXX-4177,52,167749,C,3118
103178,Customer_3178,cust3178@masked.com,+XXX-XXX-4178,45,50245,A,3015
103179,Customer_3179,cust3179@masked.com,+XXX-XXX-4179,48,73312,C,3103
103180,Customer_3180,cust3180@masked.com,+XXX-XXX-4180,60,186386,A,3091
103181,Customer_3181,cust3181@masked.com,+XXX-XXX-4181,47,28267,E,3026
103182,Customer_3182,cust3182@masked.com,+XXX-XXX-4182,34,59812,D,3133
103183,Customer_3183,cust3183@masked.com,+XXX-XXX-4183,62,154847,B,3134
103184,Customer_3184,cust3184@masked.com,+XXX-XXX-4184,59,145562,B,3032
103185,Customer_3185,cust3185@masked.com,+XXX-XXX-4185,22,96924,B,3054
103186,Customer_3186,cust3186@masked.com,+XXX-XXX-4186,37,45875,B,3006
103187,Customer_3187,cust3187@masked.com,+XXX-XXX-4187,21,115803,B,3056
103188,Customer_3188,cust3188@masked.com,+XXX-XXX-4188,65,67589,B,3125
103189,Customer_3189,cust3189@masked.com,+XXX-XXX-4189,52,23534,C,3011
103190,Customer_3190,cust3190@masked.com,+XXX-XXX-4190,39,190952,A,3015
103191,Customer_3191,cust3191@masked.com,+XXX-XXX-4191,34,169155,D,3042
103192,Customer_3192,cust3192@masked.com,+XXX-XXX-4192,51,81807,D,3116
103193,Customer_3193,cust3193@masked.com,+XXX-XXX-4193,38,71670,B,3134
103194,Customer_3194,cust3194@masked.com,+XXX-XXX-4194,34,95465,D,3110
103195,Customer_3195,cust3195@masked.com,+XXX-XXX-4195,67,74720,B,3050
103196,Customer_3196,cust3196@masked.com,+XXX-XXX-4196,34,193962,A,3074
103197,Customer_3197,cust3197@masked.com,+XXX-XXX-4197,44,190672,C,3007
103198,Customer_3198,cust3198@masked.com,+XXX-XXX-4198,25,192401,B,3044
103199,Customer_3199,cust3199@masked.com,+XXX-XXX-4199,36,117619,C,3058
103200,Customer_3200,cust3200@masked.com,+XXX-XXX-4200,25,23739,D,3131
103201,Customer_3201,cust3201@masked.com,+XXX-XXX-4201,33,171829,E,3103
103202,Customer_3202,cust3202@masked.com,+XXX-XXX-4202,36,53107,C,3097
103203,Customer_3203,cust3203@masked.com,+XXX-XXX-4203,35,153934,D,3078
103204,Customer_3204,cust3204@masked.com,+XXX-XXX-4204,51,102533,A,3123
103205,Customer_3205,cust3205@masked.com,+XXX-XXX-4205,25,37487,A,3003
103206,Customer_3206,cust3206@masked.com,+XXX-XXX-4206,41,48353,C,3089
103207,Customer_3207,cust3207@masked.com,+XXX-XXX-4207,50,28984,B,3103
103208,Customer_3208,cust3208@masked.com,+XXX-XXX-4208,43,43130,B,3136
103209,Customer_3209,cust3209@masked.com,+XXX-XXX-4209,58,93794,B,3118
103210,Customer_3210,cust3210@masked.com,+XXX-XXX-4210,49,188351,C,3132
103211,Customer_3211,cust3211@masked.com,+XXX-XXX-4211,33,60080,A,3055
103212,Customer_3212,cust3212@masked.com,+XXX-XXX-4212,52,32839,C,3095
103213,Customer_3213,cust3213@masked.com,+XXX-XXX-4213,68,118874,A,3074
103214,Customer_3214,cust3214@masked.com,+XXX-XXX-4214,62,61499,A,3142
103215,Customer_3215,cust3215@masked.com,+XXX-XXX-4215,47,150094,B,3031
103216,Customer_3216,cust3216@masked.com,+XXX-XXX-4216,54,156428,B,3027
103217,Customer_3217,cust3217@masked.com,+XXX-XXX-4217,65,102036,D,3021
103218,Customer_3218,cust3218@masked.com,+XXX-XXX-4218,69,95926,A,3016
103219,Customer_3219,cust3219@masked.com,+XXX-XXX-4219,53,49778,A,3058
103220,Customer_3220,cust3220@masked.com,+XXX-XXX-4220,24,125528,C,3089
103221,Customer_3221,cust3221@masked.com,+XXX-XXX-4221,38,83192,B,3105
103222,Customer_3222,cust3222@masked.com,+XXX-XXX-4222,26,105376,A,3025
103223,Customer_3223,cust3223@masked.com,+XXX-XXX-4223,48,148219,A,3024
103224,Customer_3224,cust3224@masked.com,+XXX-XXX-4224,64,49980,E,3137
103225,Customer_3225,cust3225@masked.com,+XXX-XXX-4225,47,186891,C,3044
103226,Customer_3226,cust3226@masked.com,+XXX-XXX-4226,46,34065,B,3082
103227,Customer_3227,cust3227@masked.com,+XXX-XXX-4227,40,145361,B,3010
103228,Customer_3228,cust3228@masked.com,+XXX-XXX-4228,33,30559,B,3103
103229,Customer_3229,cust3229@masked.com,+XXX-XXX-4229,48,144514,B,3067
103230,Customer_3230,cust3230@masked.com,+XXX-XXX-4230,54,93969,C,3094
103231,Customer_3231,cust3231@masked.com,+XXX-XXX-4231,69,159728,D,3064
103232,Customer_3232,cust3232@masked.com,+XXX-XXX-4232,43,63210,A,3048
103233,Customer_3233,cust3233@masked.com,+XXX-XXX-4233,30,51477,D,3051
103234,Customer_3234,cust3234@masked.com,+XXX-XXX-4234,50,126111,A,3101
103235,Customer_3235,cust3235@masked.com,+XXX-XXX-4235,42,49529,A,3056
103236,Customer_3236,cust3236@masked.com,+XXX-XXX-4236,25,38262,A,3046
103237,Customer_3237,cust3237@masked.com,+XXX-XXX-4237,64,85087,A,3025
103238,Customer_3238,cust3238@masked.com,+XXX-XXX-4238,29,188721,D,3113
103239,Customer_3239,cust3239@masked.com,+XXX-XXX-4239,63,71686,B,3004
103240,Customer_3240,cust3240@masked.com,+XXX-XXX-4240,24,193937,A,3083
103241,Customer_3241,cust3241@masked.com,+XXX-XXX-4241,62,187649,E,3051
103242,Customer_3242,cust3242@masked.com,+XXX-XXX-4242,21,94299,D,3104
103243,Customer_3243,cust3243@masked.com,+XXX-XXX-4243,54,133044,D,3053
103244,Customer_3244,cust3244@masked.com,+XXX-XXX-4244,61,56409,E,3014
103245,Customer_3245,cust3245@masked.com,+XXX-XXX-4245,46,179152,B,3060
103246,Customer_3246,cust3246@masked.com,+XXX-XXX-4246,38,179267,D,3121
103247,Customer_3247,cust3247@masked.com,+XXX-XXX-4247,36,166681,C,3020
103248,Customer_3248,cust3248@masked.com,+XXX-XXX-4248,43,39535,D,3045
103249,Customer_3249,cust3249@masked.com,+XXX-XXX-4249,66,143828,D,3133
103250,Customer_3250,cust3250@masked.com,+XXX-XXX-4250,56,155182,B,3037
103251,Customer_3251,cust3251@masked.com,+XXX-XXX-4251,46,129518,D,3061
103252,Customer_3252,cust3252@masked.com,+XXX-XXX-4252,22,158279,B,3085
103253,Customer_3253,cust3253@masked.com,+XXX-XXX-4253,64,68637,B,3077
103254,Customer_3254,cust3254@masked.com,+XXX-XXX-4254,25,184146,A,3045
103255,Customer_3255,cust3255@masked.com,+XXX-XXX-4255,49,192736,E,3140
103256,Customer_3256,cust3256@masked.com,+XXX-XXX-4256,24,94405,B,3002
103257,Customer_3257,cust3257@masked.com,+XXX-XXX-4257,67,63872,C,3005
103258,Customer_3258,cust3258@masked.com,+XXX-XXX-4258,55,32185,B,3092
103259,Customer_3259,cust3259@masked.com,+XXX-XXX-4259,42,126706,E,3007
103260,Customer_3260,cust3260@masked.com,+XXX-XXX-4260,69,171950,B,3107
103261,Customer_3261,cust3261@masked.com,+XXX-XXX-4261,28,21396,D,3074
103262,Customer_3262,cust3262@masked.com,+XXX-XXX-4262,64,23460,D,3076
103263,Customer_3263,cust3263@masked.com,+XXX-XXX-4263,41,122657,B,3049
103264,Customer_3264,cust3264@masked.com,+XXX-XXX-4264,28,196461,B,3010
103265,Customer_3265,cust3265@masked.com,+XXX-XXX-4265,25,27676,C,3094
103266,Customer_3266,cust3266@masked.com,+XXX-XXX-4266,41,57312,D,3069
103267,Customer_3267,cust3267@masked.com,+XXX-XXX-4267,47,154220,D,3015
103268,Customer_3268,cust3268@masked.com,+XXX-XXX-4268,58,163344,B,3067
103269,Customer_3269,cust3269@masked.com,+XXX-XXX-4269,25,22655,D,3098
103270,Customer_3270,cust3270@masked.com,+XXX-XXX-4270,41,194177,B,3047
103271,Customer_3271,cust3271@masked.com,+XXX-XXX-4271,28,75863,C,3063
103272,Customer_3272,cust3272@masked.com,+XXX-XXX-4272,42,81045,D,3089
103273,Customer_3273,cust3273@masked.com,+XXX-XXX-4273,38,65517,A,3075
103274,Customer_3274,cust3274@masked.com,+XXX-XXX-4274,24,94227,D,3138
103275,Customer_3275,cust3275@masked.com,+XXX-XXX-4275,24,194710,C,3100
103276,Customer_3276,cust3276@masked.com,+XXX-XXX-4276,57,94789,D,3088
103277,Customer_3277,cust3277@masked.com,+XXX-XXX-4277,35,74322,A,3017
103278,Customer_3278,cust3278@masked.com,+XXX-XXX-4278,58,121800,B,3018
103279,Customer_3279,cust3279@masked.com,+XXX-XXX-4279,47,140782,D,3054
103280,Customer_3280,cust3280@masked.com,+XXX-XXX-4280,41,155294,A,3101
103281,Customer_3281,cust3281@masked.com,+XXX-XXX-4281,68,71141,A,3117
103282,Customer_3282,cust3282@masked.com,+XXX-XXX-4282,66,30716,E,3133
103283,Customer_3283,cust3283@masked.com,+XXX-XXX-4283,66,80644,B,3003
103284,Customer_3284,cust3284@masked.com,+XXX-XXX-4284,68,145650,E,3107
103285,Customer_3285,cust3285@masked.com,+XXX-XXX-4285,24,108499,A,3114
103286,Customer_3286,cust3286@masked.com,+XXX-XXX-4286,31,152454,B,3028
103287,Customer_3287,cust3287@masked.com,+XXX-XXX-4287,39,155239,D,3058
103288,Customer_3288,cust3288@masked.com,+XXX-XXX-4288,39,137323,C,3124
103289,Customer_3289,cust3289@masked.com,+XXX-XXX-4289,47,123849,C,3097
103290,Customer_3290,cust3290@masked.com,+XXX-XXX-4290,60,101117,C,3016
103291,Customer_3291,cust3291@masked.com,+XXX-XXX-4291,62,111730,D,3106
103292,Customer_3292,cust3292@masked.com,+XXX-XXX-4292,48,199793,B,3042
103293,Customer_3293,cust3293@masked.com,+XXX-XXX-4293,25,179895,B,3079
103294,Customer_3294,cust3294@masked.com,+XXX-XXX-4294,68,80972,A,3007
103295,Customer_3295,cust3295@masked.com,+XXX-XXX-4295,45,94963,C,3140
103296,Customer_3296,cust3296@masked.com,+XXX-XXX-4296,23,74534,B,3105
103297,Customer_3297,cust3297@masked.com,+XXX-XXX-4297,46,187823,B,3007
103298,Customer_3298,cust3298@masked.com,+XXX-XXX-4298,30,136093,B,3095
103299,Customer_3299,cust3299@masked.com,+XXX-XXX-4299,44,44121,A,3093
103300,Customer_3300,cust3300@masked.com,+XXX-XXX-4300,49,91736,A,3064
103301,Customer_3301,cust3301@masked.com,+XXX-XXX-4301,65,173198,C,3038
103302,Customer_3302,cust3302@masked.com,+XXX-XXX-4302,27,81581,B,3080
103303,Customer_3303,cust3303@masked.com,+XXX-XXX-4303,64,46123,D,3083
103304,Customer_3304,cust3304@masked.com,+XXX-XXX-4304,43,71036,C,3087
103305,Customer_3305,cust3305@masked.com,+XXX-XXX-4305,66,150062,A,3085
103306,Customer_3306,cust3306@masked.com,+XXX-XXX-4306,47,98855,C,3092
103307,Customer_3307,cust3307@masked.com,+XXX-XXX-4307,62,166662,A,3085
103308,Customer_3308,cust3308@masked.com,+XXX-XXX-4308,29,197337,D,3043
103309,Customer_3309,cust3309@masked.com,+XXX-XXX-4309,64,42701,E,3136
103310,Customer_3310,cust3310@masked.com,+XXX-XXX-4310,23,61178,C,3073
103311,Customer_3311,cust3311@masked.com,+XXX-XXX-4311,33,125734,C,3035
103312,Customer_3312,cust3312@masked.com,+XXX-XXX-4312,26,57118,B,3100
103313,Customer_3313,cust3313@masked.com,+XXX-XXX-4313,58,45387,B,3103
103314,Customer_3314,cust3314@masked.com,+XXX-XXX-4314,41,77613,D,3065
103315,Customer_3315,cust3315@masked.com,+XXX-XXX-4315,39,66666,A,3054
103316,Customer_3316,cust3316@masked.com,+XXX-XXX-4316,45,190207,B,3090
103317,Customer_3317,cust3317@masked.com,+XXX-XXX-4317,59,49554,B,3021
103318,Customer_3318,cust3318@masked.com,+XXX-XXX-4318,24,139387,C,3100
103319,Customer_3319,cust3319@masked.com,+XXX-XXX-4319,42,62146,B,3120
103320,Customer_3320,cust3320@masked.com,+XXX-XXX-4320,25,120037,E,3092
103321,Customer_3321,cust3321@masked.com,+XXX-XXX-4321,21,164060,A,3107
103322,Customer_3322,cust3322@masked.com,+XXX-XXX-4322,37,36456,B,3140
103323,Customer_3323,cust3323@masked.com,+XXX-XXX-4323,29,139681,C,3009
103324,Customer_3324,cust3324@masked.com,+XXX-XXX-4324,29,142573,B,3008
103325,Customer_3325,cust3325@masked.com,+XXX-XXX-4325,44,180286,C,3033
103326,Customer_3326,cust3326@masked.com,+XXX-XXX-4326,30,81405,A,3128
103327,Customer_3327,cust3327@masked.com,+XXX-XXX-4327,40,162106,A,3088
103328,Customer_3328,cust3328@masked.com,+XXX-XXX-4328,37,20877,A,3092
103329,Customer_3329,cust3329@masked.com,+XXX-XXX-4329,33,82718,E,3070
103330,Customer_3330,cust3330@masked.com,+XXX-XXX-4330,49,78100,C,3066
103331,Customer_3331,cust3331@masked.com,+XXX-XXX-4331,56,29642,D,3147
103332,Customer_3332,cust3332@masked.com,+XXX-XXX-4332,43,120844,B,3116
103333,Customer_3333,cust3333@masked.com,+XXX-XXX-4333,47,70483,C,3093
103334,Customer_3334,cust3334@masked.com,+XXX-XXX-4334,38,85293,B,3098
103335,Customer_3335,cust3335@masked.com,+XXX-XXX-4335,38,95450,E,3112
103336,Customer_3336,cust3336@masked.com,+XXX-XXX-4336,29,116629,C,3102
103337,Customer_3337,cust3337@masked.com,+XXX-XXX-4337,23,133140,C,3090
103338,Customer_3338,cust3338@masked.com,+XXX-XXX-4338,27,69508,A,3089
103339,Customer_3339,cust3339@masked.com,+XXX-XXX-4339,35,127815,C,3016
103340,Customer_3340,cust3340@masked.com,+XXX-XXX-4340,50,151651,B,3017
103341,Customer_3341,cust3341@masked.com,+XXX-XXX-4341,29,32587,E,3115
103342,Customer_3342,cust3342@masked.com,+XXX-XXX-4342,61,86181,B,3092
103343,Customer_3343,cust3343@masked.com,+XXX-XXX-4343,47,199542,B,3090
103344,Customer_3344,cust3344@masked.com,+XXX-XXX-4344,56,167000,B,3081
103345,Customer_3345,cust3345@masked.com,+XXX-XXX-4345,38,112345,B,3067
103346,Customer_3346,cust3346@masked.com,+XXX-XXX-4346,51,63591,A,3113
103347,Customer_3347,cust3347@masked.com,+XXX-XXX-4347,37,51901,D,3000
103348,Customer_3348,cust3348@masked.com,+XXX-XXX-4348,26,113411,C,3057
103349,Customer_3349,cust3349@masked.com,+XXX-XXX-4349,59,159571,D,3108
103350,Customer_3350,cust3350@masked.com,+XXX-XXX-4350,45,151305,D,3147
103351,Customer_3351,cust3351@masked.com,+XXX-XXX-4351,62,168490,B,3115
103352,Customer_3352,cust3352@masked.com,+XXX-XXX-4352,62,79566,C,3086
103353,Customer_3353,cust3353@masked.com,+XXX-XXX-4353,58,35246,A,3009
103354,Customer_3354,cust3354@masked.com,+XXX-XXX-4354,58,189857,D,3058
103355,Customer_3355,cust3355@masked.com,+XXX-XXX-4355,51,123425,B,3040
103356,Customer_3356,cust3356@masked.com,+XXX-XXX-4356,49,133400,B,3104
103357,Customer_3357,cust3357@masked.com,+XXX-XXX-4357,60,54503,B,3132
103358,Customer_3358,cust3358@masked.com,+XXX-XXX-4358,29,155349,B,3121
103359,Customer_3359,cust3359@masked.com,+XXX-XXX-4359,21,86477,B,3144
103360,Customer_3360,cust3360@masked.com,+XXX-XXX-4360,36,151421,B,3021
103361,Customer_3361,cust3361@masked.com,+XXX-XXX-4361,58,112798,D,3097
103362,Customer_3362,cust3362@masked.com,+XXX-XXX-4362,43,93000,D,3067
103363,Customer_3363,cust3363@masked.com,+XXX-XXX-4363,28,164580,B,3138
103364,Customer_3364,cust3364@masked.com,+XXX-XXX-4364,67,117565,B,3055
103365,Customer_3365,cust3365@masked.com,+XXX-XXX-4365,32,130123,D,3148
103366,Customer_3366,cust3366@masked.com,+XXX-XXX-4366,30,87081,A,3098
103367,Customer_3367,cust3367@masked.com,+XXX-XXX-4367,36,136434,D,3075
103368,Customer_3368,cust3368@masked.com,+XXX-XXX-4368,67,48957,A,3025
103369,Customer_3369,cust3369@masked.com,+XXX-XXX-4369,63,158968,C,3114
103370,Customer_3370,cust3370@masked.com,+XXX-XXX-4370,44,125634,C,3146
103371,Customer_3371,cust3371@masked.com,+XXX-XXX-4371,59,155360,C,3108
103372,Customer_3372,cust3372@masked.com,+XXX-XXX-4372,28,176816,D,3046
103373,Customer_3373,cust3373@masked.com,+XXX-XXX-4373,31,41150,A,3070
103374,Customer_3374,cust3374@masked.com,+XXX-XXX-4374,61,107877,B,3039
103375,Customer_3375,cust3375@masked.com,+XXX-XXX-4375,46,130540,C,3132
103376,Customer_3376,cust3376@masked.com,+XXX-XXX-4376,27,125139,D,3148
103377,Customer_3377,cust3377@masked.com,+XXX-XXX-4377,35,41091,A,3131
103378,Customer_3378,cust3378@masked.com,+XXX-XXX-4378,35,151972,D,3022
103379,Customer_3379,cust3379@masked.com,+XXX-XXX-4379,68,66702,B,3105
103380,Customer_3380,cust3380@masked.com,+XXX-XXX-4380,23,39725,A,3083
103381,Customer_3381,cust3381@masked.com,+XXX-XXX-4381,36,48722,D,3142
103382,Customer_3382,cust3382@masked.com,+XXX-XXX-4382,35,175150,A,3115
103383,Customer_3383,cust3383@masked.com,+XXX-XXX-4383,45,38059,C,3108
103384,Customer_3384,cust3384@masked.com,+XXX-XXX-4384,53,38161,A,3135
103385,Customer_3385,cust3385@masked.com,+XXX-XXX-4385,34,110345,B,3040
103386,Customer_3386,cust3386@masked.com,+XXX-XXX-4386,44,30687,C,3111
103387,Customer_3387,cust3387@masked.com,+XXX-XXX-4387,31,102503,C,3146
103388,Customer_3388,cust3388@masked.com,+XXX-XXX-4388,23,119770,B,3111
103389,Customer_3389,cust3389@masked.com,+XXX-XXX-4389,29,28694,B,3102
103390,Customer_3390,cust3390@masked.com,+XXX-XXX-4390,26,190590,B,3045
103391,Customer_3391,cust3391@masked.com,+XXX-XXX-4391,51,147260,B,3067
103392,Customer_3392,cust3392@masked.com,+XXX-XXX-4392,36,119459,E,3121
103393,Customer_3393,cust3393@masked.com,+XXX-XXX-4393,31,181713,D,3014
103394,Customer_3394,cust3394@masked.com,+XXX-XXX-4394,37,191800,A,3128
103395,Customer_3395,cust3395@masked.com,+XXX-XXX-4395,69,70087,A,3110
103396,Customer_3396,cust3396@masked.com,+XXX-XXX-4396,23,194623,E,3023
103397,Customer_3397,cust3397@masked.com,+XXX-XXX-4397,39,127941,C,3026
103398,Customer_3398,cust3398@masked.com,+XXX-XXX-4398,44,76561,C,3039
103399,Customer_3399,cust3399@masked.com,+XXX-XXX-4399,67,25364,D,3023
103400,Customer_3400,cust3400@masked.com,+XXX-XXX-4400,62,97008,B,3023
103401,Customer_3401,cust3401@masked.com,+XXX-XXX-4401,28,155046,B,3003
103402,Customer_3402,cust3402@masked.com,+XXX-XXX-4402,69,44053,E,3066
103403,Customer_3403,cust3403@masked.com,+XXX-XXX-4403,56,191144,C,3033
103404,Customer_3404,cust3404@masked.com,+XXX-XXX-4404,60,152282,A,3115
103405,Customer_3405,cust3405@masked.com,+XXX-XXX-4405,22,192661,A,3022
103406,Customer_3406,cust3406@masked.com,+XXX-XXX-4406,43,125128,A,3108
103407,Customer_3407,cust3407@masked.com,+XXX-XXX-4407,60,58966,D,3068
103408,Customer_3408,cust3408@masked.com,+XXX-XXX-4408,50,46070,B,3094
103409,Customer_3409,cust3409@masked.com,+XXX-XXX-4409,45,129573,A,3061
103410,Customer_3410,cust3410@masked.com,+XXX-XXX-4410,27,126327,E,3056
103411,Customer_3411,cust3411@masked.com,+XXX-XXX-4411,48,162318,A,3053
103412,Customer_3412,cust3412@masked.com,+XXX-XXX-4412,61,170271,A,3069
103413,Customer_3413,cust3413@masked.com,+XXX-XXX-4413,37,59829,B,3100
103414,Customer_3414,cust3414@masked.com,+XXX-XXX-4414,52,81125,B,3056
103415,Customer_3415,cust3415@masked.com,+XXX-XXX-4415,21,125111,B,3137
103416,Customer_3416,cust3416@masked.com,+XXX-XXX-4416,47,125277,E,3134
103417,Customer_3417,cust3417@masked.com,+XXX-XXX-4417,64,20169,D,3102
103418,Customer_3418,cust3418@masked.com,+XXX-XXX-4418,56,113943,B,3084
103419,Customer_3419,cust3419@masked.com,+XXX-XXX-4419,69,112408,B,3060
103420,Customer_3420,cust3420@masked.com,+XXX-XXX-4420,27,164021,C,3002
103421,Customer_3421,cust3421@masked.com,+XXX-XXX-4421,23,67313,B,3127
103422,Customer_3422,cust3422@masked.com,+XXX-XXX-4422,50,98735,A,3085
103423,Customer_3423,cust3423@masked.com,+XXX-XXX-4423,21,80131,E,3046
103424,Customer_3424,cust3424@masked.com,+XXX-XXX-4424,54,146195,A,3075
103425,Customer_3425,cust3425@masked.com,+XXX-XXX-4425,58,127127,A,3037
103426,Customer_3426,cust3426@masked.com,+XXX-XXX-4426,63,192836,B,3140
103427,Customer_3427,cust3427@masked.com,+XXX-XXX-4427,56,181971,B,3086
103428,Customer_3428,cust3428@masked.com,+XXX-XXX-4428,53,67740,A,3057
103429,Customer_3429,cust3429@masked.com,+XXX-XXX-4429,63,174353,A,3049
103430,Customer_3430,cust3430@masked.com,+XXX-XXX-4430,36,132339,B,3029
103431,Customer_3431,cust3431@masked.com,+XXX-XXX-4431,58,88570,C,3100
103432,Customer_3432,cust3432@masked.com,+XXX-XXX-4432,31,164400,B,3024
103433,Customer_3433,cust3433@masked.com,+XXX-XXX-4433,28,64047,B,3111
103434,Customer_3434,cust3434@masked.com,+XXX-XXX-4434,21,139168,C,3125
103435,Customer_3435,cust3435@masked.com,+XXX-XXX-4435,34,170868,D,3122
103436,Customer_3436,cust3436@masked.com,+XXX-XXX-4436,50,92666,B,3046
103437,Customer_3437,cust3437@masked.com,+XXX-XXX-4437,41,122173,A,3117
103438,Customer_3438,cust3438@masked.com,+XXX-XXX-4438,41,75251,B,3038
103439,Customer_3439,cust3439@masked.com,+XXX-XXX-4439,54,20791,C,3015
103440,Customer_3440,cust3440@masked.com,+XXX-XXX-4440,58,32333,A,3021
103441,Customer_3441,cust3441@masked.com,+XXX-XXX-4441,46,187681,B,3053
103442,Customer_3442,cust3442@masked.com,+XXX-XXX-4442,61,88892,A,3148
103443,Customer_3443,cust3443@masked.com,+XXX-XXX-4443,34,191362,A,3015
103444,Customer_3444,cust3444@masked.com,+XXX-XXX-4444,60,155997,B,3058
103445,Customer_3445,cust3445@masked.com,+XXX-XXX-4445,55,161836,B,3030
103446,Customer_3446,cust3446@masked.com,+XXX-XXX-4446,62,74226,D,3031
103447,Customer_3447,cust3447@masked.com,+XXX-XXX-4447,38,97632,C,3008
103448,Customer_3448,cust3448@masked.com,+XXX-XXX-4448,40,59468,B,3138
103449,Customer_3449,cust3449@masked.com,+XXX-XXX-4449,29,22094,B,3009
103450,Customer_3450,cust3450@masked.com,+XXX-XXX-4450,61,65583,B,3016
103451,Customer_3451,cust3451@masked.com,+XXX-XXX-4451,65,69021,A,3067
103452,Customer_3452,cust3452@masked.com,+XXX-XXX-4452,53,35362,D,3047
103453,Customer_3453,cust3453@masked.com,+XXX-XXX-4453,69,192647,E,3110
103454,Customer_3454,cust3454@masked.com,+XXX-XXX-4454,24,197093,A,3122
103455,Customer_3455,cust3455@masked.com,+XXX-XXX-4455,24,32185,A,3148
103456,Customer_3456,cust3456@masked.com,+XXX-XXX-4456,68,190843,A,3100
103457,Customer_3457,cust3457@masked.com,+XXX-XXX-4457,36,101678,C,3101
103458,Customer_3458,cust3458@masked.com,+XXX-XXX-4458,67,138984,C,3064
103459,Customer_3459,cust3459@masked.com,+XXX-XXX-4459,46,186141,D,3050
103460,Customer_3460,cust3460@masked.com,+XXX-XXX-4460,26,63190,D,3035
103461,Customer_3461,cust3461@masked.com,+XXX-XXX-4461,57,160836,B,3080
103462,Customer_3462,cust3462@masked.com,+XXX-XXX-4462,42,178185,C,3126
103463,Customer_3463,cust3463@masked.com,+XXX-XXX-4463,62,36888,C,3087
103464,Customer_3464,cust3464@masked.com,+XXX-XXX-4464,59,34748,C,3103
103465,Customer_3465,cust3465@masked.com,+XXX-XXX-4465,27,71013,B,3014
103466,Customer_3466,cust3466@masked.com,+XXX-XXX-4466,62,181275,C,3095
103467,Customer_3467,cust3467@masked.com,+XXX-XXX-4467,50,135091,C,3122
103468,Customer_3468,cust3468@masked.com,+XXX-XXX-4468,30,40715,C,3000
103469,Customer_3469,cust3469@masked.com,+XXX-XXX-4469,35,193651,C,3121
103470,Customer_3470,cust3470@masked.com,+XXX-XXX-4470,26,22906,C,3125
103471,Customer_3471,cust3471@masked.com,+XXX-XXX-4471,44,113125,C,3056
103472,Customer_3472,cust3472@masked.com,+XXX-XXX-4472,22,31808,C,3080
103473,Customer_3473,cust3473@masked.com,+XXX-XXX-4473,60,172184,C,3072
103474,Customer_3474,cust3474@masked.com,+XXX-XXX-4474,35,84945,B,3140
103475,Customer_3475,cust3475@masked.com,+XXX-XXX-4475,41,87105,B,3069
103476,Customer_3476,cust3476@masked.com,+XXX-XXX-4476,38,130212,A,3005
103477,Customer_3477,cust3477@masked.com,+XXX-XXX-4477,25,46419,C,3083
103478,Customer_3478,cust3478@masked.com,+XXX-XXX-4478,45,146258,C,3051
103479,Customer_3479,cust3479@masked.com,+XXX-XXX-4479,56,31156,E,3002
103480,Customer_3480,cust3480@masked.com,+XXX-XXX-4480,30,25062,B,3080
103481,Customer_3481,cust3481@masked.com,+XXX-XXX-4481,66,178817,B,3062
103482,Customer_3482,cust3482@masked.com,+XXX-XXX-4482,43,54940,A,3048
103483,Customer_3483,cust3483@masked.com,+XXX-XXX-4483,44,42463,A,3075
103484,Customer_3484,cust3484@masked.com,+XXX-XXX-4484,65,56188,D,3111
103485,Customer_3485,cust3485@masked.com,+XXX-XXX-4485,30,91813,B,3108
103486,Customer_3486,cust3486@masked.com,+XXX-XXX-4486,26,54017,C,3064
103487,Customer_3487,cust3487@masked.com,+XXX-XXX-4487,33,134375,C,3080
103488,Customer_3488,cust3488@masked.com,+XXX-XXX-4488,41,181316,B,3014
103489,Customer_3489,cust3489@masked.com,+XXX-XXX-4489,52,22697,D,3099
103490,Customer_3490,cust3490@masked.com,+XXX-XXX-4490,63,165975,B,3031
103491,Customer_3491,cust3491@masked.com,+XXX-XXX-4491,35,130930,B,3095
103492,Customer_3492,cust3492@masked.com,+XXX-XXX-4492,22,74086,D,3127
103493,Customer_3493,cust3493@masked.com,+XXX-XXX-4493,35,108385,D,3145
103494,Customer_3494,cust3494@masked.com,+XXX-XXX-4494,37,56652,A,3112
103495,Customer_3495,cust3495@masked.com,+XXX-XXX-4495,40,158326,A,3082
103496,Customer_3496,cust3496@masked.com,+XXX-XXX-4496,26,81631,A,3042
103497,Customer_3497,cust3497@masked.com,+XXX-XXX-4497,35,100527,B,3115
103498,Customer_3498,cust3498@masked.com,+XXX-XXX-4498,37,196649,E,3077
103499,Customer_3499,cust3499@masked.com,+XXX-XXX-4499,46,124084,C,3057
103500,Customer_3500,cust3500@masked.com,+XXX-XXX-4500,42,139771,B,3032
103501,Customer_3501,cust3501@masked.com,+XXX-XXX-4501,29,133645,D,3013
103502,Customer_3502,cust3502@masked.com,+XXX-XXX-4502,32,79019,B,3131
103503,Customer_3503,cust3503@masked.com,+XXX-XXX-4503,42,171539,B,3058
103504,Customer_3504,cust3504@masked.com,+XXX-XXX-4504,43,140807,E,3082
103505,Customer_3505,cust3505@masked.com,+XXX-XXX-4505,57,124528,D,3133
103506,Customer_3506,cust3506@masked.com,+XXX-XXX-4506,34,85233,D,3120
103507,Customer_3507,cust3507@masked.com,+XXX-XXX-4507,44,20372,C,3082
103508,Customer_3508,cust3508@masked.com,+XXX-XXX-4508,28,91564,D,3026
103509,Customer_3509,cust3509@masked.com,+XXX-XXX-4509,46,143297,A,3079
103510,Customer_3510,cust3510@masked.com,+XXX-XXX-4510,52,148058,C,3133
103511,Customer_3511,cust3511@masked.com,+XXX-XXX-4511,48,83615,E,3012
103512,Customer_3512,cust3512@masked.com,+XXX-XXX-4512,52,49445,B,3063
103513,Customer_3513,cust3513@masked.com,+XXX-XXX-4513,42,105532,D,3146
103514,Customer_3514,cust3514@masked.com,+XXX-XXX-4514,69,129435,B,3079
103515,Customer_3515,cust3515@masked.com,+XXX-XXX-4515,29,175203,A,3122
103516,Customer_3516,cust3516@masked.com,+XXX-XXX-4516,23,173806,D,3042
103517,Customer_3517,cust3517@masked.com,+XXX-XXX-4517,45,185172,A,3088
103518,Customer_3518,cust3518@masked.com,+XXX-XXX-4518,59,165810,C,3147
103519,Customer_3519,cust3519@masked.com,+XXX-XXX-4519,32,96974,A,3094
103520,Customer_3520,cust3520@masked.com,+XXX-XXX-4520,49,141049,E,3001
103521,Customer_3521,cust3521@masked.com,+XXX-XXX-4521,23,199871,B,3119
103522,Customer_3522,cust3522@masked.com,+XXX-XXX-4522,61,198501,B,3021
103523,Customer_3523,cust3523@masked.com,+XXX-XXX-4523,66,151827,A,3114
103524,Customer_3524,cust3524@masked.com,+XXX-XXX-4524,43,82716,E,3056
103525,Customer_3525,cust3525@masked.com,+XXX-XXX-4525,43,89061,C,3071
103526,Customer_3526,cust3526@masked.com,+XXX-XXX-4526,38,49884,C,3006
103527,Customer_3527,cust3527@masked.com,+XXX-XXX-4527,31,21796,B,3118
103528,Customer_3528,cust3528@masked.com,+XXX-XXX-4528,56,164826,B,3113
103529,Customer_3529,cust3529@masked.com,+XXX-XXX-4529,46,163233,A,3015
103530,Customer_3530,cust3530@masked.com,+XXX-XXX-4530,28,137747,C,3082
103531,Customer_3531,cust3531@masked.com,+XXX-XXX-4531,48,87713,B,3071
103532,Customer_3532,cust3532@masked.com,+XXX-XXX-4532,38,113668,E,3123
103533,Customer_3533,cust3533@masked.com,+XXX-XXX-4533,33,87586,D,3112
103534,Customer_3534,cust3534@masked.com,+XXX-XXX-4534,56,142206,B,3011
103535,Customer_3535,cust3535@masked.com,+XXX-XXX-4535,62,110666,A,3125
103536,Customer_3536,cust3536@masked.com,+XXX-XXX-4536,60,133796,D,3052
103537,Customer_3537,cust3537@masked.com,+XXX-XXX-4537,64,58577,A,3074
103538,Customer_3538,cust3538@masked.com,+XXX-XXX-4538,32,74765,A,3132
103539,Customer_3539,cust3539@masked.com,+XXX-XXX-4539,42,44841,A,3026
103540,Customer_3540,cust3540@masked.com,+XXX-XXX-4540,22,45498,C,3139
103541,Customer_3541,cust3541@masked.com,+XXX-XXX-4541,60,128567,D,3144
103542,Customer_3542,cust3542@masked.com,+XXX-XXX-4542,48,132642,B,3133
103543,Customer_3543,cust3543@masked.com,+XXX-XXX-4543,33,87229,A,3096
103544,Customer_3544,cust3544@masked.com,+XXX-XXX-4544,53,147855,B,3004
103545,Customer_3545,cust3545@masked.com,+XXX-XXX-4545,23,83914,C,3056
103546,Customer_3546,cust3546@masked.com,+XXX-XXX-4546,54,131399,B,3077
103547,Customer_3547,cust3547@masked.com,+XXX-XXX-4547,43,34838,A,3068
103548,Customer_3548,cust3548@masked.com,+XXX-XXX-4548,52,121224,E,3117
103549,Customer_3549,cust3549@masked.com,+XXX-XXX-4549,40,106765,E,3119
103550,Customer_3550,cust3550@masked.com,+XXX-XXX-4550,48,89703,E,3058
103551,Customer_3551,cust3551@masked.com,+XXX-XXX-4551,28,173687,D,3032
103552,Customer_3552,cust3552@masked.com,+XXX-XXX-4552,23,61845,A,3061
103553,Customer_3553,cust3553@masked.com,+XXX-XXX-4553,50,58907,A,3049
103554,Customer_3554,cust3554@masked.com,+XXX-XXX-4554,45,182230,B,3111
103555,Customer_3555,cust3555@masked.com,+XXX-XXX-4555,50,75421,B,3018
103556,Customer_3556,cust3556@masked.com,+XXX-XXX-4556,49,53330,E,3122
103557,Customer_3557,cust3557@masked.com,+XXX-XXX-4557,67,199217,D,3046
103558,Customer_3558,cust3558@masked.com,+XXX-XXX-4558,50,75244,C,3032
103559,Customer_3559,cust3559@masked.com,+XXX-XXX-4559,54,141696,A,3140
103560,Customer_3560,cust3560@masked.com,+XXX-XXX-4560,45,60564,D,3083
103561,Customer_3561,cust3561@masked.com,+XXX-XXX-4561,37,123963,D,3134
103562,Customer_3562,cust3562@masked.com,+XXX-XXX-4562,44,141299,A,3078
103563,Customer_3563,cust3563@masked.com,+XXX-XXX-4563,58,140972,D,3013
103564,Customer_3564,cust3564@masked.com,+XXX-XXX-4564,48,82469,B,3146
103565,Customer_3565,cust3565@masked.com,+XXX-XXX-4565,53,22716,A,3127
103566,Customer_3566,cust3566@masked.com,+XXX-XXX-4566,56,183433,C,3053
103567,Customer_3567,cust3567@masked.com,+XXX-XXX-4567,27,47254,C,3147
103568,Customer_3568,cust3568@masked.com,+XXX-XXX-4568,43,62632,A,3028
103569,Customer_3569,cust3569@masked.com,+XXX-XXX-4569,66,123964,B,3023
103570,Customer_3570,cust3570@masked.com,+XXX-XXX-4570,46,129623,E,3081
103571,Customer_3571,cust3571@masked.com,+XXX-XXX-4571,34,41277,C,3062
103572,Customer_3572,cust3572@masked.com,+XXX-XXX-4572,62,146833,C,3104
103573,Customer_3573,cust3573@masked.com,+XXX-XXX-4573,48,37503,A,3056
103574,Customer_3574,cust3574@masked.com,+XXX-XXX-4574,44,120566,A,3135
103575,Customer_3575,cust3575@masked.com,+XXX-XXX-4575,27,106921,B,3061
103576,Customer_3576,cust3576@masked.com,+XXX-XXX-4576,68,183307,B,3016
103577,Customer_3577,cust3577@masked.com,+XXX-XXX-4577,56,96180,B,3065
103578,Customer_3578,cust3578@masked.com,+XXX-XXX-4578,59,172759,A,3005
103579,Customer_3579,cust3579@masked.com,+XXX-XXX-4579,35,199481,C,3057
103580,Customer_3580,cust3580@masked.com,+XXX-XXX-4580,69,129264,B,3068
103581,Customer_3581,cust3581@masked.com,+XXX-XXX-4581,23,191170,D,3061
103582,Customer_3582,cust3582@masked.com,+XXX-XXX-4582,68,184622,A,3081
103583,Customer_3583,cust3583@masked.com,+XXX-XXX-4583,22,52864,B,3070
103584,Customer_3584,cust3584@masked.com,+XXX-XXX-4584,27,159850,A,3130
103585,Customer_3585,cust3585@masked.com,+XXX-XXX-4585,36,180855,B,3009
103586,Customer_3586,cust3586@masked.com,+XXX-XXX-4586,41,116923,A,3097
103587,Customer_3587,cust3587@masked.com,+XXX-XXX-4587,29,65596,E,3088
103588,Customer_3588,cust3588@masked.com,+XXX-XXX-4588,32,172367,D,3034
103589,Customer_3589,cust3589@masked.com,+XXX-XXX-4589,49,169694,B,3001
103590,Customer_3590,cust3590@masked.com,+XXX-XXX-4590,44,176564,A,3123
103591,Customer_3591,cust3591@masked.com,+XXX-XXX-4591,53,149739,C,3023
103592,Customer_3592,cust3592@masked.com,+XXX-XXX-4592,34,39733,D,3073
103593,Customer_3593,cust3593@masked.com,+XXX-XXX-4593,63,129082,A,3021
103594,Customer_3594,cust3594@masked.com,+XXX-XXX-4594,38,32372,C,3038
103595,Customer_3595,cust3595@masked.com,+XXX-XXX-4595,25,131950,D,3019
103596,Customer_3596,cust3596@masked.com,+XXX-XXX-4596,35,55256,D,3040
103597,Customer_3597,cust3597@masked.com,+XXX-XXX-4597,27,93353,D,3147
103598,Customer_3598,cust3598@masked.com,+XXX-XXX-4598,45,104757,D,3107
103599,Customer_3599,cust3599@masked.com,+XXX-XXX-4599,34,134687,E,3146
103600,Customer_3600,cust3600@masked.com,+XXX-XXX-4600,60,125700,B,3083
103601,Customer_3601,cust3601@masked.com,+XXX-XXX-4601,56,169297,C,3110
103602,Customer_3602,cust3602@masked.com,+XXX-XXX-4602,55,78546,D,3065
103603,Customer_3603,cust3603@masked.com,+XXX-XXX-4603,64,28064,C,3052
103604,Customer_3604,cust3604@masked.com,+XXX-XXX-4604,44,123073,E,3033
103605,Customer_3605,cust3605@masked.com,+XXX-XXX-4605,35,165058,A,3149
103606,Customer_3606,cust3606@masked.com,+XXX-XXX-4606,31,61689,B,3066
103607,Customer_3607,cust3607@masked.com,+XXX-XXX-4607,44,183915,B,3133
103608,Customer_3608,cust3608@masked.com,+XXX-XXX-4608,31,64006,B,3026
103609,Customer_3609,cust3609@masked.com,+XXX-XXX-4609,64,52195,B,3009
103610,Customer_3610,cust3610@masked.com,+XXX-XXX-4610,37,20203,C,3072
103611,Customer_3611,cust3611@masked.com,+XXX-XXX-4611,26,191735,A,3095
103612,Customer_3612,cust3612@masked.com,+XXX-XXX-4612,41,197886,C,3047
103613,Customer_3613,cust3613@masked.com,+XXX-XXX-4613,28,65248,C,3069
103614,Customer_3614,cust3614@masked.com,+XXX-XXX-4614,35,27460,B,3099
103615,Customer_3615,cust3615@masked.com,+XXX-XXX-4615,52,138463,B,3058
103616,Customer_3616,cust3616@masked.com,+XXX-XXX-4616,30,77230,C,3001
103617,Customer_3617,cust3617@masked.com,+XXX-XXX-4617,48,142268,D,3064
103618,Customer_3618,cust3618@masked.com,+XXX-XXX-4618,35,155427,D,3082
103619,Customer_3619,cust3619@masked.com,+XXX-XXX-4619,32,51935,D,3009
103620,Customer_3620,cust3620@masked.com,+XXX-XXX-4620,63,137739,E,3052
103621,Customer_3621,cust3621@masked.com,+XXX-XXX-4621,38,22663,C,3078
103622,Customer_3622,cust3622@masked.com,+XXX-XXX-4622,57,192463,D,3058
103623,Customer_3623,cust3623@masked.com,+XXX-XXX-4623,64,114903,D,3149
103624,Customer_3624,cust3624@masked.com,+XXX-XXX-4624,44,170618,D,3047
103625,Customer_3625,cust3625@masked.com,+XXX-XXX-4625,57,151110,A,3148
103626,Customer_3626,cust3626@masked.com,+XXX-XXX-4626,49,198884,E,3122
103627,Customer_3627,cust3627@masked.com,+XXX-XXX-4627,30,30318,B,3021
103628,Customer_3628,cust3628@masked.com,+XXX-XXX-4628,34,159992,D,3099
103629,Customer_3629,cust3629@masked.com,+XXX-XXX-4629,36,81243,A,3097
103630,Customer_3630,cust3630@masked.com,+XXX-XXX-4630,57,130723,B,3024
103631,Customer_3631,cust3631@masked.com,+XXX-XXX-4631,31,104044,B,3027
103632,Customer_3632,cust3632@masked.com,+XXX-XXX-4632,46,174855,B,3112
103633,Customer_3633,cust3633@masked.com,+XXX-XXX-4633,60,56902,A,3044
103634,Customer_3634,cust3634@masked.com,+XXX-XXX-4634,39,117845,D,3067
103635,Customer_3635,cust3635@masked.com,+XXX-XXX-4635,38,187611,A,3006
103636,Customer_3636,cust3636@masked.com,+XXX-XXX-4636,50,91074,B,3048
103637,Customer_3637,cust3637@masked.com,+XXX-XXX-4637,52,68949,A,3136
103638,Customer_3638,cust3638@masked.com,+XXX-XXX-4638,43,124765,C,3082
103639,Customer_3639,cust3639@masked.com,+XXX-XXX-4639,32,66543,B,3128
103640,Customer_3640,cust3640@masked.com,+XXX-XXX-4640,33,31398,B,3137
103641,Customer_3641,cust3641@masked.com,+XXX-XXX-4641,41,165844,B,3072
103642,Customer_3642,cust3642@masked.com,+XXX-XXX-4642,41,93436,C,3045
103643,Customer_3643,cust3643@masked.com,+XXX-XXX-4643,49,180083,A,3105
103644,Customer_3644,cust3644@masked.com,+XXX-XXX-4644,49,129809,A,3031
103645,Customer_3645,cust3645@masked.com,+XXX-XXX-4645,47,70396,B,3005
103646,Customer_3646,cust3646@masked.com,+XXX-XXX-4646,49,130583,E,3144
103647,Customer_3647,cust3647@masked.com,+XXX-XXX-4647,35,86193,B,3073
103648,Customer_3648,cust3648@masked.com,+XXX-XXX-4648,67,129461,C,3113
103649,Customer_3649,cust3649@masked.com,+XXX-XXX-4649,32,40840,B,3026
103650,Customer_3650,cust3650@masked.com,+XXX-XXX-4650,61,178691,B,3053
103651,Customer_3651,cust3651@masked.com,+XXX-XXX-4651,39,118119,A,3084
103652,Customer_3652,cust3652@masked.com,+XXX-XXX-4652,32,100061,A,3126
103653,Customer_3653,cust3653@masked.com,+XXX-XXX-4653,43,83900,B,3110
103654,Customer_3654,cust3654@masked.com,+XXX-XXX-4654,25,65384,B,3014
103655,Customer_3655,cust3655@masked.com,+XXX-XXX-4655,46,144679,A,3131
103656,Customer_3656,cust3656@masked.com,+XXX-XXX-4656,30,49917,C,3092
103657,Customer_3657,cust3657@masked.com,+XXX-XXX-4657,42,132301,E,3122
103658,Customer_3658,cust3658@masked.com,+XXX-XXX-4658,59,108155,B,3072
103659,Customer_3659,cust3659@masked.com,+XXX-XXX-4659,43,90071,C,3146
103660,Customer_3660,cust3660@masked.com,+XXX-XXX-4660,31,76425,E,3091
103661,Customer_3661,cust3661@masked.com,+XXX-XXX-4661,48,100116,D,3016
103662,Customer_3662,cust3662@masked.com,+XXX-XXX-4662,51,195658,B,3042
103663,Customer_3663,cust3663@masked.com,+XXX-XXX-4663,28,81321,C,3120
103664,Customer_3664,cust3664@masked.com,+XXX-XXX-4664,59,87512,A,3040
103665,Customer_3665,cust3665@masked.com,+XXX-XXX-4665,68,121973,C,3038
103666,Customer_3666,cust3666@masked.com,+XXX-XXX-4666,48,138880,B,3112
103667,Customer_3667,cust3667@masked.com,+XXX-XXX-4667,36,67055,A,3110
103668,Customer_3668,cust3668@masked.com,+XXX-XXX-4668,66,20937,B,3046
103669,Customer_3669,cust3669@masked.com,+XXX-XXX-4669,67,37673,A,3062
103670,Customer_3670,cust3670@masked.com,+XXX-XXX-4670,51,122974,C,3109
103671,Customer_3671,cust3671@masked.com,+XXX-XXX-4671,61,92957,B,3068
103672,Customer_3672,cust3672@masked.com,+XXX-XXX-4672,68,199654,C,3042
103673,Customer_3673,cust3673@masked.com,+XXX-XXX-4673,36,180572,A,3033
103674,Customer_3674,cust3674@masked.com,+XXX-XXX-4674,25,32953,A,3039
103675,Customer_3675,cust3675@masked.com,+XXX-XXX-4675,55,87052,C,3060
103676,Customer_3676,cust3676@masked.com,+XXX-XXX-4676,45,197412,E,3061
103677,Customer_3677,cust3677@masked.com,+XXX-XXX-4677,33,63042,A,3057
103678,Customer_3678,cust3678@masked.com,+XXX-XXX-4678,49,139180,B,3074
103679,Customer_3679,cust3679@masked.com,+XXX-XXX-4679,47,91706,D,3015
103680,Customer_3680,cust3680@masked.com,+XXX-XXX-4680,60,177579,A,3081
103681,Customer_3681,cust3681@masked.com,+XXX-XXX-4681,37,144765,D,3093
103682,Customer_3682,cust3682@masked.com,+XXX-XXX-4682,57,153425,C,3047
103683,Customer_3683,cust3683@masked.com,+XXX-XXX-4683,58,31999,B,3137
103684,Customer_3684,cust3684@masked.com,+XXX-XXX-4684,49,96474,B,3081
103685,Customer_3685,cust3685@masked.com,+XXX-XXX-4685,54,83134,B,3037
103686,Customer_3686,cust3686@masked.com,+XXX-XXX-4686,50,151652,B,3126
103687,Customer_3687,cust3687@masked.com,+XXX-XXX-4687,51,90086,D,3018
103688,Customer_3688,cust3688@masked.com,+XXX-XXX-4688,42,65248,C,3062
103689,Customer_3689,cust3689@masked.com,+XXX-XXX-4689,66,137651,C,3076
103690,Customer_3690,cust3690@masked.com,+XXX-XXX-4690,45,82249,D,3130
103691,Customer_3691,cust3691@masked.com,+XXX-XXX-4691,24,187956,B,3101
103692,Customer_3692,cust3692@masked.com,+XXX-XXX-4692,55,167500,C,3064
103693,Customer_3693,cust3693@masked.com,+XXX-XXX-4693,61,27647,B,3119
103694,Customer_3694,cust3694@masked.com,+XXX-XXX-4694,64,88079,D,3090
103695,Customer_3695,cust3695@masked.com,+XXX-XXX-4695,29,100094,B,3007
103696,Customer_3696,cust3696@masked.com,+XXX-XXX-4696,46,73546,C,3072
103697,Customer_3697,cust3697@masked.com,+XXX-XXX-4697,47,100919,D,3133
103698,Customer_3698,cust3698@masked.com,+XXX-XXX-4698,47,50033,B,3106
103699,Customer_3699,cust3699@masked.com,+XXX-XXX-4699,38,105075,A,3088
103700,Customer_3700,cust3700@masked.com,+XXX-XXX-4700,50,105625,C,3038
103701,Customer_3701,cust3701@masked.com,+XXX-XXX-4701,65,118820,B,3112
103702,Customer_3702,cust3702@masked.com,+XXX-XXX-4702,66,51000,C,3027
103703,Customer_3703,cust3703@masked.com,+XXX-XXX-4703,51,92113,E,3096
103704,Customer_3704,cust3704@masked.com,+XXX-XXX-4704,62,163701,B,3036
103705,Customer_3705,cust3705@masked.com,+XXX-XXX-4705,23,187498,B,3136
103706,Customer_3706,cust3706@masked.com,+XXX-XXX-4706,49,157994,C,3081
103707,Customer_3707,cust3707@masked.com,+XXX-XXX-4707,27,113435,A,3055
103708,Customer_3708,cust3708@masked.com,+XXX-XXX-4708,38,146956,B,3084
103709,Customer_3709,cust3709@masked.com,+XXX-XXX-4709,36,119294,D,3001
103710,Customer_3710,cust3710@masked.com,+XXX-XXX-4710,69,81049,C,3057
103711,Customer_3711,cust3711@masked.com,+XXX-XXX-4711,52,116155,A,3106
103712,Customer_3712,cust3712@masked.com,+XXX-XXX-4712,58,27721,A,3122
103713,Customer_3713,cust3713@masked.com,+XXX-XXX-4713,45,136539,C,3113
103714,Customer_3714,cust3714@masked.com,+XXX-XXX-4714,64,192029,D,3106
103715,Customer_3715,cust3715@masked.com,+XXX-XXX-4715,52,121013,D,3036
103716,Customer_3716,cust3716@masked.com,+XXX-XXX-4716,39,131870,B,3078
103717,Customer_3717,cust3717@masked.com,+XXX-XXX-4717,23,87714,E,3091
103718,Customer_3718,cust3718@masked.com,+XXX-XXX-4718,55,115166,C,3017
103719,Customer_3719,cust3719@masked.com,+XXX-XXX-4719,49,131992,C,3097
103720,Customer_3720,cust3720@masked.com,+XXX-XXX-4720,31,29747,C,3062
103721,Customer_3721,cust3721@masked.com,+XXX-XXX-4721,26,151050,A,3149
103722,Customer_3722,cust3722@masked.com,+XXX-XXX-4722,39,144102,E,3138
103723,Customer_3723,cust3723@masked.com,+XXX-XXX-4723,57,172390,A,3003
103724,Customer_3724,cust3724@masked.com,+XXX-XXX-4724,65,149244,B,3134
103725,Customer_3725,cust3725@masked.com,+XXX-XXX-4725,47,177691,D,3060
103726,Customer_3726,cust3726@masked.com,+XXX-XXX-4726,25,93640,C,3106
103727,Customer_3727,cust3727@masked.com,+XXX-XXX-4727,46,67746,D,3053
103728,Customer_3728,cust3728@masked.com,+XXX-XXX-4728,55,158410,C,3087
103729,Customer_3729,cust3729@masked.com,+XXX-XXX-4729,39,86704,B,3067
103730,Customer_3730,cust3730@masked.com,+XXX-XXX-4730,37,149511,E,3128
103731,Customer_3731,cust3731@masked.com,+XXX-XXX-4731,55,76500,A,3054
103732,Customer_3732,cust3732@masked.com,+XXX-XXX-4732,67,162395,D,3002
103733,Customer_3733,cust3733@masked.com,+XXX-XXX-4733,69,88163,B,3120
103734,Customer_3734,cust3734@masked.com,+XXX-XXX-4734,33,148191,D,3128
103735,Customer_3735,cust3735@masked.com,+XXX-XXX-4735,34,38919,A,3101
103736,Customer_3736,cust3736@masked.com,+XXX-XXX-4736,50,169728,C,3037
103737,Customer_3737,cust3737@masked.com,+XXX-XXX-4737,68,73956,D,3084
103738,Customer_3738,cust3738@masked.com,+XXX-XXX-4738,63,36544,B,3132
103739,Customer_3739,cust3739@masked.com,+XXX-XXX-4739,37,70936,C,3091
103740,Customer_3740,cust3740@masked.com,+XXX-XXX-4740,57,39566,D,3020
103741,Customer_3741,cust3741@masked.com,+XXX-XXX-4741,35,146854,C,3108
103742,Customer_3742,cust3742@masked.com,+XXX-XXX-4742,38,34880,E,3046
103743,Customer_3743,cust3743@masked.com,+XXX-XXX-4743,68,163008,B,3083
103744,Customer_3744,cust3744@masked.com,+XXX-XXX-4744,34,116284,A,3082
103745,Customer_3745,cust3745@masked.com,+XXX-XXX-4745,34,32198,A,3034
103746,Customer_3746,cust3746@masked.com,+XXX-XXX-4746,65,28376,B,3068
103747,Customer_3747,cust3747@masked.com,+XXX-XXX-4747,53,87432,A,3128
103748,Customer_3748,cust3748@masked.com,+XXX-XXX-4748,58,129791,C,3139
103749,Customer_3749,cust3749@masked.com,+XXX-XXX-4749,31,186244,A,3026
103750,Customer_3750,cust3750@masked.com,+XXX-XXX-4750,31,168188,A,3055
103751,Customer_3751,cust3751@masked.com,+XXX-XXX-4751,68,83295,A,3022
103752,Customer_3752,cust3752@masked.com,+XXX-XXX-4752,46,160885,D,3020
103753,Customer_3753,cust3753@masked.com,+XXX-XXX-4753,23,71313,C,3060
103754,Customer_3754,cust3754@masked.com,+XXX-XXX-4754,45,126873,B,3062
103755,Customer_3755,cust3755@masked.com,+XXX-XXX-4755,37,40232,D,3121
103756,Customer_3756,cust3756@masked.com,+XXX-XXX-4756,42,53609,A,3051
103757,Customer_3757,cust3757@masked.com,+XXX-XXX-4757,49,136859,E,3087
103758,Customer_3758,cust3758@masked.com,+XXX-XXX-4758,66,59021,C,3054
103759,Customer_3759,cust3759@masked.com,+XXX-XXX-4759,46,65108,A,3045
103760,Customer_3760,cust3760@masked.com,+XXX-XXX-4760,54,150221,C,3031
103761,Customer_3761,cust3761@masked.com,+XXX-XXX-4761,46,105305,D,3054
103762,Customer_3762,cust3762@masked.com,+XXX-XXX-4762,29,24821,B,3095
103763,Customer_3763,cust3763@masked.com,+XXX-XXX-4763,60,140501,D,3132
103764,Customer_3764,cust3764@masked.com,+XXX-XXX-4764,31,168869,A,3035
103765,Customer_3765,cust3765@masked.com,+XXX-XXX-4765,27,85580,B,3109
103766,Customer_3766,cust3766@masked.com,+XXX-XXX-4766,50,169142,A,3105
103767,Customer_3767,cust3767@masked.com,+XXX-XXX-4767,22,25236,A,3057
103768,Customer_3768,cust3768@masked.com,+XXX-XXX-4768,50,46745,B,3038
103769,Customer_3769,cust3769@masked.com,+XXX-XXX-4769,24,157697,D,3079
103770,Customer_3770,cust3770@masked.com,+XXX-XXX-4770,34,113353,A,3096
103771,Customer_3771,cust3771@masked.com,+XXX-XXX-4771,33,170181,B,3112
103772,Customer_3772,cust3772@masked.com,+XXX-XXX-4772,45,177071,C,3060
103773,Customer_3773,cust3773@masked.com,+XXX-XXX-4773,33,191849,D,3136
103774,Customer_3774,cust3774@masked.com,+XXX-XXX-4774,33,24014,E,3005
103775,Customer_3775,cust3775@masked.com,+XXX-XXX-4775,57,58548,D,3108
103776,Customer_3776,cust3776@masked.com,+XXX-XXX-4776,64,61033,E,3034
103777,Customer_3777,cust3777@masked.com,+XXX-XXX-4777,26,59060,D,3038
103778,Customer_3778,cust3778@masked.com,+XXX-XXX-4778,46,87096,E,3149
103779,Customer_3779,cust3779@masked.com,+XXX-XXX-4779,34,78235,C,3117
103780,Customer_3780,cust3780@masked.com,+XXX-XXX-4780,28,96860,A,3004
103781,Customer_3781,cust3781@masked.com,+XXX-XXX-4781,44,112001,B,3086
103782,Customer_3782,cust3782@masked.com,+XXX-XXX-4782,42,115285,C,3075
103783,Customer_3783,cust3783@masked.com,+XXX-XXX-4783,60,45822,B,3056
103784,Customer_3784,cust3784@masked.com,+XXX-XXX-4784,59,102392,B,3126
103785,Customer_3785,cust3785@masked.com,+XXX-XXX-4785,69,140123,C,3028
103786,Customer_3786,cust3786@masked.com,+XXX-XXX-4786,41,54985,E,3086
103787,Customer_3787,cust3787@masked.com,+XXX-XXX-4787,63,45276,A,3140
103788,Customer_3788,cust3788@masked.com,+XXX-XXX-4788,46,194111,D,3045
103789,Customer_3789,cust3789@masked.com,+XXX-XXX-4789,30,154059,C,3115
103790,Customer_3790,cust3790@masked.com,+XXX-XXX-4790,33,28330,E,3111
103791,Customer_3791,cust3791@masked.com,+XXX-XXX-4791,62,177045,E,3044
103792,Customer_3792,cust3792@masked.com,+XXX-XXX-4792,34,169593,D,3144
103793,Customer_3793,cust3793@masked.com,+XXX-XXX-4793,29,95811,C,3103
103794,Customer_3794,cust3794@masked.com,+XXX-XXX-4794,27,68119,A,3084
103795,Customer_3795,cust3795@masked.com,+XXX-XXX-4795,59,134619,C,3133
103796,Customer_3796,cust3796@masked.com,+XXX-XXX-4796,51,178624,D,3107
103797,Customer_3797,cust3797@masked.com,+XXX-XXX-4797,36,57603,D,3017
103798,Customer_3798,cust3798@masked.com,+XXX-XXX-4798,28,48940,D,3093
103799,Customer_3799,cust3799@masked.com,+XXX-XXX-4799,68,197037,A,3149
103800,Customer_3800,cust3800@masked.com,+XXX-XXX-4800,35,28377,C,3032
103801,Customer_3801,cust3801@masked.com,+XXX-XXX-4801,45,82308,B,3125
103802,Customer_3802,cust3802@masked.com,+XXX-XXX-4802,67,55961,A,3121
103803,Customer_3803,cust3803@masked.com,+XXX-XXX-4803,58,24928,A,3137
103804,Customer_3804,cust3804@masked.com,+XXX-XXX-4804,61,29604,A,3114
103805,Customer_3805,cust3805@masked.com,+XXX-XXX-4805,35,68029,D,3027
103806,Customer_3806,cust3806@masked.com,+XXX-XXX-4806,45,113300,B,3010
103807,Customer_3807,cust3807@masked.com,+XXX-XXX-4807,27,164849,B,3046
103808,Customer_3808,cust3808@masked.com,+XXX-XXX-4808,46,191436,E,3126
103809,Customer_3809,cust3809@masked.com,+XXX-XXX-4809,28,72068,B,3146
103810,Customer_3810,cust3810@masked.com,+XXX-XXX-4810,38,176663,A,3117
103811,Customer_3811,cust3811@masked.com,+XXX-XXX-4811,41,182977,B,3142
103812,Customer_3812,cust3812@masked.com,+XXX-XXX-4812,36,132236,A,3125
103813,Customer_3813,cust3813@masked.com,+XXX-XXX-4813,67,123949,A,3071
103814,Customer_3814,cust3814@masked.com,+XXX-XXX-4814,23,155333,A,3106
103815,Customer_3815,cust3815@masked.com,+XXX-XXX-4815,21,185775,C,3136
103816,Customer_3816,cust3816@masked.com,+XXX-XXX-4816,33,57306,A,3032
103817,Customer_3817,cust3817@masked.com,+XXX-XXX-4817,52,89962,B,3018
103818,Customer_3818,cust3818@masked.com,+XXX-XXX-4818,32,82432,D,3073
103819,Customer_3819,cust3819@masked.com,+XXX-XXX-4819,51,152430,B,3097
103820,Customer_3820,cust3820@masked.com,+XXX-XXX-4820,61,98959,D,3140
103821,Customer_3821,cust3821@masked.com,+XXX-XXX-4821,22,54537,B,3128
103822,Customer_3822,cust3822@masked.com,+XXX-XXX-4822,61,47337,B,3092
103823,Customer_3823,cust3823@masked.com,+XXX-XXX-4823,28,145762,D,3047
103824,Customer_3824,cust3824@masked.com,+XXX-XXX-4824,45,149162,A,3063
103825,Customer_3825,cust3825@masked.com,+XXX-XXX-4825,25,83247,A,3060
103826,Customer_3826,cust3826@masked.com,+XXX-XXX-4826,65,111301,C,3038
103827,Customer_3827,cust3827@masked.com,+XXX-XXX-4827,22,197565,B,3127
103828,Customer_3828,cust3828@masked.com,+XXX-XXX-4828,62,37576,D,3087
103829,Customer_3829,cust3829@masked.com,+XXX-XXX-4829,58,55584,D,3025
103830,Customer_3830,cust3830@masked.com,+XXX-XXX-4830,59,59035,B,3016
103831,Customer_3831,cust3831@masked.com,+XXX-XXX-4831,23,113733,C,3070
103832,Customer_3832,cust3832@masked.com,+XXX-XXX-4832,66,174481,C,3012
103833,Customer_3833,cust3833@masked.com,+XXX-XXX-4833,68,155928,E,3068
103834,Customer_3834,cust3834@masked.com,+XXX-XXX-4834,58,115980,D,3025
103835,Customer_3835,cust3835@masked.com,+XXX-XXX-4835,42,107163,D,3048
103836,Customer_3836,cust3836@masked.com,+XXX-XXX-4836,60,192257,B,3006
103837,Customer_3837,cust3837@masked.com,+XXX-XXX-4837,53,187817,D,3057
103838,Customer_3838,cust3838@masked.com,+XXX-XXX-4838,52,180784,B,3048
103839,Customer_3839,cust3839@masked.com,+XXX-XXX-4839,67,32023,A,3102
103840,Customer_3840,cust3840@masked.com,+XXX-XXX-4840,37,145524,E,3052
103841,Customer_3841,cust3841@masked.com,+XXX-XXX-4841,38,120187,A,3061
103842,Customer_3842,cust3842@masked.com,+XXX-XXX-4842,23,82919,E,3016
103843,Customer_3843,cust3843@masked.com,+XXX-XXX-4843,26,20540,A,3024
103844,Customer_3844,cust3844@masked.com,+XXX-XXX-4844,69,28837,D,3130
103845,Customer_3845,cust3845@masked.com,+XXX-XXX-4845,33,172257,B,3028
103846,Customer_3846,cust3846@masked.com,+XXX-XXX-4846,51,123030,B,3116
103847,Customer_3847,cust3847@masked.com,+XXX-XXX-4847,37,84889,A,3025
103848,Customer_3848,cust3848@masked.com,+XXX-XXX-4848,41,174478,C,3123
103849,Customer_3849,cust3849@masked.com,+XXX-XXX-4849,36,69054,B,3143
103850,Customer_3850,cust3850@masked.com,+XXX-XXX-4850,37,29046,C,3024
103851,Customer_3851,cust3851@masked.com,+XXX-XXX-4851,52,72495,A,3053
103852,Customer_3852,cust3852@masked.com,+XXX-XXX-4852,21,60579,A,3072
103853,Customer_3853,cust3853@masked.com,+XXX-XXX-4853,68,79821,A,3119
103854,Customer_3854,cust3854@masked.com,+XXX-XXX-4854,58,115877,B,3055
103855,Customer_3855,cust3855@masked.com,+XXX-XXX-4855,28,96668,D,3064
103856,Customer_3856,cust3856@masked.com,+XXX-XXX-4856,21,185247,D,3092
103857,Customer_3857,cust3857@masked.com,+XXX-XXX-4857,22,29012,B,3085
103858,Customer_3858,cust3858@masked.com,+XXX-XXX-4858,67,27030,C,3079
103859,Customer_3859,cust3859@masked.com,+XXX-XXX-4859,57,142047,D,3107
103860,Customer_3860,cust3860@masked.com,+XXX-XXX-4860,44,163099,B,3117
103861,Customer_3861,cust3861@masked.com,+XXX-XXX-4861,47,113399,B,3082
103862,Customer_3862,cust3862@masked.com,+XXX-XXX-4862,40,38565,C,3146
103863,Customer_3863,cust3863@masked.com,+XXX-XXX-4863,67,180362,A,3014
103864,Customer_3864,cust3864@masked.com,+XXX-XXX-4864,41,121536,A,3130
103865,Customer_3865,cust3865@masked.com,+XXX-XXX-4865,62,133921,A,3138
103866,Customer_3866,cust3866@masked.com,+XXX-XXX-4866,57,176072,C,3029
103867,Customer_3867,cust3867@masked.com,+XXX-XXX-4867,55,184197,A,3056
103868,Customer_3868,cust3868@masked.com,+XXX-XXX-4868,58,162710,A,3145
103869,Customer_3869,cust3869@masked.com,+XXX-XXX-4869,35,111122,B,3127
103870,Customer_3870,cust3870@masked.com,+XXX-XXX-4870,66,77540,A,3047
103871,Customer_3871,cust3871@masked.com,+XXX-XXX-4871,62,29225,A,3135
103872,Customer_3872,cust3872@masked.com,+XXX-XXX-4872,50,176509,D,3021
103873,Customer_3873,cust3873@masked.com,+XXX-XXX-4873,24,116774,A,3005
103874,Customer_3874,cust3874@masked.com,+XXX-XXX-4874,63,102268,C,3103
103875,Customer_3875,cust3875@masked.com,+XXX-XXX-4875,59,48353,B,3035
103876,Customer_3876,cust3876@masked.com,+XXX-XXX-4876,35,68531,C,3078
103877,Customer_3877,cust3877@masked.com,+XXX-XXX-4877,43,152730,C,3115
103878,Customer_3878,cust3878@masked.com,+XXX-XXX-4878,61,45150,B,3056
103879,Customer_3879,cust3879@masked.com,+XXX-XXX-4879,35,164387,D,3048
103880,Customer_3880,cust3880@masked.com,+XXX-XXX-4880,46,169275,B,3081
103881,Customer_3881,cust3881@masked.com,+XXX-XXX-4881,32,141159,D,3065
103882,Customer_3882,cust3882@masked.com,+XXX-XXX-4882,38,58649,B,3076
103883,Customer_3883,cust3883@masked.com,+XXX-XXX-4883,26,190495,E,3044
103884,Customer_3884,cust3884@masked.com,+XXX-XXX-4884,38,40392,D,3078
103885,Customer_3885,cust3885@masked.com,+XXX-XXX-4885,44,157115,E,3019
103886,Customer_3886,cust3886@masked.com,+XXX-XXX-4886,58,36867,C,3122
103887,Customer_3887,cust3887@masked.com,+XXX-XXX-4887,48,122216,B,3066
103888,Customer_3888,cust3888@masked.com,+XXX-XXX-4888,35,151429,D,3082
103889,Customer_3889,cust3889@masked.com,+XXX-XXX-4889,39,196512,D,3002
103890,Customer_3890,cust3890@masked.com,+XXX-XXX-4890,25,175901,E,3063
103891,Customer_3891,cust3891@masked.com,+XXX-XXX-4891,24,146874,B,3039
103892,Customer_3892,cust3892@masked.com,+XXX-XXX-4892,37,192866,D,3058
103893,Customer_3893,cust3893@masked.com,+XXX-XXX-4893,30,185030,A,3061
103894,Customer_3894,cust3894@masked.com,+XXX-XXX-4894,32,50408,C,3131
103895,Customer_3895,cust3895@masked.com,+XXX-XXX-4895,25,46279,A,3059
103896,Customer_3896,cust3896@masked.com,+XXX-XXX-4896,27,180539,B,3115
103897,Customer_3897,cust3897@masked.com,+XXX-XXX-4897,64,122868,E,3074
103898,Customer_3898,cust3898@masked.com,+XXX-XXX-4898,43,75131,A,3121
103899,Customer_3899,cust3899@masked.com,+XXX-XXX-4899,22,61452,C,3106
103900,Customer_3900,cust3900@masked.com,+XXX-XXX-4900,50,96855,C,3095
103901,Customer_3901,cust3901@masked.com,+XXX-XXX-4901,69,177768,A,3090
103902,Customer_3902,cust3902@masked.com,+XXX-XXX-4902,65,83612,B,3129
103903,Customer_3903,cust3903@masked.com,+XXX-XXX-4903,57,47578,C,3061
103904,Customer_3904,cust3904@masked.com,+XXX-XXX-4904,25,21908,A,3048
103905,Customer_3905,cust3905@masked.com,+XXX-XXX-4905,40,118059,D,3136
103906,Customer_3906,cust3906@masked.com,+XXX-XXX-4906,46,99368,E,3091
103907,Customer_3907,cust3907@masked.com,+XXX-XXX-4907,64,162658,A,3123
103908,Customer_3908,cust3908@masked.com,+XXX-XXX-4908,64,171792,A,3060
103909,Customer_3909,cust3909@masked.com,+XXX-XXX-4909,59,90940,B,3047
103910,Customer_3910,cust3910@masked.com,+XXX-XXX-4910,26,107878,C,3135
103911,Customer_3911,cust3911@masked.com,+XXX-XXX-4911,49,152697,B,3057
103912,Customer_3912,cust3912@masked.com,+XXX-XXX-4912,30,117543,A,3100
103913,Customer_3913,cust3913@masked.com,+XXX-XXX-4913,36,189258,C,3111
103914,Customer_3914,cust3914@masked.com,+XXX-XXX-4914,54,188226,E,3061
103915,Customer_3915,cust3915@masked.com,+XXX-XXX-4915,51,185229,B,3038
103916,Customer_3916,cust3916@masked.com,+XXX-XXX-4916,56,37871,B,3057
103917,Customer_3917,cust3917@masked.com,+XXX-XXX-4917,61,149742,E,3098
103918,Customer_3918,cust3918@masked.com,+XXX-XXX-4918,25,132961,C,3043
103919,Customer_3919,cust3919@masked.com,+XXX-XXX-4919,53,75653,C,3028
103920,Customer_3920,cust3920@masked.com,+XXX-XXX-4920,63,160180,C,3058
103921,Customer_3921,cust3921@masked.com,+XXX-XXX-4921,39,135398,E,3070
103922,Customer_3922,cust3922@masked.com,+XXX-XXX-4922,52,54984,C,3091
103923,Customer_3923,cust3923@masked.com,+XXX-XXX-4923,43,83478,D,3008
103924,Customer_3924,cust3924@masked.com,+XXX-XXX-4924,23,44290,C,3126
103925,Customer_3925,cust3925@masked.com,+XXX-XXX-4925,21,165505,C,3133
103926,Customer_3926,cust3926@masked.com,+XXX-XXX-4926,56,188671,B,3144
103927,Customer_3927,cust3927@masked.com,+XXX-XXX-4927,61,161890,B,3143
103928,Customer_3928,cust3928@masked.com,+XXX-XXX-4928,48,26984,D,3130
103929,Customer_3929,cust3929@masked.com,+XXX-XXX-4929,68,192432,B,3020
103930,Customer_3930,cust3930@masked.com,+XXX-XXX-4930,59,86286,C,3063
103931,Customer_3931,cust3931@masked.com,+XXX-XXX-4931,25,25594,B,3089
103932,Customer_3932,cust3932@masked.com,+XXX-XXX-4932,33,158243,D,3035
103933,Customer_3933,cust3933@masked.com,+XXX-XXX-4933,31,116624,A,3061
103934,Customer_3934,cust3934@masked.com,+XXX-XXX-4934,66,136575,D,3075
103935,Customer_3935,cust3935@masked.com,+XXX-XXX-4935,42,70570,C,3012
103936,Customer_3936,cust3936@masked.com,+XXX-XXX-4936,69,137291,A,3010
103937,Customer_3937,cust3937@masked.com,+XXX-XXX-4937,43,115350,C,3053
103938,Customer_3938,cust3938@masked.com,+XXX-XXX-4938,32,148742,B,3015
103939,Customer_3939,cust3939@masked.com,+XXX-XXX-4939,41,139788,B,3007
103940,Customer_3940,cust3940@masked.com,+XXX-XXX-4940,39,82405,B,3103
103941,Customer_3941,cust3941@masked.com,+XXX-XXX-4941,25,131606,A,3058
103942,Customer_3942,cust3942@masked.com,+XXX-XXX-4942,44,82653,E,3056
103943,Customer_3943,cust3943@masked.com,+XXX-XXX-4943,50,161282,A,3039
103944,Customer_3944,cust3944@masked.com,+XXX-XXX-4944,28,79380,C,3129
103945,Customer_3945,cust3945@masked.com,+XXX-XXX-4945,22,193677,B,3093
103946,Customer_3946,cust3946@masked.com,+XXX-XXX-4946,69,121791,C,3137
103947,Customer_3947,cust3947@masked.com,+XXX-XXX-4947,54,140598,B,3043
103948,Customer_3948,cust3948@masked.com,+XXX-XXX-4948,43,181897,C,3138
103949,Customer_3949,cust3949@masked.com,+XXX-XXX-4949,23,140996,C,3079
103950,Customer_3950,cust3950@masked.com,+XXX-XXX-4950,44,139421,C,3080
103951,Customer_3951,cust3951@masked.com,+XXX-XXX-4951,38,184863,A,3001
103952,Customer_3952,cust3952@masked.com,+XXX-XXX-4952,67,95237,C,3139
103953,Customer_3953,cust3953@masked.com,+XXX-XXX-4953,57,112150,B,3114
103954,Customer_3954,cust3954@masked.com,+XXX-XXX-4954,69,100202,A,3089
103955,Customer_3955,cust3955@masked.com,+XXX-XXX-4955,51,90775,B,3022
103956,Customer_3956,cust3956@masked.com,+XXX-XXX-4956,34,104266,B,3145
103957,Customer_3957,cust3957@masked.com,+XXX-XXX-4957,21,86391,B,3061
103958,Customer_3958,cust3958@masked.com,+XXX-XXX-4958,34,94894,C,3112
103959,Customer_3959,cust3959@masked.com,+XXX-XXX-4959,61,70817,B,3127
103960,Customer_3960,cust3960@masked.com,+XXX-XXX-4960,25,89574,B,3061
103961,Customer_3961,cust3961@masked.com,+XXX-XXX-4961,51,62932,A,3037
103962,Customer_3962,cust3962@masked.com,+XXX-XXX-4962,51,83404,C,3060
103963,Customer_3963,cust3963@masked.com,+XXX-XXX-4963,50,40071,C,3128
103964,Customer_3964,cust3964@masked.com,+XXX-XXX-4964,56,195400,B,3148
103965,Customer_3965,cust3965@masked.com,+XXX-XXX-4965,21,73694,C,3121
103966,Customer_3966,cust3966@masked.com,+XXX-XXX-4966,23,20733,C,3109
103967,Customer_3967,cust3967@masked.com,+XXX-XXX-4967,40,81127,B,3012
103968,Customer_3968,cust3968@masked.com,+XXX-XXX-4968,63,186761,C,3099
103969,Customer_3969,cust3969@masked.com,+XXX-XXX-4969,68,195361,C,3134
103970,Customer_3970,cust3970@masked.com,+XXX-XXX-4970,63,98345,C,3021
103971,Customer_3971,cust3971@masked.com,+XXX-XXX-4971,41,164758,B,3073
103972,Customer_3972,cust3972@masked.com,+XXX-XXX-4972,50,89034,A,3131
103973,Customer_3973,cust3973@masked.com,+XXX-XXX-4973,62,127620,A,3022
103974,Customer_3974,cust3974@masked.com,+XXX-XXX-4974,64,155789,C,3118
103975,Customer_3975,cust3975@masked.com,+XXX-XXX-4975,50,24854,D,3069
103976,Customer_3976,cust3976@masked.com,+XXX-XXX-4976,25,120162,B,3083
103977,Customer_3977,cust3977@masked.com,+XXX-XXX-4977,30,128787,A,3100
103978,Customer_3978,cust3978@masked.com,+XXX-XXX-4978,44,34358,D,3083
103979,Customer_3979,cust3979@masked.com,+XXX-XXX-4979,65,172929,D,3027
103980,Customer_3980,cust3980@masked.com,+XXX-XXX-4980,59,24960,D,3135
103981,Customer_3981,cust3981@masked.com,+XXX-XXX-4981,68,187355,C,3000
103982,Customer_3982,cust3982@masked.com,+XXX-XXX-4982,26,46576,D,3062
103983,Customer_3983,cust3983@masked.com,+XXX-XXX-4983,30,111909,A,3021
103984,Customer_3984,cust3984@masked.com,+XXX-XXX-4984,62,38700,A,3069
103985,Customer_3985,cust3985@masked.com,+XXX-XXX-4985,63,194612,A,3124
103986,Customer_3986,cust3986@masked.com,+XXX-XXX-4986,30,71166,C,3148
103987,Customer_3987,cust3987@masked.com,+XXX-XXX-4987,45,67417,A,3095
103988,Customer_3988,cust3988@masked.com,+XXX-XXX-4988,34,39412,B,3078
103989,Customer_3989,cust3989@masked.com,+XXX-XXX-4989,67,117760,B,3004
103990,Customer_3990,cust3990@masked.com,+XXX-XXX-4990,59,79291,B,3059
103991,Customer_3991,cust3991@masked.com,+XXX-XXX-4991,33,111255,D,3119
103992,Customer_3992,cust3992@masked.com,+XXX-XXX-4992,31,155303,A,3045
103993,Customer_3993,cust3993@masked.com,+XXX-XXX-4993,59,27521,B,3133
103994,Customer_3994,cust3994@masked.com,+XXX-XXX-4994,31,143815,D,3055
103995,Customer_3995,cust3995@masked.com,+XXX-XXX-4995,66,31349,A,3109
103996,Customer_3996,cust3996@masked.com,+XXX-XXX-4996,69,52768,C,3103
103997,Customer_3997,cust3997@masked.com,+XXX-XXX-4997,36,115168,D,3076
103998,Customer_3998,cust3998@masked.com,+XXX-XXX-4998,53,82985,E,3145
103999,Customer_3999,cust3999@masked.com,+XXX-XXX-4999,61,27611,D,3001
104000,Customer_4000,cust4000@masked.com,+XXX-XXX-5000,61,39012,B,3007
104001,Customer_4001,cust4001@masked.com,+XXX-XXX-5001,52,69725,C,3074
104002,Customer_4002,cust4002@masked.com,+XXX-XXX-5002,30,21548,A,3124
104003,Customer_4003,cust4003@masked.com,+XXX-XXX-5003,35,110297,B,3037
104004,Customer_4004,cust4004@masked.com,+XXX-XXX-5004,36,165060,A,3026
104005,Customer_4005,cust4005@masked.com,+XXX-XXX-5005,63,114729,B,3019
104006,Customer_4006,cust4006@masked.com,+XXX-XXX-5006,47,34497,D,3139
104007,Customer_4007,cust4007@masked.com,+XXX-XXX-5007,69,150337,B,3042
104008,Customer_4008,cust4008@masked.com,+XXX-XXX-5008,65,170948,C,3030
104009,Customer_4009,cust4009@masked.com,+XXX-XXX-5009,52,177891,B,3090
104010,Customer_4010,cust4010@masked.com,+XXX-XXX-5010,26,158911,B,3060
104011,Customer_4011,cust4011@masked.com,+XXX-XXX-5011,67,58457,E,3108
104012,Customer_4012,cust4012@masked.com,+XXX-XXX-5012,68,136584,B,3090
104013,Customer_4013,cust4013@masked.com,+XXX-XXX-5013,56,137143,C,3094
104014,Customer_4014,cust4014@masked.com,+XXX-XXX-5014,28,128296,B,3142
104015,Customer_4015,cust4015@masked.com,+XXX-XXX-5015,45,148919,A,3143
104016,Customer_4016,cust4016@masked.com,+XXX-XXX-5016,27,81976,B,3012
104017,Customer_4017,cust4017@masked.com,+XXX-XXX-5017,37,30275,D,3112
104018,Customer_4018,cust4018@masked.com,+XXX-XXX-5018,68,58151,A,3034
104019,Customer_4019,cust4019@masked.com,+XXX-XXX-5019,50,54173,A,3148
104020,Customer_4020,cust4020@masked.com,+XXX-XXX-5020,22,113800,A,3047
104021,Customer_4021,cust4021@masked.com,+XXX-XXX-5021,37,63612,D,3034
104022,Customer_4022,cust4022@masked.com,+XXX-XXX-5022,24,35960,C,3085
104023,Customer_4023,cust4023@masked.com,+XXX-XXX-5023,46,24538,C,3113
104024,Customer_4024,cust4024@masked.com,+XXX-XXX-5024,34,70338,B,3099
104025,Customer_4025,cust4025@masked.com,+XXX-XXX-5025,28,48709,D,3098
104026,Customer_4026,cust4026@masked.com,+XXX-XXX-5026,25,153211,D,3002
104027,Customer_4027,cust4027@masked.com,+XXX-XXX-5027,25,186518,D,3084
104028,Customer_4028,cust4028@masked.com,+XXX-XXX-5028,25,187634,D,3124
104029,Customer_4029,cust4029@masked.com,+XXX-XXX-5029,47,170175,C,3137
104030,Customer_4030,cust4030@masked.com,+XXX-XXX-5030,25,67204,B,3082
104031,Customer_4031,cust4031@masked.com,+XXX-XXX-5031,23,44432,D,3024
104032,Customer_4032,cust4032@masked.com,+XXX-XXX-5032,58,188442,E,3067
104033,Customer_4033,cust4033@masked.com,+XXX-XXX-5033,50,145211,A,3060
104034,Customer_4034,cust4034@masked.com,+XXX-XXX-5034,21,171413,A,3028
104035,Customer_4035,cust4035@masked.com,+XXX-XXX-5035,28,26069,E,3126
104036,Customer_4036,cust4036@masked.com,+XXX-XXX-5036,33,164365,B,3018
104037,Customer_4037,cust4037@masked.com,+XXX-XXX-5037,40,118582,D,3073
104038,Customer_4038,cust4038@masked.com,+XXX-XXX-5038,26,120895,B,3060
104039,Customer_4039,cust4039@masked.com,+XXX-XXX-5039,68,143529,A,3019
104040,Customer_4040,cust4040@masked.com,+XXX-XXX-5040,28,150640,A,3047
104041,Customer_4041,cust4041@masked.com,+XXX-XXX-5041,50,178626,A,3086
104042,Customer_4042,cust4042@masked.com,+XXX-XXX-5042,69,118658,B,3138
104043,Customer_4043,cust4043@masked.com,+XXX-XXX-5043,60,133982,B,3109
104044,Customer_4044,cust4044@masked.com,+XXX-XXX-5044,35,104162,C,3027
104045,Customer_4045,cust4045@masked.com,+XXX-XXX-5045,30,57667,E,3058
104046,Customer_4046,cust4046@masked.com,+XXX-XXX-5046,53,71632,B,3132
104047,Customer_4047,cust4047@masked.com,+XXX-XXX-5047,29,118861,C,3050
104048,Customer_4048,cust4048@masked.com,+XXX-XXX-5048,69,66106,C,3148
104049,Customer_4049,cust4049@masked.com,+XXX-XXX-5049,53,89022,C,3011
104050,Customer_4050,cust4050@masked.com,+XXX-XXX-5050,29,102081,C,3049
104051,Customer_4051,cust4051@masked.com,+XXX-XXX-5051,34,150891,A,3131
104052,Customer_4052,cust4052@masked.com,+XXX-XXX-5052,52,108164,A,3112
104053,Customer_4053,cust4053@masked.com,+XXX-XXX-5053,57,135386,A,3013
104054,Customer_4054,cust4054@masked.com,+XXX-XXX-5054,26,128469,A,3031
104055,Customer_4055,cust4055@masked.com,+XXX-XXX-5055,25,89080,C,3138
104056,Customer_4056,cust4056@masked.com,+XXX-XXX-5056,24,105697,A,3145
104057,Customer_4057,cust4057@masked.com,+XXX-XXX-5057,68,186045,D,3054
104058,Customer_4058,cust4058@masked.com,+XXX-XXX-5058,36,38376,E,3119
104059,Customer_4059,cust4059@masked.com,+XXX-XXX-5059,30,149942,E,3074
104060,Customer_4060,cust4060@masked.com,+XXX-XXX-5060,51,70184,E,3020
104061,Customer_4061,cust4061@masked.com,+XXX-XXX-5061,51,80854,B,3132
104062,Customer_4062,cust4062@masked.com,+XXX-XXX-5062,34,107936,C,3086
104063,Customer_4063,cust4063@masked.com,+XXX-XXX-5063,33,90455,A,3058
104064,Customer_4064,cust4064@masked.com,+XXX-XXX-5064,24,136521,D,3088
104065,Customer_4065,cust4065@masked.com,+XXX-XXX-5065,66,97934,D,3149
104066,Customer_4066,cust4066@masked.com,+XXX-XXX-5066,46,108904,D,3082
104067,Customer_4067,cust4067@masked.com,+XXX-XXX-5067,44,173802,B,3064
104068,Customer_4068,cust4068@masked.com,+XXX-XXX-5068,29,38167,D,3063
104069,Customer_4069,cust4069@masked.com,+XXX-XXX-5069,55,83178,A,3070
104070,Customer_4070,cust4070@masked.com,+XXX-XXX-5070,62,37568,A,3003
104071,Customer_4071,cust4071@masked.com,+XXX-XXX-5071,35,92369,D,3142
104072,Customer_4072,cust4072@masked.com,+XXX-XXX-5072,44,79657,B,3103
104073,Customer_4073,cust4073@masked.com,+XXX-XXX-5073,51,20571,E,3149
104074,Customer_4074,cust4074@masked.com,+XXX-XXX-5074,39,188140,A,3092
104075,Customer_4075,cust4075@masked.com,+XXX-XXX-5075,22,40122,D,3141
104076,Customer_4076,cust4076@masked.com,+XXX-XXX-5076,22,151655,B,3147
104077,Customer_4077,cust4077@masked.com,+XXX-XXX-5077,61,142011,D,3111
104078,Customer_4078,cust4078@masked.com,+XXX-XXX-5078,56,173035,D,3118
104079,Customer_4079,cust4079@masked.com,+XXX-XXX-5079,57,122874,D,3058
104080,Customer_4080,cust4080@masked.com,+XXX-XXX-5080,54,48364,B,3042
104081,Customer_4081,cust4081@masked.com,+XXX-XXX-5081,59,91227,E,3011
104082,Customer_4082,cust4082@masked.com,+XXX-XXX-5082,39,95861,A,3039
104083,Customer_4083,cust4083@masked.com,+XXX-XXX-5083,58,109950,A,3117
104084,Customer_4084,cust4084@masked.com,+XXX-XXX-5084,43,25126,B,3019
104085,Customer_4085,cust4085@masked.com,+XXX-XXX-5085,36,112144,D,3130
104086,Customer_4086,cust4086@masked.com,+XXX-XXX-5086,66,23762,B,3089
104087,Customer_4087,cust4087@masked.com,+XXX-XXX-5087,64,22786,D,3093
104088,Customer_4088,cust4088@masked.com,+XXX-XXX-5088,26,87078,C,3012
104089,Customer_4089,cust4089@masked.com,+XXX-XXX-5089,46,136363,A,3065
104090,Customer_4090,cust4090@masked.com,+XXX-XXX-5090,42,98349,E,3036
104091,Customer_4091,cust4091@masked.com,+XXX-XXX-5091,65,167489,A,3065
104092,Customer_4092,cust4092@masked.com,+XXX-XXX-5092,67,36294,D,3035
104093,Customer_4093,cust4093@masked.com,+XXX-XXX-5093,44,88335,B,3025
104094,Customer_4094,cust4094@masked.com,+XXX-XXX-5094,66,142184,C,3074
104095,Customer_4095,cust4095@masked.com,+XXX-XXX-5095,60,92459,B,3107
104096,Customer_4096,cust4096@masked.com,+XXX-XXX-5096,41,70209,A,3042
104097,Customer_4097,cust4097@masked.com,+XXX-XXX-5097,50,26938,B,3149
104098,Customer_4098,cust4098@masked.com,+XXX-XXX-5098,31,142285,A,3147
104099,Customer_4099,cust4099@masked.com,+XXX-XXX-5099,29,124875,A,3007
104100,Customer_4100,cust4100@masked.com,+XXX-XXX-5100,32,194993,A,3028
104101,Customer_4101,cust4101@masked.com,+XXX-XXX-5101,46,155460,B,3039
104102,Customer_4102,cust4102@masked.com,+XXX-XXX-5102,58,88163,D,3127
104103,Customer_4103,cust4103@masked.com,+XXX-XXX-5103,23,27247,C,3083
104104,Customer_4104,cust4104@masked.com,+XXX-XXX-5104,53,42575,D,3115
104105,Customer_4105,cust4105@masked.com,+XXX-XXX-5105,35,40146,C,3143
104106,Customer_4106,cust4106@masked.com,+XXX-XXX-5106,67,42371,C,3061
104107,Customer_4107,cust4107@masked.com,+XXX-XXX-5107,25,112243,C,3006
104108,Customer_4108,cust4108@masked.com,+XXX-XXX-5108,44,127102,B,3044
104109,Customer_4109,cust4109@masked.com,+XXX-XXX-5109,31,71507,C,3087
104110,Customer_4110,cust4110@masked.com,+XXX-XXX-5110,53,46875,A,3072
104111,Customer_4111,cust4111@masked.com,+XXX-XXX-5111,43,33792,D,3036
104112,Customer_4112,cust4112@masked.com,+XXX-XXX-5112,30,199795,D,3118
104113,Customer_4113,cust4113@masked.com,+XXX-XXX-5113,63,103253,B,3056
104114,Customer_4114,cust4114@masked.com,+XXX-XXX-5114,48,105928,D,3007
104115,Customer_4115,cust4115@masked.com,+XXX-XXX-5115,59,104393,A,3094
104116,Customer_4116,cust4116@masked.com,+XXX-XXX-5116,37,91679,A,3116
104117,Customer_4117,cust4117@masked.com,+XXX-XXX-5117,64,169542,A,3109
104118,Customer_4118,cust4118@masked.com,+XXX-XXX-5118,46,39734,D,3019
104119,Customer_4119,cust4119@masked.com,+XXX-XXX-5119,45,164175,D,3123
104120,Customer_4120,cust4120@masked.com,+XXX-XXX-5120,56,67728,D,3052
104121,Customer_4121,cust4121@masked.com,+XXX-XXX-5121,32,110487,A,3118
104122,Customer_4122,cust4122@masked.com,+XXX-XXX-5122,23,187550,C,3011
104123,Customer_4123,cust4123@masked.com,+XXX-XXX-5123,49,50766,C,3016
104124,Customer_4124,cust4124@masked.com,+XXX-XXX-5124,64,195587,A,3063
104125,Customer_4125,cust4125@masked.com,+XXX-XXX-5125,44,65240,C,3041
104126,Customer_4126,cust4126@masked.com,+XXX-XXX-5126,39,182360,A,3093
104127,Customer_4127,cust4127@masked.com,+XXX-XXX-5127,33,87310,A,3146
104128,Customer_4128,cust4128@masked.com,+XXX-XXX-5128,36,135261,B,3010
104129,Customer_4129,cust4129@masked.com,+XXX-XXX-5129,60,57432,C,3097
104130,Customer_4130,cust4130@masked.com,+XXX-XXX-5130,47,140050,A,3070
104131,Customer_4131,cust4131@masked.com,+XXX-XXX-5131,26,124775,A,3107
104132,Customer_4132,cust4132@masked.com,+XXX-XXX-5132,62,42497,A,3057
104133,Customer_4133,cust4133@masked.com,+XXX-XXX-5133,30,48283,B,3033
104134,Customer_4134,cust4134@masked.com,+XXX-XXX-5134,58,132597,B,3019
104135,Customer_4135,cust4135@masked.com,+XXX-XXX-5135,28,192184,B,3049
104136,Customer_4136,cust4136@masked.com,+XXX-XXX-5136,38,192760,C,3101
104137,Customer_4137,cust4137@masked.com,+XXX-XXX-5137,52,132039,B,3137
104138,Customer_4138,cust4138@masked.com,+XXX-XXX-5138,37,95280,D,3051
104139,Customer_4139,cust4139@masked.com,+XXX-XXX-5139,62,89199,C,3014
104140,Customer_4140,cust4140@masked.com,+XXX-XXX-5140,22,32463,A,3083
104141,Customer_4141,cust4141@masked.com,+XXX-XXX-5141,64,108614,A,3130
104142,Customer_4142,cust4142@masked.com,+XXX-XXX-5142,40,189981,D,3036
104143,Customer_4143,cust4143@masked.com,+XXX-XXX-5143,30,157232,A,3125
104144,Customer_4144,cust4144@masked.com,+XXX-XXX-5144,29,130840,A,3039
104145,Customer_4145,cust4145@masked.com,+XXX-XXX-5145,68,47682,A,3071
104146,Customer_4146,cust4146@masked.com,+XXX-XXX-5146,59,147776,C,3039
104147,Customer_4147,cust4147@masked.com,+XXX-XXX-5147,61,125446,C,3055
104148,Customer_4148,cust4148@masked.com,+XXX-XXX-5148,45,116401,E,3103
104149,Customer_4149,cust4149@masked.com,+XXX-XXX-5149,45,172477,D,3138
104150,Customer_4150,cust4150@masked.com,+XXX-XXX-5150,44,190148,B,3109
104151,Customer_4151,cust4151@masked.com,+XXX-XXX-5151,26,160398,B,3135
104152,Customer_4152,cust4152@masked.com,+XXX-XXX-5152,50,188582,B,3092
104153,Customer_4153,cust4153@masked.com,+XXX-XXX-5153,30,105065,A,3093
104154,Customer_4154,cust4154@masked.com,+XXX-XXX-5154,59,44527,A,3055
104155,Customer_4155,cust4155@masked.com,+XXX-XXX-5155,51,121019,A,3059
104156,Customer_4156,cust4156@masked.com,+XXX-XXX-5156,38,61313,A,3137
104157,Customer_4157,cust4157@masked.com,+XXX-XXX-5157,63,41777,B,3038
104158,Customer_4158,cust4158@masked.com,+XXX-XXX-5158,53,82382,B,3027
104159,Customer_4159,cust4159@masked.com,+XXX-XXX-5159,39,193334,E,3048
104160,Customer_4160,cust4160@masked.com,+XXX-XXX-5160,43,56499,C,3124
104161,Customer_4161,cust4161@masked.com,+XXX-XXX-5161,25,35390,E,3012
104162,Customer_4162,cust4162@masked.com,+XXX-XXX-5162,46,196653,B,3035
104163,Customer_4163,cust4163@masked.com,+XXX-XXX-5163,49,77853,B,3100
104164,Customer_4164,cust4164@masked.com,+XXX-XXX-5164,44,37921,B,3025
104165,Customer_4165,cust4165@masked.com,+XXX-XXX-5165,26,191932,A,3085
104166,Customer_4166,cust4166@masked.com,+XXX-XXX-5166,59,52945,A,3003
104167,Customer_4167,cust4167@masked.com,+XXX-XXX-5167,24,169832,E,3081
104168,Customer_4168,cust4168@masked.com,+XXX-XXX-5168,68,191578,E,3126
104169,Customer_4169,cust4169@masked.com,+XXX-XXX-5169,62,23243,A,3087
104170,Customer_4170,cust4170@masked.com,+XXX-XXX-5170,46,154738,A,3126
104171,Customer_4171,cust4171@masked.com,+XXX-XXX-5171,35,39411,B,3119
104172,Customer_4172,cust4172@masked.com,+XXX-XXX-5172,33,103940,A,3021
104173,Customer_4173,cust4173@masked.com,+XXX-XXX-5173,60,43586,B,3129
104174,Customer_4174,cust4174@masked.com,+XXX-XXX-5174,42,100168,A,3030
104175,Customer_4175,cust4175@masked.com,+XXX-XXX-5175,33,87510,B,3118
104176,Customer_4176,cust4176@masked.com,+XXX-XXX-5176,59,78862,B,3010
104177,Customer_4177,cust4177@masked.com,+XXX-XXX-5177,37,21258,B,3045
104178,Customer_4178,cust4178@masked.com,+XXX-XXX-5178,56,125356,A,3095
104179,Customer_4179,cust4179@masked.com,+XXX-XXX-5179,59,39494,B,3009
104180,Customer_4180,cust4180@masked.com,+XXX-XXX-5180,68,62202,E,3127
104181,Customer_4181,cust4181@masked.com,+XXX-XXX-5181,45,164600,B,3098
104182,Customer_4182,cust4182@masked.com,+XXX-XXX-5182,54,104673,D,3111
104183,Customer_4183,cust4183@masked.com,+XXX-XXX-5183,41,137363,D,3059
104184,Customer_4184,cust4184@masked.com,+XXX-XXX-5184,45,148839,E,3086
104185,Customer_4185,cust4185@masked.com,+XXX-XXX-5185,45,100544,D,3144
104186,Customer_4186,cust4186@masked.com,+XXX-XXX-5186,42,97400,C,3064
104187,Customer_4187,cust4187@masked.com,+XXX-XXX-5187,43,151028,D,3056
104188,Customer_4188,cust4188@masked.com,+XXX-XXX-5188,45,118723,A,3105
104189,Customer_4189,cust4189@masked.com,+XXX-XXX-5189,34,127148,B,3008
104190,Customer_4190,cust4190@masked.com,+XXX-XXX-5190,34,80589,E,3021
104191,Customer_4191,cust4191@masked.com,+XXX-XXX-5191,46,182504,D,3140
104192,Customer_4192,cust4192@masked.com,+XXX-XXX-5192,60,166274,E,3088
104193,Customer_4193,cust4193@masked.com,+XXX-XXX-5193,50,98637,D,3017
104194,Customer_4194,cust4194@masked.com,+XXX-XXX-5194,46,147088,D,3114
104195,Customer_4195,cust4195@masked.com,+XXX-XXX-5195,58,36238,C,3144
104196,Customer_4196,cust4196@masked.com,+XXX-XXX-5196,42,31179,D,3142
104197,Customer_4197,cust4197@masked.com,+XXX-XXX-5197,59,50793,C,3105
104198,Customer_4198,cust4198@masked.com,+XXX-XXX-5198,59,28004,E,3014
104199,Customer_4199,cust4199@masked.com,+XXX-XXX-5199,54,134462,D,3062
104200,Customer_4200,cust4200@masked.com,+XXX-XXX-5200,45,41116,D,3012
104201,Customer_4201,cust4201@masked.com,+XXX-XXX-5201,56,144439,C,3080
104202,Customer_4202,cust4202@masked.com,+XXX-XXX-5202,33,106047,B,3031
104203,Customer_4203,cust4203@masked.com,+XXX-XXX-5203,49,133917,A,3136
104204,Customer_4204,cust4204@masked.com,+XXX-XXX-5204,62,51856,E,3039
104205,Customer_4205,cust4205@masked.com,+XXX-XXX-5205,29,22488,C,3147
104206,Customer_4206,cust4206@masked.com,+XXX-XXX-5206,35,103432,B,3081
104207,Customer_4207,cust4207@masked.com,+XXX-XXX-5207,51,91152,A,3076
104208,Customer_4208,cust4208@masked.com,+XXX-XXX-5208,64,136331,D,3075
104209,Customer_4209,cust4209@masked.com,+XXX-XXX-5209,47,52791,D,3037
104210,Customer_4210,cust4210@masked.com,+XXX-XXX-5210,51,120641,D,3070
104211,Customer_4211,cust4211@masked.com,+XXX-XXX-5211,30,51027,C,3047
104212,Customer_4212,cust4212@masked.com,+XXX-XXX-5212,57,163663,B,3017
104213,Customer_4213,cust4213@masked.com,+XXX-XXX-5213,27,24726,B,3143
104214,Customer_4214,cust4214@masked.com,+XXX-XXX-5214,52,24133,A,3038
104215,Customer_4215,cust4215@masked.com,+XXX-XXX-5215,31,86280,D,3088
104216,Customer_4216,cust4216@masked.com,+XXX-XXX-5216,68,83044,A,3061
104217,Customer_4217,cust4217@masked.com,+XXX-XXX-5217,65,106097,C,3140
104218,Customer_4218,cust4218@masked.com,+XXX-XXX-5218,48,180885,C,3108
104219,Customer_4219,cust4219@masked.com,+XXX-XXX-5219,24,110105,C,3080
104220,Customer_4220,cust4220@masked.com,+XXX-XXX-5220,68,157012,E,3133
104221,Customer_4221,cust4221@masked.com,+XXX-XXX-5221,65,43196,A,3076
104222,Customer_4222,cust4222@masked.com,+XXX-XXX-5222,51,26217,D,3089
104223,Customer_4223,cust4223@masked.com,+XXX-XXX-5223,49,39433,A,3013
104224,Customer_4224,cust4224@masked.com,+XXX-XXX-5224,53,30934,A,3094
104225,Customer_4225,cust4225@masked.com,+XXX-XXX-5225,24,74377,B,3053
104226,Customer_4226,cust4226@masked.com,+XXX-XXX-5226,67,46198,A,3131
104227,Customer_4227,cust4227@masked.com,+XXX-XXX-5227,46,64357,D,3038
104228,Customer_4228,cust4228@masked.com,+XXX-XXX-5228,51,67787,C,3071
104229,Customer_4229,cust4229@masked.com,+XXX-XXX-5229,51,177435,A,3024
104230,Customer_4230,cust4230@masked.com,+XXX-XXX-5230,47,198531,A,3076
104231,Customer_4231,cust4231@masked.com,+XXX-XXX-5231,45,175091,C,3119
104232,Customer_4232,cust4232@masked.com,+XXX-XXX-5232,68,105275,D,3052
104233,Customer_4233,cust4233@masked.com,+XXX-XXX-5233,56,176661,B,3130
104234,Customer_4234,cust4234@masked.com,+XXX-XXX-5234,69,61113,C,3149
104235,Customer_4235,cust4235@masked.com,+XXX-XXX-5235,51,162165,D,3095
104236,Customer_4236,cust4236@masked.com,+XXX-XXX-5236,63,199012,C,3071
104237,Customer_4237,cust4237@masked.com,+XXX-XXX-5237,57,145182,B,3061
104238,Customer_4238,cust4238@masked.com,+XXX-XXX-5238,65,43792,C,3005
104239,Customer_4239,cust4239@masked.com,+XXX-XXX-5239,64,127112,C,3031
104240,Customer_4240,cust4240@masked.com,+XXX-XXX-5240,43,172099,C,3098
104241,Customer_4241,cust4241@masked.com,+XXX-XXX-5241,55,92381,C,3137
104242,Customer_4242,cust4242@masked.com,+XXX-XXX-5242,24,157882,E,3130
104243,Customer_4243,cust4243@masked.com,+XXX-XXX-5243,48,166300,A,3075
104244,Customer_4244,cust4244@masked.com,+XXX-XXX-5244,62,55225,E,3058
104245,Customer_4245,cust4245@masked.com,+XXX-XXX-5245,61,46187,C,3030
104246,Customer_4246,cust4246@masked.com,+XXX-XXX-5246,62,155313,C,3092
104247,Customer_4247,cust4247@masked.com,+XXX-XXX-5247,33,170565,A,3068
104248,Customer_4248,cust4248@masked.com,+XXX-XXX-5248,21,30729,B,3051
104249,Customer_4249,cust4249@masked.com,+XXX-XXX-5249,32,32549,D,3088
104250,Customer_4250,cust4250@masked.com,+XXX-XXX-5250,63,58013,C,3126
104251,Customer_4251,cust4251@masked.com,+XXX-XXX-5251,60,44347,A,3030
104252,Customer_4252,cust4252@masked.com,+XXX-XXX-5252,46,188280,C,3083
104253,Customer_4253,cust4253@masked.com,+XXX-XXX-5253,66,84772,A,3126
104254,Customer_4254,cust4254@masked.com,+XXX-XXX-5254,66,60378,E,3149
104255,Customer_4255,cust4255@masked.com,+XXX-XXX-5255,43,21998,D,3131
104256,Customer_4256,cust4256@masked.com,+XXX-XXX-5256,69,185832,A,3012
104257,Customer_4257,cust4257@masked.com,+XXX-XXX-5257,42,132172,D,3044
104258,Customer_4258,cust4258@masked.com,+XXX-XXX-5258,48,134100,D,3126
104259,Customer_4259,cust4259@masked.com,+XXX-XXX-5259,37,176161,B,3113
104260,Customer_4260,cust4260@masked.com,+XXX-XXX-5260,26,135400,C,3019
104261,Customer_4261,cust4261@masked.com,+XXX-XXX-5261,34,47737,B,3080
104262,Customer_4262,cust4262@masked.com,+XXX-XXX-5262,37,58514,C,3128
104263,Customer_4263,cust4263@masked.com,+XXX-XXX-5263,58,187609,B,3142
104264,Customer_4264,cust4264@masked.com,+XXX-XXX-5264,25,143549,B,3016
104265,Customer_4265,cust4265@masked.com,+XXX-XXX-5265,33,70232,B,3057
104266,Customer_4266,cust4266@masked.com,+XXX-XXX-5266,68,114766,A,3071
104267,Customer_4267,cust4267@masked.com,+XXX-XXX-5267,29,30461,D,3108
104268,Customer_4268,cust4268@masked.com,+XXX-XXX-5268,64,102394,B,3022
104269,Customer_4269,cust4269@masked.com,+XXX-XXX-5269,62,29323,B,3071
104270,Customer_4270,cust4270@masked.com,+XXX-XXX-5270,46,198355,D,3007
104271,Customer_4271,cust4271@masked.com,+XXX-XXX-5271,33,57040,B,3058
104272,Customer_4272,cust4272@masked.com,+XXX-XXX-5272,39,159750,C,3110
104273,Customer_4273,cust4273@masked.com,+XXX-XXX-5273,68,165821,E,3012
104274,Customer_4274,cust4274@masked.com,+XXX-XXX-5274,37,105028,D,3015
104275,Customer_4275,cust4275@masked.com,+XXX-XXX-5275,36,112734,A,3118
104276,Customer_4276,cust4276@masked.com,+XXX-XXX-5276,50,110896,B,3001
104277,Customer_4277,cust4277@masked.com,+XXX-XXX-5277,52,105793,E,3144
104278,Customer_4278,cust4278@masked.com,+XXX-XXX-5278,34,96699,B,3029
104279,Customer_4279,cust4279@masked.com,+XXX-XXX-5279,68,124835,B,3102
104280,Customer_4280,cust4280@masked.com,+XXX-XXX-5280,35,104321,A,3012
104281,Customer_4281,cust4281@masked.com,+XXX-XXX-5281,32,178989,A,3095
104282,Customer_4282,cust4282@masked.com,+XXX-XXX-5282,57,137004,C,3093
104283,Customer_4283,cust4283@masked.com,+XXX-XXX-5283,31,142297,D,3081
104284,Customer_4284,cust4284@masked.com,+XXX-XXX-5284,25,37585,E,3012
104285,Customer_4285,cust4285@masked.com,+XXX-XXX-5285,31,167732,D,3093
104286,Customer_4286,cust4286@masked.com,+XXX-XXX-5286,54,115781,B,3148
104287,Customer_4287,cust4287@masked.com,+XXX-XXX-5287,39,135318,A,3111
104288,Customer_4288,cust4288@masked.com,+XXX-XXX-5288,46,137273,E,3054
104289,Customer_4289,cust4289@masked.com,+XXX-XXX-5289,46,26968,B,3080
104290,Customer_4290,cust4290@masked.com,+XXX-XXX-5290,37,87249,B,3115
104291,Customer_4291,cust4291@masked.com,+XXX-XXX-5291,51,160312,D,3142
104292,Customer_4292,cust4292@masked.com,+XXX-XXX-5292,39,193615,C,3107
104293,Customer_4293,cust4293@masked.com,+XXX-XXX-5293,64,56119,A,3052
104294,Customer_4294,cust4294@masked.com,+XXX-XXX-5294,40,126397,D,3127
104295,Customer_4295,cust4295@masked.com,+XXX-XXX-5295,43,181110,E,3056
104296,Customer_4296,cust4296@masked.com,+XXX-XXX-5296,45,33100,A,3051
104297,Customer_4297,cust4297@masked.com,+XXX-XXX-5297,48,62794,D,3136
104298,Customer_4298,cust4298@masked.com,+XXX-XXX-5298,57,124519,B,3110
104299,Customer_4299,cust4299@masked.com,+XXX-XXX-5299,32,68121,C,3000
104300,Customer_4300,cust4300@masked.com,+XXX-XXX-5300,68,29143,D,3043
104301,Customer_4301,cust4301@masked.com,+XXX-XXX-5301,21,79376,E,3074
104302,Customer_4302,cust4302@masked.com,+XXX-XXX-5302,22,103144,B,3097
104303,Customer_4303,cust4303@masked.com,+XXX-XXX-5303,30,126528,A,3008
104304,Customer_4304,cust4304@masked.com,+XXX-XXX-5304,54,102016,A,3031
104305,Customer_4305,cust4305@masked.com,+XXX-XXX-5305,52,150604,C,3014
104306,Customer_4306,cust4306@masked.com,+XXX-XXX-5306,45,98737,A,3139
104307,Customer_4307,cust4307@masked.com,+XXX-XXX-5307,30,88677,B,3135
104308,Customer_4308,cust4308@masked.com,+XXX-XXX-5308,21,149940,A,3071
104309,Customer_4309,cust4309@masked.com,+XXX-XXX-5309,52,112889,B,3011
104310,Customer_4310,cust4310@masked.com,+XXX-XXX-5310,57,97006,A,3064
104311,Customer_4311,cust4311@masked.com,+XXX-XXX-5311,32,167627,D,3106
104312,Customer_4312,cust4312@masked.com,+XXX-XXX-5312,69,115133,A,3041
104313,Customer_4313,cust4313@masked.com,+XXX-XXX-5313,38,50090,B,3114
104314,Customer_4314,cust4314@masked.com,+XXX-XXX-5314,50,197407,D,3138
104315,Customer_4315,cust4315@masked.com,+XXX-XXX-5315,33,45476,C,3102
104316,Customer_4316,cust4316@masked.com,+XXX-XXX-5316,23,84004,A,3094
104317,Customer_4317,cust4317@masked.com,+XXX-XXX-5317,41,94469,A,3016
104318,Customer_4318,cust4318@masked.com,+XXX-XXX-5318,62,140119,C,3084
104319,Customer_4319,cust4319@masked.com,+XXX-XXX-5319,34,191377,B,3055
104320,Customer_4320,cust4320@masked.com,+XXX-XXX-5320,60,145494,D,3133
104321,Customer_4321,cust4321@masked.com,+XXX-XXX-5321,30,95650,B,3085
104322,Customer_4322,cust4322@masked.com,+XXX-XXX-5322,22,63657,B,3101
104323,Customer_4323,cust4323@masked.com,+XXX-XXX-5323,65,143270,B,3053
104324,Customer_4324,cust4324@masked.com,+XXX-XXX-5324,57,119262,C,3114
104325,Customer_4325,cust4325@masked.com,+XXX-XXX-5325,31,182930,D,3138
104326,Customer_4326,cust4326@masked.com,+XXX-XXX-5326,21,139358,A,3087
104327,Customer_4327,cust4327@masked.com,+XXX-XXX-5327,46,192375,C,3048
104328,Customer_4328,cust4328@masked.com,+XXX-XXX-5328,62,154553,A,3148
104329,Customer_4329,cust4329@masked.com,+XXX-XXX-5329,33,82841,B,3114
104330,Customer_4330,cust4330@masked.com,+XXX-XXX-5330,48,27931,D,3062
104331,Customer_4331,cust4331@masked.com,+XXX-XXX-5331,56,126951,B,3103
104332,Customer_4332,cust4332@masked.com,+XXX-XXX-5332,41,74694,E,3082
104333,Customer_4333,cust4333@masked.com,+XXX-XXX-5333,30,28635,C,3102
104334,Customer_4334,cust4334@masked.com,+XXX-XXX-5334,32,65252,E,3016
104335,Customer_4335,cust4335@masked.com,+XXX-XXX-5335,66,89017,D,3005
104336,Customer_4336,cust4336@masked.com,+XXX-XXX-5336,47,173149,A,3146
104337,Customer_4337,cust4337@masked.com,+XXX-XXX-5337,23,86953,B,3027
104338,Customer_4338,cust4338@masked.com,+XXX-XXX-5338,48,107776,B,3037
104339,Customer_4339,cust4339@masked.com,+XXX-XXX-5339,22,93212,A,3118
104340,Customer_4340,cust4340@masked.com,+XXX-XXX-5340,48,92547,B,3036
104341,Customer_4341,cust4341@masked.com,+XXX-XXX-5341,51,168126,B,3114
104342,Customer_4342,cust4342@masked.com,+XXX-XXX-5342,63,74565,E,3067
104343,Customer_4343,cust4343@masked.com,+XXX-XXX-5343,41,75153,B,3042
104344,Customer_4344,cust4344@masked.com,+XXX-XXX-5344,27,169740,D,3057
104345,Customer_4345,cust4345@masked.com,+XXX-XXX-5345,51,192131,E,3012
104346,Customer_4346,cust4346@masked.com,+XXX-XXX-5346,34,135095,D,3051
104347,Customer_4347,cust4347@masked.com,+XXX-XXX-5347,59,182970,A,3057
104348,Customer_4348,cust4348@masked.com,+XXX-XXX-5348,59,119281,B,3031
104349,Customer_4349,cust4349@masked.com,+XXX-XXX-5349,29,68561,B,3104
104350,Customer_4350,cust4350@masked.com,+XXX-XXX-5350,43,107473,B,3082
104351,Customer_4351,cust4351@masked.com,+XXX-XXX-5351,32,143022,B,3098
104352,Customer_4352,cust4352@masked.com,+XXX-XXX-5352,49,149552,D,3103
104353,Customer_4353,cust4353@masked.com,+XXX-XXX-5353,58,43836,B,3027
104354,Customer_4354,cust4354@masked.com,+XXX-XXX-5354,59,80420,C,3128
104355,Customer_4355,cust4355@masked.com,+XXX-XXX-5355,42,28911,E,3047
104356,Customer_4356,cust4356@masked.com,+XXX-XXX-5356,24,177107,A,3039
104357,Customer_4357,cust4357@masked.com,+XXX-XXX-5357,68,176065,B,3096
104358,Customer_4358,cust4358@masked.com,+XXX-XXX-5358,27,111216,D,3113
104359,Customer_4359,cust4359@masked.com,+XXX-XXX-5359,60,93080,A,3131
104360,Customer_4360,cust4360@masked.com,+XXX-XXX-5360,28,42289,C,3136
104361,Customer_4361,cust4361@masked.com,+XXX-XXX-5361,55,51346,B,3110
104362,Customer_4362,cust4362@masked.com,+XXX-XXX-5362,29,45644,D,3143
104363,Customer_4363,cust4363@masked.com,+XXX-XXX-5363,33,48279,B,3075
104364,Customer_4364,cust4364@masked.com,+XXX-XXX-5364,59,115446,B,3030
104365,Customer_4365,cust4365@masked.com,+XXX-XXX-5365,40,68638,C,3118
104366,Customer_4366,cust4366@masked.com,+XXX-XXX-5366,41,133917,A,3141
104367,Customer_4367,cust4367@masked.com,+XXX-XXX-5367,67,54341,B,3024
104368,Customer_4368,cust4368@masked.com,+XXX-XXX-5368,39,139660,B,3033
104369,Customer_4369,cust4369@masked.com,+XXX-XXX-5369,22,138481,B,3066
104370,Customer_4370,cust4370@masked.com,+XXX-XXX-5370,64,174975,C,3117
104371,Customer_4371,cust4371@masked.com,+XXX-XXX-5371,60,120957,C,3072
104372,Customer_4372,cust4372@masked.com,+XXX-XXX-5372,50,54979,C,3025
104373,Customer_4373,cust4373@masked.com,+XXX-XXX-5373,43,145576,C,3147
104374,Customer_4374,cust4374@masked.com,+XXX-XXX-5374,60,126626,B,3103
104375,Customer_4375,cust4375@masked.com,+XXX-XXX-5375,33,85109,A,3009
104376,Customer_4376,cust4376@masked.com,+XXX-XXX-5376,53,129239,D,3066
104377,Customer_4377,cust4377@masked.com,+XXX-XXX-5377,52,172999,D,3004
104378,Customer_4378,cust4378@masked.com,+XXX-XXX-5378,48,89356,B,3026
104379,Customer_4379,cust4379@masked.com,+XXX-XXX-5379,44,176473,B,3112
104380,Customer_4380,cust4380@masked.com,+XXX-XXX-5380,62,182773,B,3014
104381,Customer_4381,cust4381@masked.com,+XXX-XXX-5381,48,93226,C,3104
104382,Customer_4382,cust4382@masked.com,+XXX-XXX-5382,50,123658,C,3043
104383,Customer_4383,cust4383@masked.com,+XXX-XXX-5383,61,155298,A,3025
104384,Customer_4384,cust4384@masked.com,+XXX-XXX-5384,49,110808,C,3094
104385,Customer_4385,cust4385@masked.com,+XXX-XXX-5385,54,127533,A,3083
104386,Customer_4386,cust4386@masked.com,+XXX-XXX-5386,42,138525,B,3139
104387,Customer_4387,cust4387@masked.com,+XXX-XXX-5387,45,178075,D,3131
104388,Customer_4388,cust4388@masked.com,+XXX-XXX-5388,34,117571,B,3086
104389,Customer_4389,cust4389@masked.com,+XXX-XXX-5389,30,108601,A,3111
104390,Customer_4390,cust4390@masked.com,+XXX-XXX-5390,30,88160,E,3128
104391,Customer_4391,cust4391@masked.com,+XXX-XXX-5391,28,25505,D,3088
104392,Customer_4392,cust4392@masked.com,+XXX-XXX-5392,34,164453,D,3065
104393,Customer_4393,cust4393@masked.com,+XXX-XXX-5393,65,27549,B,3130
104394,Customer_4394,cust4394@masked.com,+XXX-XXX-5394,58,71149,A,3121
104395,Customer_4395,cust4395@masked.com,+XXX-XXX-5395,52,161275,E,3148
104396,Customer_4396,cust4396@masked.com,+XXX-XXX-5396,65,163000,C,3083
104397,Customer_4397,cust4397@masked.com,+XXX-XXX-5397,52,33457,D,3115
104398,Customer_4398,cust4398@masked.com,+XXX-XXX-5398,23,145293,B,3115
104399,Customer_4399,cust4399@masked.com,+XXX-XXX-5399,40,142465,B,3037
104400,Customer_4400,cust4400@masked.com,+XXX-XXX-5400,33,188183,E,3142
104401,Customer_4401,cust4401@masked.com,+XXX-XXX-5401,43,44587,C,3109
104402,Customer_4402,cust4402@masked.com,+XXX-XXX-5402,39,79354,A,3045
104403,Customer_4403,cust4403@masked.com,+XXX-XXX-5403,36,121911,A,3024
104404,Customer_4404,cust4404@masked.com,+XXX-XXX-5404,56,45312,B,3020
104405,Customer_4405,cust4405@masked.com,+XXX-XXX-5405,55,86045,A,3120
104406,Customer_4406,cust4406@masked.com,+XXX-XXX-5406,67,127764,B,3121
104407,Customer_4407,cust4407@masked.com,+XXX-XXX-5407,67,157166,B,3132
104408,Customer_4408,cust4408@masked.com,+XXX-XXX-5408,27,97994,D,3069
104409,Customer_4409,cust4409@masked.com,+XXX-XXX-5409,57,58513,B,3112
104410,Customer_4410,cust4410@masked.com,+XXX-XXX-5410,28,90446,E,3106
104411,Customer_4411,cust4411@masked.com,+XXX-XXX-5411,45,26572,A,3111
104412,Customer_4412,cust4412@masked.com,+XXX-XXX-5412,43,188140,C,3107
104413,Customer_4413,cust4413@masked.com,+XXX-XXX-5413,30,160153,A,3046
104414,Customer_4414,cust4414@masked.com,+XXX-XXX-5414,50,104872,C,3090
104415,Customer_4415,cust4415@masked.com,+XXX-XXX-5415,53,178985,E,3017
104416,Customer_4416,cust4416@masked.com,+XXX-XXX-5416,31,60378,D,3148
104417,Customer_4417,cust4417@masked.com,+XXX-XXX-5417,55,82189,C,3103
104418,Customer_4418,cust4418@masked.com,+XXX-XXX-5418,47,46084,B,3039
104419,Customer_4419,cust4419@masked.com,+XXX-XXX-5419,23,117240,D,3137
104420,Customer_4420,cust4420@masked.com,+XXX-XXX-5420,67,80681,E,3088
104421,Customer_4421,cust4421@masked.com,+XXX-XXX-5421,69,42418,E,3060
104422,Customer_4422,cust4422@masked.com,+XXX-XXX-5422,28,193799,B,3004
104423,Customer_4423,cust4423@masked.com,+XXX-XXX-5423,33,94860,E,3121
104424,Customer_4424,cust4424@masked.com,+XXX-XXX-5424,62,183304,A,3054
104425,Customer_4425,cust4425@masked.com,+XXX-XXX-5425,23,102168,B,3036
104426,Customer_4426,cust4426@masked.com,+XXX-XXX-5426,40,159075,A,3055
104427,Customer_4427,cust4427@masked.com,+XXX-XXX-5427,66,177543,B,3101
104428,Customer_4428,cust4428@masked.com,+XXX-XXX-5428,65,82468,D,3092
104429,Customer_4429,cust4429@masked.com,+XXX-XXX-5429,55,175877,D,3072
104430,Customer_4430,cust4430@masked.com,+XXX-XXX-5430,33,88211,D,3058
104431,Customer_4431,cust4431@masked.com,+XXX-XXX-5431,40,95012,C,3001
104432,Customer_4432,cust4432@masked.com,+XXX-XXX-5432,44,39259,C,3103
104433,Customer_4433,cust4433@masked.com,+XXX-XXX-5433,29,191134,C,3050
104434,Customer_4434,cust4434@masked.com,+XXX-XXX-5434,50,69179,B,3029
104435,Customer_4435,cust4435@masked.com,+XXX-XXX-5435,45,194930,D,3010
104436,Customer_4436,cust4436@masked.com,+XXX-XXX-5436,36,100099,C,3107
104437,Customer_4437,cust4437@masked.com,+XXX-XXX-5437,28,168096,C,3075
104438,Customer_4438,cust4438@masked.com,+XXX-XXX-5438,64,81980,C,3089
104439,Customer_4439,cust4439@masked.com,+XXX-XXX-5439,48,105170,D,3122
104440,Customer_4440,cust4440@masked.com,+XXX-XXX-5440,32,89283,B,3124
104441,Customer_4441,cust4441@masked.com,+XXX-XXX-5441,44,71871,B,3121
104442,Customer_4442,cust4442@masked.com,+XXX-XXX-5442,69,40287,D,3093
104443,Customer_4443,cust4443@masked.com,+XXX-XXX-5443,49,45887,B,3102
104444,Customer_4444,cust4444@masked.com,+XXX-XXX-5444,35,148493,D,3030
104445,Customer_4445,cust4445@masked.com,+XXX-XXX-5445,38,144370,B,3051
104446,Customer_4446,cust4446@masked.com,+XXX-XXX-5446,27,37802,B,3088
104447,Customer_4447,cust4447@masked.com,+XXX-XXX-5447,33,93135,D,3075
104448,Customer_4448,cust4448@masked.com,+XXX-XXX-5448,39,29650,B,3128
104449,Customer_4449,cust4449@masked.com,+XXX-XXX-5449,68,170915,C,3021
104450,Customer_4450,cust4450@masked.com,+XXX-XXX-5450,63,181304,B,3039
104451,Customer_4451,cust4451@masked.com,+XXX-XXX-5451,25,191152,B,3100
104452,Customer_4452,cust4452@masked.com,+XXX-XXX-5452,46,125646,C,3110
104453,Customer_4453,cust4453@masked.com,+XXX-XXX-5453,22,63527,A,3128
104454,Customer_4454,cust4454@masked.com,+XXX-XXX-5454,53,62297,D,3064
104455,Customer_4455,cust4455@masked.com,+XXX-XXX-5455,68,179340,D,3148
104456,Customer_4456,cust4456@masked.com,+XXX-XXX-5456,57,49185,A,3078
104457,Customer_4457,cust4457@masked.com,+XXX-XXX-5457,45,137769,C,3021
104458,Customer_4458,cust4458@masked.com,+XXX-XXX-5458,45,151418,C,3098
104459,Customer_4459,cust4459@masked.com,+XXX-XXX-5459,59,63418,A,3007
104460,Customer_4460,cust4460@masked.com,+XXX-XXX-5460,50,29612,B,3016
104461,Customer_4461,cust4461@masked.com,+XXX-XXX-5461,61,193886,B,3016
104462,Customer_4462,cust4462@masked.com,+XXX-XXX-5462,24,105002,C,3089
104463,Customer_4463,cust4463@masked.com,+XXX-XXX-5463,39,152703,C,3140
104464,Customer_4464,cust4464@masked.com,+XXX-XXX-5464,47,77211,C,3144
104465,Customer_4465,cust4465@masked.com,+XXX-XXX-5465,67,166524,D,3080
104466,Customer_4466,cust4466@masked.com,+XXX-XXX-5466,59,98105,D,3077
104467,Customer_4467,cust4467@masked.com,+XXX-XXX-5467,44,191972,C,3005
104468,Customer_4468,cust4468@masked.com,+XXX-XXX-5468,57,173554,D,3109
104469,Customer_4469,cust4469@masked.com,+XXX-XXX-5469,45,55472,B,3013
104470,Customer_4470,cust4470@masked.com,+XXX-XXX-5470,49,107460,D,3071
104471,Customer_4471,cust4471@masked.com,+XXX-XXX-5471,51,138123,C,3142
104472,Customer_4472,cust4472@masked.com,+XXX-XXX-5472,65,192242,D,3053
104473,Customer_4473,cust4473@masked.com,+XXX-XXX-5473,55,100379,C,3026
104474,Customer_4474,cust4474@masked.com,+XXX-XXX-5474,48,186987,A,3012
104475,Customer_4475,cust4475@masked.com,+XXX-XXX-5475,58,115554,C,3059
104476,Customer_4476,cust4476@masked.com,+XXX-XXX-5476,64,28057,B,3005
104477,Customer_4477,cust4477@masked.com,+XXX-XXX-5477,24,38883,C,3057
104478,Customer_4478,cust4478@masked.com,+XXX-XXX-5478,48,80014,B,3048
104479,Customer_4479,cust4479@masked.com,+XXX-XXX-5479,51,172522,D,3025
104480,Customer_4480,cust4480@masked.com,+XXX-XXX-5480,43,176577,C,3046
104481,Customer_4481,cust4481@masked.com,+XXX-XXX-5481,34,176962,C,3004
104482,Customer_4482,cust4482@masked.com,+XXX-XXX-5482,48,128269,A,3019
104483,Customer_4483,cust4483@masked.com,+XXX-XXX-5483,34,55013,E,3133
104484,Customer_4484,cust4484@masked.com,+XXX-XXX-5484,21,185025,D,3058
104485,Customer_4485,cust4485@masked.com,+XXX-XXX-5485,63,153536,D,3145
104486,Customer_4486,cust4486@masked.com,+XXX-XXX-5486,52,94111,B,3131
104487,Customer_4487,cust4487@masked.com,+XXX-XXX-5487,61,132839,C,3016
104488,Customer_4488,cust4488@masked.com,+XXX-XXX-5488,38,66825,A,3013
104489,Customer_4489,cust4489@masked.com,+XXX-XXX-5489,25,180638,C,3012
104490,Customer_4490,cust4490@masked.com,+XXX-XXX-5490,62,114035,A,3134
104491,Customer_4491,cust4491@masked.com,+XXX-XXX-5491,35,21521,C,3127
104492,Customer_4492,cust4492@masked.com,+XXX-XXX-5492,62,37363,C,3043
104493,Customer_4493,cust4493@masked.com,+XXX-XXX-5493,36,100938,B,3118
104494,Customer_4494,cust4494@masked.com,+XXX-XXX-5494,56,142159,B,3142
104495,Customer_4495,cust4495@masked.com,+XXX-XXX-5495,56,162534,D,3018
104496,Customer_4496,cust4496@masked.com,+XXX-XXX-5496,60,93109,A,3062
104497,Customer_4497,cust4497@masked.com,+XXX-XXX-5497,50,74698,D,3080
104498,Customer_4498,cust4498@masked.com,+XXX-XXX-5498,58,178175,A,3146
104499,Customer_4499,cust4499@masked.com,+XXX-XXX-5499,43,139511,A,3147
104500,Customer_4500,cust4500@masked.com,+XXX-XXX-5500,31,167579,A,3099
104501,Customer_4501,cust4501@masked.com,+XXX-XXX-5501,45,116783,D,3121
104502,Customer_4502,cust4502@masked.com,+XXX-XXX-5502,65,118829,B,3043
104503,Customer_4503,cust4503@masked.com,+XXX-XXX-5503,63,136774,D,3103
104504,Customer_4504,cust4504@masked.com,+XXX-XXX-5504,22,199398,C,3060
104505,Customer_4505,cust4505@masked.com,+XXX-XXX-5505,55,161419,A,3124
104506,Customer_4506,cust4506@masked.com,+XXX-XXX-5506,67,26099,C,3144
104507,Customer_4507,cust4507@masked.com,+XXX-XXX-5507,44,95104,A,3070
104508,Customer_4508,cust4508@masked.com,+XXX-XXX-5508,33,24406,D,3106
104509,Customer_4509,cust4509@masked.com,+XXX-XXX-5509,62,179109,A,3049
104510,Customer_4510,cust4510@masked.com,+XXX-XXX-5510,57,122439,B,3064
104511,Customer_4511,cust4511@masked.com,+XXX-XXX-5511,50,155948,D,3098
104512,Customer_4512,cust4512@masked.com,+XXX-XXX-5512,31,110692,E,3031
104513,Customer_4513,cust4513@masked.com,+XXX-XXX-5513,43,181943,B,3140
104514,Customer_4514,cust4514@masked.com,+XXX-XXX-5514,66,116442,D,3057
104515,Customer_4515,cust4515@masked.com,+XXX-XXX-5515,48,122829,A,3127
104516,Customer_4516,cust4516@masked.com,+XXX-XXX-5516,49,132631,D,3141
104517,Customer_4517,cust4517@masked.com,+XXX-XXX-5517,35,64895,C,3111
104518,Customer_4518,cust4518@masked.com,+XXX-XXX-5518,65,63760,A,3067
104519,Customer_4519,cust4519@masked.com,+XXX-XXX-5519,23,66306,B,3039
104520,Customer_4520,cust4520@masked.com,+XXX-XXX-5520,29,95179,A,3143
104521,Customer_4521,cust4521@masked.com,+XXX-XXX-5521,28,167659,B,3131
104522,Customer_4522,cust4522@masked.com,+XXX-XXX-5522,67,96554,A,3089
104523,Customer_4523,cust4523@masked.com,+XXX-XXX-5523,53,155285,C,3027
104524,Customer_4524,cust4524@masked.com,+XXX-XXX-5524,54,161116,E,3095
104525,Customer_4525,cust4525@masked.com,+XXX-XXX-5525,29,151015,A,3030
104526,Customer_4526,cust4526@masked.com,+XXX-XXX-5526,37,64425,C,3002
104527,Customer_4527,cust4527@masked.com,+XXX-XXX-5527,61,172448,C,3135
104528,Customer_4528,cust4528@masked.com,+XXX-XXX-5528,21,42590,D,3023
104529,Customer_4529,cust4529@masked.com,+XXX-XXX-5529,60,63403,C,3014
104530,Customer_4530,cust4530@masked.com,+XXX-XXX-5530,25,46628,C,3044
104531,Customer_4531,cust4531@masked.com,+XXX-XXX-5531,50,109421,B,3007
104532,Customer_4532,cust4532@masked.com,+XXX-XXX-5532,31,125763,B,3070
104533,Customer_4533,cust4533@masked.com,+XXX-XXX-5533,48,153264,A,3107
104534,Customer_4534,cust4534@masked.com,+XXX-XXX-5534,58,172505,B,3114
104535,Customer_4535,cust4535@masked.com,+XXX-XXX-5535,37,104629,A,3102
104536,Customer_4536,cust4536@masked.com,+XXX-XXX-5536,43,144062,C,3124
104537,Customer_4537,cust4537@masked.com,+XXX-XXX-5537,38,50617,B,3056
104538,Customer_4538,cust4538@masked.com,+XXX-XXX-5538,57,127454,C,3029
104539,Customer_4539,cust4539@masked.com,+XXX-XXX-5539,47,182754,A,3145
104540,Customer_4540,cust4540@masked.com,+XXX-XXX-5540,45,30250,E,3113
104541,Customer_4541,cust4541@masked.com,+XXX-XXX-5541,25,52836,D,3116
104542,Customer_4542,cust4542@masked.com,+XXX-XXX-5542,39,132319,A,3059
104543,Customer_4543,cust4543@masked.com,+XXX-XXX-5543,47,87173,B,3097
104544,Customer_4544,cust4544@masked.com,+XXX-XXX-5544,33,147939,C,3125
104545,Customer_4545,cust4545@masked.com,+XXX-XXX-5545,27,126761,A,3093
104546,Customer_4546,cust4546@masked.com,+XXX-XXX-5546,46,26251,B,3133
104547,Customer_4547,cust4547@masked.com,+XXX-XXX-5547,34,121429,B,3121
104548,Customer_4548,cust4548@masked.com,+XXX-XXX-5548,47,76246,D,3107
104549,Customer_4549,cust4549@masked.com,+XXX-XXX-5549,28,184078,D,3003
104550,Customer_4550,cust4550@masked.com,+XXX-XXX-5550,51,106966,C,3092
104551,Customer_4551,cust4551@masked.com,+XXX-XXX-5551,55,191857,C,3005
104552,Customer_4552,cust4552@masked.com,+XXX-XXX-5552,47,157536,E,3031
104553,Customer_4553,cust4553@masked.com,+XXX-XXX-5553,24,87344,E,3105
104554,Customer_4554,cust4554@masked.com,+XXX-XXX-5554,62,161353,E,3145
104555,Customer_4555,cust4555@masked.com,+XXX-XXX-5555,24,70106,A,3014
104556,Customer_4556,cust4556@masked.com,+XXX-XXX-5556,38,141720,A,3121
104557,Customer_4557,cust4557@masked.com,+XXX-XXX-5557,43,114840,C,3095
104558,Customer_4558,cust4558@masked.com,+XXX-XXX-5558,52,125293,C,3005
104559,Customer_4559,cust4559@masked.com,+XXX-XXX-5559,32,196112,A,3111
104560,Customer_4560,cust4560@masked.com,+XXX-XXX-5560,40,28998,A,3119
104561,Customer_4561,cust4561@masked.com,+XXX-XXX-5561,67,165589,D,3122
104562,Customer_4562,cust4562@masked.com,+XXX-XXX-5562,65,126083,D,3066
104563,Customer_4563,cust4563@masked.com,+XXX-XXX-5563,32,62866,B,3105
104564,Customer_4564,cust4564@masked.com,+XXX-XXX-5564,28,133384,D,3138
104565,Customer_4565,cust4565@masked.com,+XXX-XXX-5565,42,42969,C,3042
104566,Customer_4566,cust4566@masked.com,+XXX-XXX-5566,47,120980,D,3144
104567,Customer_4567,cust4567@masked.com,+XXX-XXX-5567,61,166855,B,3095
104568,Customer_4568,cust4568@masked.com,+XXX-XXX-5568,61,138259,A,3131
104569,Customer_4569,cust4569@masked.com,+XXX-XXX-5569,37,51107,B,3080
104570,Customer_4570,cust4570@masked.com,+XXX-XXX-5570,52,196703,B,3040
104571,Customer_4571,cust4571@masked.com,+XXX-XXX-5571,53,154831,C,3132
104572,Customer_4572,cust4572@masked.com,+XXX-XXX-5572,51,34789,A,3034
104573,Customer_4573,cust4573@masked.com,+XXX-XXX-5573,26,33214,E,3021
104574,Customer_4574,cust4574@masked.com,+XXX-XXX-5574,59,90657,B,3149
104575,Customer_4575,cust4575@masked.com,+XXX-XXX-5575,29,49482,A,3111
104576,Customer_4576,cust4576@masked.com,+XXX-XXX-5576,62,183544,C,3010
104577,Customer_4577,cust4577@masked.com,+XXX-XXX-5577,52,94536,C,3002
104578,Customer_4578,cust4578@masked.com,+XXX-XXX-5578,56,68187,B,3136
104579,Customer_4579,cust4579@masked.com,+XXX-XXX-5579,36,51087,D,3059
104580,Customer_4580,cust4580@masked.com,+XXX-XXX-5580,32,20941,C,3075
104581,Customer_4581,cust4581@masked.com,+XXX-XXX-5581,61,139340,C,3086
104582,Customer_4582,cust4582@masked.com,+XXX-XXX-5582,23,152393,C,3013
104583,Customer_4583,cust4583@masked.com,+XXX-XXX-5583,47,65972,A,3017
104584,Customer_4584,cust4584@masked.com,+XXX-XXX-5584,47,106658,C,3112
104585,Customer_4585,cust4585@masked.com,+XXX-XXX-5585,29,59361,D,3072
104586,Customer_4586,cust4586@masked.com,+XXX-XXX-5586,37,61354,A,3022
104587,Customer_4587,cust4587@masked.com,+XXX-XXX-5587,66,86327,B,3082
104588,Customer_4588,cust4588@masked.com,+XXX-XXX-5588,25,67191,E,3124
104589,Customer_4589,cust4589@masked.com,+XXX-XXX-5589,46,75828,B,3068
104590,Customer_4590,cust4590@masked.com,+XXX-XXX-5590,41,30136,B,3046
104591,Customer_4591,cust4591@masked.com,+XXX-XXX-5591,21,166819,E,3115
104592,Customer_4592,cust4592@masked.com,+XXX-XXX-5592,21,86279,A,3029
104593,Customer_4593,cust4593@masked.com,+XXX-XXX-5593,55,92060,A,3024
104594,Customer_4594,cust4594@masked.com,+XXX-XXX-5594,29,59342,D,3111
104595,Customer_4595,cust4595@masked.com,+XXX-XXX-5595,43,101851,D,3024
104596,Customer_4596,cust4596@masked.com,+XXX-XXX-5596,58,196404,B,3073
104597,Customer_4597,cust4597@masked.com,+XXX-XXX-5597,61,52961,C,3057
104598,Customer_4598,cust4598@masked.com,+XXX-XXX-5598,24,126198,D,3093
104599,Customer_4599,cust4599@masked.com,+XXX-XXX-5599,39,89810,C,3118
104600,Customer_4600,cust4600@masked.com,+XXX-XXX-5600,57,49838,B,3126
104601,Customer_4601,cust4601@masked.com,+XXX-XXX-5601,25,34332,A,3024
104602,Customer_4602,cust4602@masked.com,+XXX-XXX-5602,48,83001,B,3077
104603,Customer_4603,cust4603@masked.com,+XXX-XXX-5603,66,110329,D,3098
104604,Customer_4604,cust4604@masked.com,+XXX-XXX-5604,62,187422,D,3115
104605,Customer_4605,cust4605@masked.com,+XXX-XXX-5605,68,139771,E,3047
104606,Customer_4606,cust4606@masked.com,+XXX-XXX-5606,43,100954,D,3009
104607,Customer_4607,cust4607@masked.com,+XXX-XXX-5607,58,68473,C,3098
104608,Customer_4608,cust4608@masked.com,+XXX-XXX-5608,43,191969,B,3010
104609,Customer_4609,cust4609@masked.com,+XXX-XXX-5609,66,31682,D,3084
104610,Customer_4610,cust4610@masked.com,+XXX-XXX-5610,38,172799,C,3148
104611,Customer_4611,cust4611@masked.com,+XXX-XXX-5611,49,63775,C,3134
104612,Customer_4612,cust4612@masked.com,+XXX-XXX-5612,48,76941,A,3125
104613,Customer_4613,cust4613@masked.com,+XXX-XXX-5613,29,32115,E,3063
104614,Customer_4614,cust4614@masked.com,+XXX-XXX-5614,59,70937,B,3001
104615,Customer_4615,cust4615@masked.com,+XXX-XXX-5615,30,65132,B,3075
104616,Customer_4616,cust4616@masked.com,+XXX-XXX-5616,22,32025,C,3120
104617,Customer_4617,cust4617@masked.com,+XXX-XXX-5617,33,115439,C,3041
104618,Customer_4618,cust4618@masked.com,+XXX-XXX-5618,58,78526,A,3053
104619,Customer_4619,cust4619@masked.com,+XXX-XXX-5619,47,167979,D,3074
104620,Customer_4620,cust4620@masked.com,+XXX-XXX-5620,61,88832,B,3015
104621,Customer_4621,cust4621@masked.com,+XXX-XXX-5621,40,76108,A,3017
104622,Customer_4622,cust4622@masked.com,+XXX-XXX-5622,60,171935,B,3089
104623,Customer_4623,cust4623@masked.com,+XXX-XXX-5623,30,156757,C,3143
104624,Customer_4624,cust4624@masked.com,+XXX-XXX-5624,36,26647,E,3005
104625,Customer_4625,cust4625@masked.com,+XXX-XXX-5625,35,50145,D,3107
104626,Customer_4626,cust4626@masked.com,+XXX-XXX-5626,33,191634,E,3047
104627,Customer_4627,cust4627@masked.com,+XXX-XXX-5627,58,123894,A,3041
104628,Customer_4628,cust4628@masked.com,+XXX-XXX-5628,40,171839,A,3075
104629,Customer_4629,cust4629@masked.com,+XXX-XXX-5629,44,118702,C,3076
104630,Customer_4630,cust4630@masked.com,+XXX-XXX-5630,61,136839,B,3131
104631,Customer_4631,cust4631@masked.com,+XXX-XXX-5631,27,25430,D,3129
104632,Customer_4632,cust4632@masked.com,+XXX-XXX-5632,43,154952,C,3058
104633,Customer_4633,cust4633@masked.com,+XXX-XXX-5633,44,85662,E,3026
104634,Customer_4634,cust4634@masked.com,+XXX-XXX-5634,49,136775,B,3078
104635,Customer_4635,cust4635@masked.com,+XXX-XXX-5635,25,80487,B,3071
104636,Customer_4636,cust4636@masked.com,+XXX-XXX-5636,63,59793,C,3006
104637,Customer_4637,cust4637@masked.com,+XXX-XXX-5637,65,133584,B,3110
104638,Customer_4638,cust4638@masked.com,+XXX-XXX-5638,55,130549,C,3118
104639,Customer_4639,cust4639@masked.com,+XXX-XXX-5639,21,77590,B,3062
104640,Customer_4640,cust4640@masked.com,+XXX-XXX-5640,56,91461,B,3123
104641,Customer_4641,cust4641@masked.com,+XXX-XXX-5641,38,72470,B,3011
104642,Customer_4642,cust4642@masked.com,+XXX-XXX-5642,26,83616,A,3140
104643,Customer_4643,cust4643@masked.com,+XXX-XXX-5643,43,120361,C,3042
104644,Customer_4644,cust4644@masked.com,+XXX-XXX-5644,30,189743,B,3016
104645,Customer_4645,cust4645@masked.com,+XXX-XXX-5645,27,156407,A,3062
104646,Customer_4646,cust4646@masked.com,+XXX-XXX-5646,64,88525,B,3119
104647,Customer_4647,cust4647@masked.com,+XXX-XXX-5647,28,125879,B,3035
104648,Customer_4648,cust4648@masked.com,+XXX-XXX-5648,33,113709,B,3007
104649,Customer_4649,cust4649@masked.com,+XXX-XXX-5649,50,91257,A,3068
104650,Customer_4650,cust4650@masked.com,+XXX-XXX-5650,38,22728,C,3089
104651,Customer_4651,cust4651@masked.com,+XXX-XXX-5651,34,103511,C,3035
104652,Customer_4652,cust4652@masked.com,+XXX-XXX-5652,31,42167,C,3027
104653,Customer_4653,cust4653@masked.com,+XXX-XXX-5653,62,187001,D,3117
104654,Customer_4654,cust4654@masked.com,+XXX-XXX-5654,58,93711,B,3092
104655,Customer_4655,cust4655@masked.com,+XXX-XXX-5655,33,188469,C,3075
104656,Customer_4656,cust4656@masked.com,+XXX-XXX-5656,62,146218,D,3100
104657,Customer_4657,cust4657@masked.com,+XXX-XXX-5657,64,198608,B,3143
104658,Customer_4658,cust4658@masked.com,+XXX-XXX-5658,53,92437,C,3013
104659,Customer_4659,cust4659@masked.com,+XXX-XXX-5659,33,96426,B,3070
104660,Customer_4660,cust4660@masked.com,+XXX-XXX-5660,45,96851,B,3123
104661,Customer_4661,cust4661@masked.com,+XXX-XXX-5661,44,100962,D,3124
104662,Customer_4662,cust4662@masked.com,+XXX-XXX-5662,49,182388,A,3036
104663,Customer_4663,cust4663@masked.com,+XXX-XXX-5663,56,55065,B,3028
104664,Customer_4664,cust4664@masked.com,+XXX-XXX-5664,26,140138,B,3142
104665,Customer_4665,cust4665@masked.com,+XXX-XXX-5665,38,100286,B,3018
104666,Customer_4666,cust4666@masked.com,+XXX-XXX-5666,48,43674,B,3105
104667,Customer_4667,cust4667@masked.com,+XXX-XXX-5667,25,139632,C,3020
104668,Customer_4668,cust4668@masked.com,+XXX-XXX-5668,38,46085,D,3063
104669,Customer_4669,cust4669@masked.com,+XXX-XXX-5669,57,58086,D,3026
104670,Customer_4670,cust4670@masked.com,+XXX-XXX-5670,27,134700,B,3054
104671,Customer_4671,cust4671@masked.com,+XXX-XXX-5671,29,83493,E,3028
104672,Customer_4672,cust4672@masked.com,+XXX-XXX-5672,55,68248,C,3147
104673,Customer_4673,cust4673@masked.com,+XXX-XXX-5673,32,46156,B,3024
104674,Customer_4674,cust4674@masked.com,+XXX-XXX-5674,66,120355,D,3069
104675,Customer_4675,cust4675@masked.com,+XXX-XXX-5675,60,154948,C,3062
104676,Customer_4676,cust4676@masked.com,+XXX-XXX-5676,64,91963,C,3129
104677,Customer_4677,cust4677@masked.com,+XXX-XXX-5677,59,196849,A,3149
104678,Customer_4678,cust4678@masked.com,+XXX-XXX-5678,44,68119,B,3015
104679,Customer_4679,cust4679@masked.com,+XXX-XXX-5679,29,121044,D,3145
104680,Customer_4680,cust4680@masked.com,+XXX-XXX-5680,32,120092,C,3099
104681,Customer_4681,cust4681@masked.com,+XXX-XXX-5681,56,136640,C,3029
104682,Customer_4682,cust4682@masked.com,+XXX-XXX-5682,57,166713,C,3044
104683,Customer_4683,cust4683@masked.com,+XXX-XXX-5683,29,96432,D,3018
104684,Customer_4684,cust4684@masked.com,+XXX-XXX-5684,59,98451,B,3033
104685,Customer_4685,cust4685@masked.com,+XXX-XXX-5685,66,105340,C,3140
104686,Customer_4686,cust4686@masked.com,+XXX-XXX-5686,42,39411,A,3061
104687,Customer_4687,cust4687@masked.com,+XXX-XXX-5687,37,154173,C,3117
104688,Customer_4688,cust4688@masked.com,+XXX-XXX-5688,53,48536,C,3099
104689,Customer_4689,cust4689@masked.com,+XXX-XXX-5689,67,23588,A,3021
104690,Customer_4690,cust4690@masked.com,+XXX-XXX-5690,44,165781,C,3110
104691,Customer_4691,cust4691@masked.com,+XXX-XXX-5691,35,107657,B,3072
104692,Customer_4692,cust4692@masked.com,+XXX-XXX-5692,49,152489,A,3146
104693,Customer_4693,cust4693@masked.com,+XXX-XXX-5693,52,40293,B,3037
104694,Customer_4694,cust4694@masked.com,+XXX-XXX-5694,53,73897,A,3069
104695,Customer_4695,cust4695@masked.com,+XXX-XXX-5695,49,64649,B,3115
104696,Customer_4696,cust4696@masked.com,+XXX-XXX-5696,35,55540,B,3078
104697,Customer_4697,cust4697@masked.com,+XXX-XXX-5697,47,82251,C,3147
104698,Customer_4698,cust4698@masked.com,+XXX-XXX-5698,54,139863,D,3008
104699,Customer_4699,cust4699@masked.com,+XXX-XXX-5699,24,55017,C,3031
104700,Customer_4700,cust4700@masked.com,+XXX-XXX-5700,69,134383,A,3131
104701,Customer_4701,cust4701@masked.com,+XXX-XXX-5701,68,40242,E,3049
104702,Customer_4702,cust4702@masked.com,+XXX-XXX-5702,38,136313,C,3081
104703,Customer_4703,cust4703@masked.com,+XXX-XXX-5703,41,117544,A,3004
104704,Customer_4704,cust4704@masked.com,+XXX-XXX-5704,68,120151,D,3147
104705,Customer_4705,cust4705@masked.com,+XXX-XXX-5705,28,132457,A,3086
104706,Customer_4706,cust4706@masked.com,+XXX-XXX-5706,26,28770,C,3125
104707,Customer_4707,cust4707@masked.com,+XXX-XXX-5707,40,152208,B,3074
104708,Customer_4708,cust4708@masked.com,+XXX-XXX-5708,22,31602,B,3021
104709,Customer_4709,cust4709@masked.com,+XXX-XXX-5709,65,121437,D,3067
104710,Customer_4710,cust4710@masked.com,+XXX-XXX-5710,42,30466,B,3043
104711,Customer_4711,cust4711@masked.com,+XXX-XXX-5711,41,161485,A,3033
104712,Customer_4712,cust4712@masked.com,+XXX-XXX-5712,26,197147,E,3076
104713,Customer_4713,cust4713@masked.com,+XXX-XXX-5713,52,152229,E,3041
104714,Customer_4714,cust4714@masked.com,+XXX-XXX-5714,26,158524,C,3136
104715,Customer_4715,cust4715@masked.com,+XXX-XXX-5715,33,46225,B,3105
104716,Customer_4716,cust4716@masked.com,+XXX-XXX-5716,21,60043,A,3094
104717,Customer_4717,cust4717@masked.com,+XXX-XXX-5717,42,165550,D,3134
104718,Customer_4718,cust4718@masked.com,+XXX-XXX-5718,44,107333,A,3067
104719,Customer_4719,cust4719@masked.com,+XXX-XXX-5719,61,188212,A,3146
104720,Customer_4720,cust4720@masked.com,+XXX-XXX-5720,50,156683,C,3127
104721,Customer_4721,cust4721@masked.com,+XXX-XXX-5721,42,181238,A,3084
104722,Customer_4722,cust4722@masked.com,+XXX-XXX-5722,64,169779,A,3082
104723,Customer_4723,cust4723@masked.com,+XXX-XXX-5723,32,151305,B,3094
104724,Customer_4724,cust4724@masked.com,+XXX-XXX-5724,46,191756,A,3031
104725,Customer_4725,cust4725@masked.com,+XXX-XXX-5725,24,85567,A,3065
104726,Customer_4726,cust4726@masked.com,+XXX-XXX-5726,39,179086,A,3115
104727,Customer_4727,cust4727@masked.com,+XXX-XXX-5727,36,111483,A,3137
104728,Customer_4728,cust4728@masked.com,+XXX-XXX-5728,32,28951,C,3129
104729,Customer_4729,cust4729@masked.com,+XXX-XXX-5729,53,87330,D,3059
104730,Customer_4730,cust4730@masked.com,+XXX-XXX-5730,41,82831,B,3016
104731,Customer_4731,cust4731@masked.com,+XXX-XXX-5731,56,48936,C,3095
104732,Customer_4732,cust4732@masked.com,+XXX-XXX-5732,29,35574,A,3143
104733,Customer_4733,cust4733@masked.com,+XXX-XXX-5733,59,118585,A,3015
104734,Customer_4734,cust4734@masked.com,+XXX-XXX-5734,62,155143,B,3045
104735,Customer_4735,cust4735@masked.com,+XXX-XXX-5735,65,172081,C,3106
104736,Customer_4736,cust4736@masked.com,+XXX-XXX-5736,28,179703,C,3087
104737,Customer_4737,cust4737@masked.com,+XXX-XXX-5737,40,42362,C,3128
104738,Customer_4738,cust4738@masked.com,+XXX-XXX-5738,30,181772,B,3138
104739,Customer_4739,cust4739@masked.com,+XXX-XXX-5739,52,67105,A,3118
104740,Customer_4740,cust4740@masked.com,+XXX-XXX-5740,48,182304,D,3084
104741,Customer_4741,cust4741@masked.com,+XXX-XXX-5741,30,61775,B,3003
104742,Customer_4742,cust4742@masked.com,+XXX-XXX-5742,28,37854,C,3070
104743,Customer_4743,cust4743@masked.com,+XXX-XXX-5743,67,148362,C,3110
104744,Customer_4744,cust4744@masked.com,+XXX-XXX-5744,53,88823,C,3049
104745,Customer_4745,cust4745@masked.com,+XXX-XXX-5745,67,66782,D,3139
104746,Customer_4746,cust4746@masked.com,+XXX-XXX-5746,69,42090,E,3094
104747,Customer_4747,cust4747@masked.com,+XXX-XXX-5747,33,47161,C,3091
104748,Customer_4748,cust4748@masked.com,+XXX-XXX-5748,64,167966,C,3064
104749,Customer_4749,cust4749@masked.com,+XXX-XXX-5749,55,126265,B,3046
104750,Customer_4750,cust4750@masked.com,+XXX-XXX-5750,49,66300,E,3105
104751,Customer_4751,cust4751@masked.com,+XXX-XXX-5751,25,110666,B,3129
104752,Customer_4752,cust4752@masked.com,+XXX-XXX-5752,23,64665,A,3105
104753,Customer_4753,cust4753@masked.com,+XXX-XXX-5753,57,190624,B,3023
104754,Customer_4754,cust4754@masked.com,+XXX-XXX-5754,61,113254,A,3003
104755,Customer_4755,cust4755@masked.com,+XXX-XXX-5755,26,74645,C,3107
104756,Customer_4756,cust4756@masked.com,+XXX-XXX-5756,68,134946,C,3018
104757,Customer_4757,cust4757@masked.com,+XXX-XXX-5757,62,190428,B,3039
104758,Customer_4758,cust4758@masked.com,+XXX-XXX-5758,36,62184,A,3049
104759,Customer_4759,cust4759@masked.com,+XXX-XXX-5759,55,70817,E,3074
104760,Customer_4760,cust4760@masked.com,+XXX-XXX-5760,38,54633,D,3011
104761,Customer_4761,cust4761@masked.com,+XXX-XXX-5761,31,68720,D,3026
104762,Customer_4762,cust4762@masked.com,+XXX-XXX-5762,43,86301,B,3112
104763,Customer_4763,cust4763@masked.com,+XXX-XXX-5763,67,175712,D,3048
104764,Customer_4764,cust4764@masked.com,+XXX-XXX-5764,31,71857,B,3143
104765,Customer_4765,cust4765@masked.com,+XXX-XXX-5765,49,25765,A,3129
104766,Customer_4766,cust4766@masked.com,+XXX-XXX-5766,62,100872,A,3059
104767,Customer_4767,cust4767@masked.com,+XXX-XXX-5767,47,50761,B,3029
104768,Customer_4768,cust4768@masked.com,+XXX-XXX-5768,29,57742,A,3083
104769,Customer_4769,cust4769@masked.com,+XXX-XXX-5769,55,152455,E,3027
104770,Customer_4770,cust4770@masked.com,+XXX-XXX-5770,29,35458,A,3024
104771,Customer_4771,cust4771@masked.com,+XXX-XXX-5771,38,153507,B,3095
104772,Customer_4772,cust4772@masked.com,+XXX-XXX-5772,64,179808,B,3124
104773,Customer_4773,cust4773@masked.com,+XXX-XXX-5773,41,49992,B,3009
104774,Customer_4774,cust4774@masked.com,+XXX-XXX-5774,68,77566,C,3041
104775,Customer_4775,cust4775@masked.com,+XXX-XXX-5775,56,191764,A,3039
104776,Customer_4776,cust4776@masked.com,+XXX-XXX-5776,21,134358,D,3076
104777,Customer_4777,cust4777@masked.com,+XXX-XXX-5777,47,174514,B,3104
104778,Customer_4778,cust4778@masked.com,+XXX-XXX-5778,65,43700,C,3117
104779,Customer_4779,cust4779@masked.com,+XXX-XXX-5779,60,123932,C,3041
104780,Customer_4780,cust4780@masked.com,+XXX-XXX-5780,58,47763,D,3046
104781,Customer_4781,cust4781@masked.com,+XXX-XXX-5781,49,198628,D,3021
104782,Customer_4782,cust4782@masked.com,+XXX-XXX-5782,60,155937,C,3106
104783,Customer_4783,cust4783@masked.com,+XXX-XXX-5783,39,192914,B,3026
104784,Customer_4784,cust4784@masked.com,+XXX-XXX-5784,44,190999,C,3040
104785,Customer_4785,cust4785@masked.com,+XXX-XXX-5785,64,69602,D,3079
104786,Customer_4786,cust4786@masked.com,+XXX-XXX-5786,21,141727,D,3088
104787,Customer_4787,cust4787@masked.com,+XXX-XXX-5787,56,182148,A,3065
104788,Customer_4788,cust4788@masked.com,+XXX-XXX-5788,43,39734,B,3011
104789,Customer_4789,cust4789@masked.com,+XXX-XXX-5789,33,22829,D,3072
104790,Customer_4790,cust4790@masked.com,+XXX-XXX-5790,50,21915,B,3075
104791,Customer_4791,cust4791@masked.com,+XXX-XXX-5791,69,59980,B,3089
104792,Customer_4792,cust4792@masked.com,+XXX-XXX-5792,57,29440,B,3009
104793,Customer_4793,cust4793@masked.com,+XXX-XXX-5793,31,155891,C,3095
104794,Customer_4794,cust4794@masked.com,+XXX-XXX-5794,27,93415,E,3019
104795,Customer_4795,cust4795@masked.com,+XXX-XXX-5795,55,110352,B,3038
104796,Customer_4796,cust4796@masked.com,+XXX-XXX-5796,31,52225,A,3059
104797,Customer_4797,cust4797@masked.com,+XXX-XXX-5797,69,161406,A,3065
104798,Customer_4798,cust4798@masked.com,+XXX-XXX-5798,63,126860,A,3064
104799,Customer_4799,cust4799@masked.com,+XXX-XXX-5799,67,115367,C,3123
104800,Customer_4800,cust4800@masked.com,+XXX-XXX-5800,60,89656,C,3129
104801,Customer_4801,cust4801@masked.com,+XXX-XXX-5801,68,124780,A,3056
104802,Customer_4802,cust4802@masked.com,+XXX-XXX-5802,41,22961,C,3077
104803,Customer_4803,cust4803@masked.com,+XXX-XXX-5803,67,98385,C,3028
104804,Customer_4804,cust4804@masked.com,+XXX-XXX-5804,23,52545,B,3014
104805,Customer_4805,cust4805@masked.com,+XXX-XXX-5805,50,71569,B,3011
104806,Customer_4806,cust4806@masked.com,+XXX-XXX-5806,44,152688,E,3100
104807,Customer_4807,cust4807@masked.com,+XXX-XXX-5807,58,143915,B,3083
104808,Customer_4808,cust4808@masked.com,+XXX-XXX-5808,23,94447,D,3124
104809,Customer_4809,cust4809@masked.com,+XXX-XXX-5809,57,45549,B,3102
104810,Customer_4810,cust4810@masked.com,+XXX-XXX-5810,53,92361,D,3023
104811,Customer_4811,cust4811@masked.com,+XXX-XXX-5811,42,38230,D,3148
104812,Customer_4812,cust4812@masked.com,+XXX-XXX-5812,51,70618,C,3137
104813,Customer_4813,cust4813@masked.com,+XXX-XXX-5813,66,134676,D,3109
104814,Customer_4814,cust4814@masked.com,+XXX-XXX-5814,32,28882,E,3077
104815,Customer_4815,cust4815@masked.com,+XXX-XXX-5815,65,101844,C,3100
104816,Customer_4816,cust4816@masked.com,+XXX-XXX-5816,34,137200,B,3145
104817,Customer_4817,cust4817@masked.com,+XXX-XXX-5817,32,195880,B,3141
104818,Customer_4818,cust4818@masked.com,+XXX-XXX-5818,47,135933,D,3127
104819,Customer_4819,cust4819@masked.com,+XXX-XXX-5819,33,42500,C,3057
104820,Customer_4820,cust4820@masked.com,+XXX-XXX-5820,44,101410,A,3075
104821,Customer_4821,cust4821@masked.com,+XXX-XXX-5821,58,160405,A,3149
104822,Customer_4822,cust4822@masked.com,+XXX-XXX-5822,67,73383,C,3035
104823,Customer_4823,cust4823@masked.com,+XXX-XXX-5823,68,86513,B,3021
104824,Customer_4824,cust4824@masked.com,+XXX-XXX-5824,29,177882,B,3126
104825,Customer_4825,cust4825@masked.com,+XXX-XXX-5825,28,176189,C,3079
104826,Customer_4826,cust4826@masked.com,+XXX-XXX-5826,57,92258,C,3099
104827,Customer_4827,cust4827@masked.com,+XXX-XXX-5827,35,33217,A,3095
104828,Customer_4828,cust4828@masked.com,+XXX-XXX-5828,27,192842,A,3147
104829,Customer_4829,cust4829@masked.com,+XXX-XXX-5829,44,106427,A,3017
104830,Customer_4830,cust4830@masked.com,+XXX-XXX-5830,69,65272,B,3037
104831,Customer_4831,cust4831@masked.com,+XXX-XXX-5831,36,103053,C,3108
104832,Customer_4832,cust4832@masked.com,+XXX-XXX-5832,44,81724,C,3122
104833,Customer_4833,cust4833@masked.com,+XXX-XXX-5833,63,166290,A,3143
104834,Customer_4834,cust4834@masked.com,+XXX-XXX-5834,27,57633,A,3148
104835,Customer_4835,cust4835@masked.com,+XXX-XXX-5835,63,61528,A,3103
104836,Customer_4836,cust4836@masked.com,+XXX-XXX-5836,48,29513,E,3139
104837,Customer_4837,cust4837@masked.com,+XXX-XXX-5837,22,191506,B,3143
104838,Customer_4838,cust4838@masked.com,+XXX-XXX-5838,54,194776,D,3080
104839,Customer_4839,cust4839@masked.com,+XXX-XXX-5839,58,92901,D,3086
104840,Customer_4840,cust4840@masked.com,+XXX-XXX-5840,23,80922,C,3141
104841,Customer_4841,cust4841@masked.com,+XXX-XXX-5841,21,124936,C,3060
104842,Customer_4842,cust4842@masked.com,+XXX-XXX-5842,51,120071,A,3045
104843,Customer_4843,cust4843@masked.com,+XXX-XXX-5843,43,120378,C,3031
104844,Customer_4844,cust4844@masked.com,+XXX-XXX-5844,40,70293,B,3014
104845,Customer_4845,cust4845@masked.com,+XXX-XXX-5845,36,119381,D,3043
104846,Customer_4846,cust4846@masked.com,+XXX-XXX-5846,66,75272,A,3144
104847,Customer_4847,cust4847@masked.com,+XXX-XXX-5847,52,28670,D,3053
104848,Customer_4848,cust4848@masked.com,+XXX-XXX-5848,37,47809,A,3043
104849,Customer_4849,cust4849@masked.com,+XXX-XXX-5849,38,38069,D,3097
104850,Customer_4850,cust4850@masked.com,+XXX-XXX-5850,24,115447,B,3004
104851,Customer_4851,cust4851@masked.com,+XXX-XXX-5851,55,138179,C,3108
104852,Customer_4852,cust4852@masked.com,+XXX-XXX-5852,60,119675,B,3026
104853,Customer_4853,cust4853@masked.com,+XXX-XXX-5853,56,156531,B,3115
104854,Customer_4854,cust4854@masked.com,+XXX-XXX-5854,43,179548,C,3086
104855,Customer_4855,cust4855@masked.com,+XXX-XXX-5855,35,82289,E,3103
104856,Customer_4856,cust4856@masked.com,+XXX-XXX-5856,33,47177,A,3122
104857,Customer_4857,cust4857@masked.com,+XXX-XXX-5857,34,23423,D,3078
104858,Customer_4858,cust4858@masked.com,+XXX-XXX-5858,34,81001,C,3042
104859,Customer_4859,cust4859@masked.com,+XXX-XXX-5859,57,171432,D,3096
104860,Customer_4860,cust4860@masked.com,+XXX-XXX-5860,25,181304,B,3030
104861,Customer_4861,cust4861@masked.com,+XXX-XXX-5861,42,64940,B,3098
104862,Customer_4862,cust4862@masked.com,+XXX-XXX-5862,48,156433,D,3016
104863,Customer_4863,cust4863@masked.com,+XXX-XXX-5863,65,21401,B,3082
104864,Customer_4864,cust4864@masked.com,+XXX-XXX-5864,24,86948,C,3109
104865,Customer_4865,cust4865@masked.com,+XXX-XXX-5865,58,42814,A,3031
104866,Customer_4866,cust4866@masked.com,+XXX-XXX-5866,49,23230,A,3140
104867,Customer_4867,cust4867@masked.com,+XXX-XXX-5867,57,125825,C,3034
104868,Customer_4868,cust4868@masked.com,+XXX-XXX-5868,55,124153,C,3132
104869,Customer_4869,cust4869@masked.com,+XXX-XXX-5869,40,128998,C,3028
104870,Customer_4870,cust4870@masked.com,+XXX-XXX-5870,55,58824,A,3069
104871,Customer_4871,cust4871@masked.com,+XXX-XXX-5871,55,139410,B,3094
104872,Customer_4872,cust4872@masked.com,+XXX-XXX-5872,40,70416,B,3021
104873,Customer_4873,cust4873@masked.com,+XXX-XXX-5873,22,120563,B,3068
104874,Customer_4874,cust4874@masked.com,+XXX-XXX-5874,38,91812,D,3088
104875,Customer_4875,cust4875@masked.com,+XXX-XXX-5875,50,78876,D,3071
104876,Customer_4876,cust4876@masked.com,+XXX-XXX-5876,62,75572,A,3128
104877,Customer_4877,cust4877@masked.com,+XXX-XXX-5877,49,107304,D,3086
104878,Customer_4878,cust4878@masked.com,+XXX-XXX-5878,59,108668,B,3095
104879,Customer_4879,cust4879@masked.com,+XXX-XXX-5879,42,134266,C,3074
104880,Customer_4880,cust4880@masked.com,+XXX-XXX-5880,49,95111,A,3053
104881,Customer_4881,cust4881@masked.com,+XXX-XXX-5881,66,93367,C,3087
104882,Customer_4882,cust4882@masked.com,+XXX-XXX-5882,30,88348,B,3053
104883,Customer_4883,cust4883@masked.com,+XXX-XXX-5883,40,186315,B,3015
104884,Customer_4884,cust4884@masked.com,+XXX-XXX-5884,36,43357,A,3098
104885,Customer_4885,cust4885@masked.com,+XXX-XXX-5885,26,133234,A,3019
104886,Customer_4886,cust4886@masked.com,+XXX-XXX-5886,37,105321,A,3045
104887,Customer_4887,cust4887@masked.com,+XXX-XXX-5887,26,57783,B,3126
104888,Customer_4888,cust4888@masked.com,+XXX-XXX-5888,42,145985,A,3057
104889,Customer_4889,cust4889@masked.com,+XXX-XXX-5889,38,71703,C,3110
104890,Customer_4890,cust4890@masked.com,+XXX-XXX-5890,52,136839,A,3128
104891,Customer_4891,cust4891@masked.com,+XXX-XXX-5891,48,108557,C,3080
104892,Customer_4892,cust4892@masked.com,+XXX-XXX-5892,62,85923,A,3083
104893,Customer_4893,cust4893@masked.com,+XXX-XXX-5893,30,173320,E,3069
104894,Customer_4894,cust4894@masked.com,+XXX-XXX-5894,61,84748,E,3007
104895,Customer_4895,cust4895@masked.com,+XXX-XXX-5895,42,182526,B,3028
104896,Customer_4896,cust4896@masked.com,+XXX-XXX-5896,48,98728,C,3111
104897,Customer_4897,cust4897@masked.com,+XXX-XXX-5897,35,137849,A,3130
104898,Customer_4898,cust4898@masked.com,+XXX-XXX-5898,63,22380,E,3107
104899,Customer_4899,cust4899@masked.com,+XXX-XXX-5899,49,143256,C,3108
104900,Customer_4900,cust4900@masked.com,+XXX-XXX-5900,27,188175,A,3019
104901,Customer_4901,cust4901@masked.com,+XXX-XXX-5901,54,114389,B,3072
104902,Customer_4902,cust4902@masked.com,+XXX-XXX-5902,52,20743,A,3003
104903,Customer_4903,cust4903@masked.com,+XXX-XXX-5903,22,60124,B,3018
104904,Customer_4904,cust4904@masked.com,+XXX-XXX-5904,46,164200,C,3101
104905,Customer_4905,cust4905@masked.com,+XXX-XXX-5905,65,138174,B,3140
104906,Customer_4906,cust4906@masked.com,+XXX-XXX-5906,31,65653,B,3140
104907,Customer_4907,cust4907@masked.com,+XXX-XXX-5907,45,66072,A,3085
104908,Customer_4908,cust4908@masked.com,+XXX-XXX-5908,39,142214,B,3051
104909,Customer_4909,cust4909@masked.com,+XXX-XXX-5909,40,61302,A,3110
104910,Customer_4910,cust4910@masked.com,+XXX-XXX-5910,53,97011,D,3108
104911,Customer_4911,cust4911@masked.com,+XXX-XXX-5911,37,126452,A,3085
104912,Customer_4912,cust4912@masked.com,+XXX-XXX-5912,50,51898,C,3042
104913,Customer_4913,cust4913@masked.com,+XXX-XXX-5913,38,123620,B,3041
104914,Customer_4914,cust4914@masked.com,+XXX-XXX-5914,52,37889,B,3089
104915,Customer_4915,cust4915@masked.com,+XXX-XXX-5915,60,162024,C,3114
104916,Customer_4916,cust4916@masked.com,+XXX-XXX-5916,65,65985,B,3025
104917,Customer_4917,cust4917@masked.com,+XXX-XXX-5917,24,94106,B,3042
104918,Customer_4918,cust4918@masked.com,+XXX-XXX-5918,52,80139,C,3076
104919,Customer_4919,cust4919@masked.com,+XXX-XXX-5919,39,28897,B,3136
104920,Customer_4920,cust4920@masked.com,+XXX-XXX-5920,23,38798,B,3019
104921,Customer_4921,cust4921@masked.com,+XXX-XXX-5921,58,25656,C,3038
104922,Customer_4922,cust4922@masked.com,+XXX-XXX-5922,48,176418,C,3011
104923,Customer_4923,cust4923@masked.com,+XXX-XXX-5923,58,32193,A,3010
104924,Customer_4924,cust4924@masked.com,+XXX-XXX-5924,26,156219,B,3041
104925,Customer_4925,cust4925@masked.com,+XXX-XXX-5925,60,146474,A,3010
104926,Customer_4926,cust4926@masked.com,+XXX-XXX-5926,37,122748,A,3037
104927,Customer_4927,cust4927@masked.com,+XXX-XXX-5927,62,164501,C,3097
104928,Customer_4928,cust4928@masked.com,+XXX-XXX-5928,25,193263,D,3018
104929,Customer_4929,cust4929@masked.com,+XXX-XXX-5929,39,103366,D,3133
104930,Customer_4930,cust4930@masked.com,+XXX-XXX-5930,63,179836,A,3115
104931,Customer_4931,cust4931@masked.com,+XXX-XXX-5931,62,83628,B,3112
104932,Customer_4932,cust4932@masked.com,+XXX-XXX-5932,55,153474,C,3064
104933,Customer_4933,cust4933@masked.com,+XXX-XXX-5933,42,25642,A,3098
104934,Customer_4934,cust4934@masked.com,+XXX-XXX-5934,44,103746,D,3071
104935,Customer_4935,cust4935@masked.com,+XXX-XXX-5935,30,27918,C,3051
104936,Customer_4936,cust4936@masked.com,+XXX-XXX-5936,22,138535,D,3117
104937,Customer_4937,cust4937@masked.com,+XXX-XXX-5937,48,134438,A,3119
104938,Customer_4938,cust4938@masked.com,+XXX-XXX-5938,61,168548,A,3006
104939,Customer_4939,cust4939@masked.com,+XXX-XXX-5939,57,41061,D,3010
104940,Customer_4940,cust4940@masked.com,+XXX-XXX-5940,37,136408,C,3102
104941,Customer_4941,cust4941@masked.com,+XXX-XXX-5941,26,181501,D,3060
104942,Customer_4942,cust4942@masked.com,+XXX-XXX-5942,63,189637,A,3067
104943,Customer_4943,cust4943@masked.com,+XXX-XXX-5943,25,40215,C,3139
104944,Customer_4944,cust4944@masked.com,+XXX-XXX-5944,59,140148,C,3101
104945,Customer_4945,cust4945@masked.com,+XXX-XXX-5945,27,133613,A,3109
104946,Customer_4946,cust4946@masked.com,+XXX-XXX-5946,52,192336,C,3139
104947,Customer_4947,cust4947@masked.com,+XXX-XXX-5947,24,76098,C,3050
104948,Customer_4948,cust4948@masked.com,+XXX-XXX-5948,41,88764,A,3116
104949,Customer_4949,cust4949@masked.com,+XXX-XXX-5949,62,113271,B,3045
104950,Customer_4950,cust4950@masked.com,+XXX-XXX-5950,52,160515,C,3052
104951,Customer_4951,cust4951@masked.com,+XXX-XXX-5951,38,143816,B,3087
104952,Customer_4952,cust4952@masked.com,+XXX-XXX-5952,53,59276,D,3120
104953,Customer_4953,cust4953@masked.com,+XXX-XXX-5953,34,51711,B,3012
104954,Customer_4954,cust4954@masked.com,+XXX-XXX-5954,26,195749,B,3088
104955,Customer_4955,cust4955@masked.com,+XXX-XXX-5955,31,187129,E,3124
104956,Customer_4956,cust4956@masked.com,+XXX-XXX-5956,66,59764,D,3117
104957,Customer_4957,cust4957@masked.com,+XXX-XXX-5957,40,24844,A,3053
104958,Customer_4958,cust4958@masked.com,+XXX-XXX-5958,49,127181,D,3115
104959,Customer_4959,cust4959@masked.com,+XXX-XXX-5959,55,122539,A,3117
104960,Customer_4960,cust4960@masked.com,+XXX-XXX-5960,36,44630,A,3003
104961,Customer_4961,cust4961@masked.com,+XXX-XXX-5961,68,105132,B,3074
104962,Customer_4962,cust4962@masked.com,+XXX-XXX-5962,27,171625,B,3048
104963,Customer_4963,cust4963@masked.com,+XXX-XXX-5963,60,121510,D,3006
104964,Customer_4964,cust4964@masked.com,+XXX-XXX-5964,56,194987,C,3109
104965,Customer_4965,cust4965@masked.com,+XXX-XXX-5965,64,166236,E,3121
104966,Customer_4966,cust4966@masked.com,+XXX-XXX-5966,64,37025,C,3010
104967,Customer_4967,cust4967@masked.com,+XXX-XXX-5967,51,24839,B,3091
104968,Customer_4968,cust4968@masked.com,+XXX-XXX-5968,62,58937,C,3022
104969,Customer_4969,cust4969@masked.com,+XXX-XXX-5969,64,133074,E,3027
104970,Customer_4970,cust4970@masked.com,+XXX-XXX-5970,63,66660,C,3110
104971,Customer_4971,cust4971@masked.com,+XXX-XXX-5971,63,135911,D,3056
104972,Customer_4972,cust4972@masked.com,+XXX-XXX-5972,67,53260,E,3025
104973,Customer_4973,cust4973@masked.com,+XXX-XXX-5973,26,116200,A,3053
104974,Customer_4974,cust4974@masked.com,+XXX-XXX-5974,49,43206,C,3028
104975,Customer_4975,cust4975@masked.com,+XXX-XXX-5975,47,75763,D,3096
104976,Customer_4976,cust4976@masked.com,+XXX-XXX-5976,63,103059,E,3013
104977,Customer_4977,cust4977@masked.com,+XXX-XXX-5977,22,172946,A,3077
104978,Customer_4978,cust4978@masked.com,+XXX-XXX-5978,42,26794,C,3034
104979,Customer_4979,cust4979@masked.com,+XXX-XXX-5979,29,168711,C,3029
104980,Customer_4980,cust4980@masked.com,+XXX-XXX-5980,31,186335,B,3091
104981,Customer_4981,cust4981@masked.com,+XXX-XXX-5981,36,137973,C,3016
104982,Customer_4982,cust4982@masked.com,+XXX-XXX-5982,65,61961,B,3092
104983,Customer_4983,cust4983@masked.com,+XXX-XXX-5983,33,105801,B,3078
104984,Customer_4984,cust4984@masked.com,+XXX-XXX-5984,38,31736,B,3109
104985,Customer_4985,cust4985@masked.com,+XXX-XXX-5985,45,184986,C,3101
104986,Customer_4986,cust4986@masked.com,+XXX-XXX-5986,53,79395,B,3105
104987,Customer_4987,cust4987@masked.com,+XXX-XXX-5987,30,100338,B,3046
104988,Customer_4988,cust4988@masked.com,+XXX-XXX-5988,50,134946,B,3063
104989,Customer_4989,cust4989@masked.com,+XXX-XXX-5989,69,99757,A,3063
104990,Customer_4990,cust4990@masked.com,+XXX-XXX-5990,21,89385,A,3086
104991,Customer_4991,cust4991@masked.com,+XXX-XXX-5991,53,85285,A,3006
104992,Customer_4992,cust4992@masked.com,+XXX-XXX-5992,69,173886,C,3021
104993,Customer_4993,cust4993@masked.com,+XXX-XXX-5993,35,140862,D,3080
104994,Customer_4994,cust4994@masked.com,+XXX-XXX-5994,49,197839,A,3073
104995,Customer_4995,cust4995@masked.com,+XXX-XXX-5995,22,155688,A,3137
104996,Customer_4996,cust4996@masked.com,+XXX-XXX-5996,31,110100,C,3134
104997,Customer_4997,cust4997@masked.com,+XXX-XXX-5997,54,85659,B,3124
104998,Customer_4998,cust4998@masked.com,+XXX-XXX-5998,61,87713,E,3049
104999,Customer_4999,cust4999@masked.com,+XXX-XXX-5999,39,168959,C,3051
105000,Customer_5000,cust5000@masked.com,+XXX-XXX-6000,22,66811,B,3000
105001,Customer_5001,cust5001@masked.com,+XXX-XXX-6001,68,166181,B,3003
105002,Customer_5002,cust5002@masked.com,+XXX-XXX-6002,40,83387,C,3144
105003,Customer_5003,cust5003@masked.com,+XXX-XXX-6003,61,153196,A,3131
105004,Customer_5004,cust5004@masked.com,+XXX-XXX-6004,51,121558,A,3003
105005,Customer_5005,cust5005@masked.com,+XXX-XXX-6005,24,87949,A,3000
105006,Customer_5006,cust5006@masked.com,+XXX-XXX-6006,49,171843,D,3070
105007,Customer_5007,cust5007@masked.com,+XXX-XXX-6007,50,26089,C,3034
105008,Customer_5008,cust5008@masked.com,+XXX-XXX-6008,33,25833,A,3007
105009,Customer_5009,cust5009@masked.com,+XXX-XXX-6009,35,166820,C,3035
105010,Customer_5010,cust5010@masked.com,+XXX-XXX-6010,40,69308,B,3122
105011,Customer_5011,cust5011@masked.com,+XXX-XXX-6011,54,62083,C,3042
105012,Customer_5012,cust5012@masked.com,+XXX-XXX-6012,48,172459,A,3026
105013,Customer_5013,cust5013@masked.com,+XXX-XXX-6013,40,135605,C,3031
105014,Customer_5014,cust5014@masked.com,+XXX-XXX-6014,45,99674,E,3077
105015,Customer_5015,cust5015@masked.com,+XXX-XXX-6015,47,21702,A,3120
105016,Customer_5016,cust5016@masked.com,+XXX-XXX-6016,50,185505,B,3145
105017,Customer_5017,cust5017@masked.com,+XXX-XXX-6017,61,41773,B,3015
105018,Customer_5018,cust5018@masked.com,+XXX-XXX-6018,40,163497,B,3098
105019,Customer_5019,cust5019@masked.com,+XXX-XXX-6019,21,58575,B,3046
105020,Customer_5020,cust5020@masked.com,+XXX-XXX-6020,55,40098,D,3030
105021,Customer_5021,cust5021@masked.com,+XXX-XXX-6021,69,92519,D,3003
105022,Customer_5022,cust5022@masked.com,+XXX-XXX-6022,63,172566,A,3016
105023,Customer_5023,cust5023@masked.com,+XXX-XXX-6023,44,148699,C,3038
105024,Customer_5024,cust5024@masked.com,+XXX-XXX-6024,45,22397,C,3047
105025,Customer_5025,cust5025@masked.com,+XXX-XXX-6025,60,46770,C,3038
105026,Customer_5026,cust5026@masked.com,+XXX-XXX-6026,32,58222,B,3131
105027,Customer_5027,cust5027@masked.com,+XXX-XXX-6027,31,113737,A,3029
105028,Customer_5028,cust5028@masked.com,+XXX-XXX-6028,50,69033,B,3021
105029,Customer_5029,cust5029@masked.com,+XXX-XXX-6029,33,85879,B,3065
105030,Customer_5030,cust5030@masked.com,+XXX-XXX-6030,67,98475,D,3107
105031,Customer_5031,cust5031@masked.com,+XXX-XXX-6031,45,35950,D,3011
105032,Customer_5032,cust5032@masked.com,+XXX-XXX-6032,45,116081,A,3035
105033,Customer_5033,cust5033@masked.com,+XXX-XXX-6033,37,68787,A,3017
105034,Customer_5034,cust5034@masked.com,+XXX-XXX-6034,32,108768,D,3089
105035,Customer_5035,cust5035@masked.com,+XXX-XXX-6035,31,110150,C,3000
105036,Customer_5036,cust5036@masked.com,+XXX-XXX-6036,30,115551,D,3126
105037,Customer_5037,cust5037@masked.com,+XXX-XXX-6037,37,126350,A,3089
105038,Customer_5038,cust5038@masked.com,+XXX-XXX-6038,65,147943,C,3086
105039,Customer_5039,cust5039@masked.com,+XXX-XXX-6039,36,82926,C,3089
105040,Customer_5040,cust5040@masked.com,+XXX-XXX-6040,40,24986,D,3133
105041,Customer_5041,cust5041@masked.com,+XXX-XXX-6041,69,98485,A,3069
105042,Customer_5042,cust5042@masked.com,+XXX-XXX-6042,25,151307,B,3043
105043,Customer_5043,cust5043@masked.com,+XXX-XXX-6043,61,159065,B,3085
105044,Customer_5044,cust5044@masked.com,+XXX-XXX-6044,52,165908,D,3018
105045,Customer_5045,cust5045@masked.com,+XXX-XXX-6045,47,90760,E,3100
105046,Customer_5046,cust5046@masked.com,+XXX-XXX-6046,24,184078,E,3145
105047,Customer_5047,cust5047@masked.com,+XXX-XXX-6047,61,172380,E,3094
105048,Customer_5048,cust5048@masked.com,+XXX-XXX-6048,68,85587,A,3100
105049,Customer_5049,cust5049@masked.com,+XXX-XXX-6049,27,177803,A,3029
105050,Customer_5050,cust5050@masked.com,+XXX-XXX-6050,66,95108,A,3032
105051,Customer_5051,cust5051@masked.com,+XXX-XXX-6051,34,28498,B,3011
105052,Customer_5052,cust5052@masked.com,+XXX-XXX-6052,59,65066,D,3117
105053,Customer_5053,cust5053@masked.com,+XXX-XXX-6053,44,197790,D,3093
105054,Customer_5054,cust5054@masked.com,+XXX-XXX-6054,68,109529,A,3136
105055,Customer_5055,cust5055@masked.com,+XXX-XXX-6055,38,170065,C,3148
105056,Customer_5056,cust5056@masked.com,+XXX-XXX-6056,58,32485,D,3075
105057,Customer_5057,cust5057@masked.com,+XXX-XXX-6057,59,89136,B,3028
105058,Customer_5058,cust5058@masked.com,+XXX-XXX-6058,60,197195,A,3116
105059,Customer_5059,cust5059@masked.com,+XXX-XXX-6059,21,66264,B,3014
105060,Customer_5060,cust5060@masked.com,+XXX-XXX-6060,37,65606,B,3001
105061,Customer_5061,cust5061@masked.com,+XXX-XXX-6061,46,56346,C,3116
105062,Customer_5062,cust5062@masked.com,+XXX-XXX-6062,42,123865,B,3017
105063,Customer_5063,cust5063@masked.com,+XXX-XXX-6063,59,186383,A,3002
105064,Customer_5064,cust5064@masked.com,+XXX-XXX-6064,38,135192,E,3134
105065,Customer_5065,cust5065@masked.com,+XXX-XXX-6065,58,143016,C,3107
105066,Customer_5066,cust5066@masked.com,+XXX-XXX-6066,48,193334,B,3094
105067,Customer_5067,cust5067@masked.com,+XXX-XXX-6067,41,73166,E,3121
105068,Customer_5068,cust5068@masked.com,+XXX-XXX-6068,58,59075,A,3010
105069,Customer_5069,cust5069@masked.com,+XXX-XXX-6069,53,187454,A,3067
105070,Customer_5070,cust5070@masked.com,+XXX-XXX-6070,50,98675,D,3122
105071,Customer_5071,cust5071@masked.com,+XXX-XXX-6071,62,123446,B,3112
105072,Customer_5072,cust5072@masked.com,+XXX-XXX-6072,28,24806,D,3097
105073,Customer_5073,cust5073@masked.com,+XXX-XXX-6073,50,49357,B,3092
105074,Customer_5074,cust5074@masked.com,+XXX-XXX-6074,59,78877,A,3021
105075,Customer_5075,cust5075@masked.com,+XXX-XXX-6075,29,130137,C,3126
105076,Customer_5076,cust5076@masked.com,+XXX-XXX-6076,53,73155,A,3133
105077,Customer_5077,cust5077@masked.com,+XXX-XXX-6077,63,78051,D,3024
105078,Customer_5078,cust5078@masked.com,+XXX-XXX-6078,49,144503,C,3084
105079,Customer_5079,cust5079@masked.com,+XXX-XXX-6079,51,93147,E,3054
105080,Customer_5080,cust5080@masked.com,+XXX-XXX-6080,23,147117,D,3143
105081,Customer_5081,cust5081@masked.com,+XXX-XXX-6081,58,177976,A,3094
105082,Customer_5082,cust5082@masked.com,+XXX-XXX-6082,31,96742,D,3141
105083,Customer_5083,cust5083@masked.com,+XXX-XXX-6083,25,117486,C,3118
105084,Customer_5084,cust5084@masked.com,+XXX-XXX-6084,51,152779,C,3008
105085,Customer_5085,cust5085@masked.com,+XXX-XXX-6085,40,42290,D,3149
105086,Customer_5086,cust5086@masked.com,+XXX-XXX-6086,24,104875,C,3041
105087,Customer_5087,cust5087@masked.com,+XXX-XXX-6087,28,39311,B,3052
105088,Customer_5088,cust5088@masked.com,+XXX-XXX-6088,62,68175,C,3073
105089,Customer_5089,cust5089@masked.com,+XXX-XXX-6089,55,22720,B,3038
105090,Customer_5090,cust5090@masked.com,+XXX-XXX-6090,33,55790,A,3121
105091,Customer_5091,cust5091@masked.com,+XXX-XXX-6091,69,101285,C,3014
105092,Customer_5092,cust5092@masked.com,+XXX-XXX-6092,25,135066,B,3122
105093,Customer_5093,cust5093@masked.com,+XXX-XXX-6093,60,110328,A,3110
105094,Customer_5094,cust5094@masked.com,+XXX-XXX-6094,39,178544,A,3130
105095,Customer_5095,cust5095@masked.com,+XXX-XXX-6095,38,42442,C,3082
105096,Customer_5096,cust5096@masked.com,+XXX-XXX-6096,53,43802,B,3009
105097,Customer_5097,cust5097@masked.com,+XXX-XXX-6097,24,32721,D,3091
105098,Customer_5098,cust5098@masked.com,+XXX-XXX-6098,38,55757,B,3028
105099,Customer_5099,cust5099@masked.com,+XXX-XXX-6099,66,187670,B,3034
105100,Customer_5100,cust5100@masked.com,+XXX-XXX-6100,44,179304,B,3005
105101,Customer_5101,cust5101@masked.com,+XXX-XXX-6101,63,189243,C,3139
105102,Customer_5102,cust5102@masked.com,+XXX-XXX-6102,49,177154,B,3110
105103,Customer_5103,cust5103@masked.com,+XXX-XXX-6103,51,111402,E,3037
105104,Customer_5104,cust5104@masked.com,+XXX-XXX-6104,48,21939,E,3076
105105,Customer_5105,cust5105@masked.com,+XXX-XXX-6105,29,139382,D,3092
105106,Customer_5106,cust5106@masked.com,+XXX-XXX-6106,65,51989,E,3146
105107,Customer_5107,cust5107@masked.com,+XXX-XXX-6107,46,150404,B,3066
105108,Customer_5108,cust5108@masked.com,+XXX-XXX-6108,69,93251,C,3135
105109,Customer_5109,cust5109@masked.com,+XXX-XXX-6109,67,34454,C,3007
105110,Customer_5110,cust5110@masked.com,+XXX-XXX-6110,22,152449,C,3121
105111,Customer_5111,cust5111@masked.com,+XXX-XXX-6111,26,55523,D,3083
105112,Customer_5112,cust5112@masked.com,+XXX-XXX-6112,49,50807,C,3131
105113,Customer_5113,cust5113@masked.com,+XXX-XXX-6113,46,38467,E,3084
105114,Customer_5114,cust5114@masked.com,+XXX-XXX-6114,48,57177,B,3044
105115,Customer_5115,cust5115@masked.com,+XXX-XXX-6115,27,163359,D,3135
105116,Customer_5116,cust5116@masked.com,+XXX-XXX-6116,54,68667,C,3086
105117,Customer_5117,cust5117@masked.com,+XXX-XXX-6117,65,163910,C,3015
105118,Customer_5118,cust5118@masked.com,+XXX-XXX-6118,30,183137,B,3076
105119,Customer_5119,cust5119@masked.com,+XXX-XXX-6119,68,75259,D,3008
105120,Customer_5120,cust5120@masked.com,+XXX-XXX-6120,61,199939,D,3059
105121,Customer_5121,cust5121@masked.com,+XXX-XXX-6121,60,56872,A,3077
105122,Customer_5122,cust5122@masked.com,+XXX-XXX-6122,67,30522,C,3076
105123,Customer_5123,cust5123@masked.com,+XXX-XXX-6123,42,134108,B,3070
105124,Customer_5124,cust5124@masked.com,+XXX-XXX-6124,47,180204,E,3014
105125,Customer_5125,cust5125@masked.com,+XXX-XXX-6125,59,60425,B,3070
105126,Customer_5126,cust5126@masked.com,+XXX-XXX-6126,42,25478,B,3101
105127,Customer_5127,cust5127@masked.com,+XXX-XXX-6127,39,113873,B,3021
105128,Customer_5128,cust5128@masked.com,+XXX-XXX-6128,56,71793,C,3112
105129,Customer_5129,cust5129@masked.com,+XXX-XXX-6129,29,25025,A,3000
105130,Customer_5130,cust5130@masked.com,+XXX-XXX-6130,39,27764,C,3009
105131,Customer_5131,cust5131@masked.com,+XXX-XXX-6131,22,89036,E,3109
105132,Customer_5132,cust5132@masked.com,+XXX-XXX-6132,48,115062,D,3112
105133,Customer_5133,cust5133@masked.com,+XXX-XXX-6133,59,51521,A,3049
105134,Customer_5134,cust5134@masked.com,+XXX-XXX-6134,42,191464,E,3011
105135,Customer_5135,cust5135@masked.com,+XXX-XXX-6135,26,48807,C,3088
105136,Customer_5136,cust5136@masked.com,+XXX-XXX-6136,67,38013,A,3111
105137,Customer_5137,cust5137@masked.com,+XXX-XXX-6137,27,31311,A,3077
105138,Customer_5138,cust5138@masked.com,+XXX-XXX-6138,26,181699,A,3120
105139,Customer_5139,cust5139@masked.com,+XXX-XXX-6139,53,100483,D,3022
105140,Customer_5140,cust5140@masked.com,+XXX-XXX-6140,34,29041,A,3133
105141,Customer_5141,cust5141@masked.com,+XXX-XXX-6141,21,91796,B,3024
105142,Customer_5142,cust5142@masked.com,+XXX-XXX-6142,45,43306,D,3017
105143,Customer_5143,cust5143@masked.com,+XXX-XXX-6143,26,194899,C,3140
105144,Customer_5144,cust5144@masked.com,+XXX-XXX-6144,48,109086,D,3042
105145,Customer_5145,cust5145@masked.com,+XXX-XXX-6145,38,112151,C,3077
105146,Customer_5146,cust5146@masked.com,+XXX-XXX-6146,47,162499,A,3027
105147,Customer_5147,cust5147@masked.com,+XXX-XXX-6147,69,185150,D,3145
105148,Customer_5148,cust5148@masked.com,+XXX-XXX-6148,22,98359,B,3058
105149,Customer_5149,cust5149@masked.com,+XXX-XXX-6149,60,182285,C,3062
105150,Customer_5150,cust5150@masked.com,+XXX-XXX-6150,41,149428,C,3091
105151,Customer_5151,cust5151@masked.com,+XXX-XXX-6151,43,82960,A,3055
105152,Customer_5152,cust5152@masked.com,+XXX-XXX-6152,22,83741,E,3110
105153,Customer_5153,cust5153@masked.com,+XXX-XXX-6153,36,79000,B,3136
105154,Customer_5154,cust5154@masked.com,+XXX-XXX-6154,24,47207,A,3067
105155,Customer_5155,cust5155@masked.com,+XXX-XXX-6155,54,23936,E,3045
105156,Customer_5156,cust5156@masked.com,+XXX-XXX-6156,25,71775,C,3066
105157,Customer_5157,cust5157@masked.com,+XXX-XXX-6157,69,38674,C,3135
105158,Customer_5158,cust5158@masked.com,+XXX-XXX-6158,54,34374,C,3005
105159,Customer_5159,cust5159@masked.com,+XXX-XXX-6159,42,116128,D,3023
105160,Customer_5160,cust5160@masked.com,+XXX-XXX-6160,66,135040,A,3093
105161,Customer_5161,cust5161@masked.com,+XXX-XXX-6161,40,147401,B,3012
105162,Customer_5162,cust5162@masked.com,+XXX-XXX-6162,59,129644,B,3024
105163,Customer_5163,cust5163@masked.com,+XXX-XXX-6163,67,166389,A,3147
105164,Customer_5164,cust5164@masked.com,+XXX-XXX-6164,33,49181,C,3117
105165,Customer_5165,cust5165@masked.com,+XXX-XXX-6165,64,162852,B,3081
105166,Customer_5166,cust5166@masked.com,+XXX-XXX-6166,54,72994,B,3110
105167,Customer_5167,cust5167@masked.com,+XXX-XXX-6167,64,40402,A,3081
105168,Customer_5168,cust5168@masked.com,+XXX-XXX-6168,26,174348,C,3065
105169,Customer_5169,cust5169@masked.com,+XXX-XXX-6169,49,92778,D,3044
105170,Customer_5170,cust5170@masked.com,+XXX-XXX-6170,53,144889,B,3113
105171,Customer_5171,cust5171@masked.com,+XXX-XXX-6171,21,113057,C,3062
105172,Customer_5172,cust5172@masked.com,+XXX-XXX-6172,67,21052,B,3075
105173,Customer_5173,cust5173@masked.com,+XXX-XXX-6173,68,35400,C,3113
105174,Customer_5174,cust5174@masked.com,+XXX-XXX-6174,27,81980,A,3110
105175,Customer_5175,cust5175@masked.com,+XXX-XXX-6175,42,105483,B,3146
105176,Customer_5176,cust5176@masked.com,+XXX-XXX-6176,52,45699,C,3034
105177,Customer_5177,cust5177@masked.com,+XXX-XXX-6177,34,54111,D,3052
105178,Customer_5178,cust5178@masked.com,+XXX-XXX-6178,44,81065,B,3025
105179,Customer_5179,cust5179@masked.com,+XXX-XXX-6179,39,142378,D,3013
105180,Customer_5180,cust5180@masked.com,+XXX-XXX-6180,47,101798,C,3117
105181,Customer_5181,cust5181@masked.com,+XXX-XXX-6181,43,186763,E,3044
105182,Customer_5182,cust5182@masked.com,+XXX-XXX-6182,65,128732,B,3050
105183,Customer_5183,cust5183@masked.com,+XXX-XXX-6183,41,198269,B,3118
105184,Customer_5184,cust5184@masked.com,+XXX-XXX-6184,64,72404,D,3018
105185,Customer_5185,cust5185@masked.com,+XXX-XXX-6185,49,80736,A,3081
105186,Customer_5186,cust5186@masked.com,+XXX-XXX-6186,21,145210,A,3075
105187,Customer_5187,cust5187@masked.com,+XXX-XXX-6187,51,43942,A,3091
105188,Customer_5188,cust5188@masked.com,+XXX-XXX-6188,47,170073,D,3032
105189,Customer_5189,cust5189@masked.com,+XXX-XXX-6189,64,48696,A,3146
105190,Customer_5190,cust5190@masked.com,+XXX-XXX-6190,56,42319,D,3027
105191,Customer_5191,cust5191@masked.com,+XXX-XXX-6191,47,57123,B,3122
105192,Customer_5192,cust5192@masked.com,+XXX-XXX-6192,35,169383,A,3125
105193,Customer_5193,cust5193@masked.com,+XXX-XXX-6193,45,178192,B,3036
105194,Customer_5194,cust5194@masked.com,+XXX-XXX-6194,68,42642,A,3098
105195,Customer_5195,cust5195@masked.com,+XXX-XXX-6195,35,90083,C,3097
105196,Customer_5196,cust5196@masked.com,+XXX-XXX-6196,60,180443,C,3126
105197,Customer_5197,cust5197@masked.com,+XXX-XXX-6197,39,125219,B,3079
105198,Customer_5198,cust5198@masked.com,+XXX-XXX-6198,67,105639,A,3037
105199,Customer_5199,cust5199@masked.com,+XXX-XXX-6199,31,95279,C,3076
105200,Customer_5200,cust5200@masked.com,+XXX-XXX-6200,61,185522,D,3125
105201,Customer_5201,cust5201@masked.com,+XXX-XXX-6201,53,132033,C,3086
105202,Customer_5202,cust5202@masked.com,+XXX-XXX-6202,61,43407,D,3053
105203,Customer_5203,cust5203@masked.com,+XXX-XXX-6203,43,24445,A,3149
105204,Customer_5204,cust5204@masked.com,+XXX-XXX-6204,32,133443,D,3015
105205,Customer_5205,cust5205@masked.com,+XXX-XXX-6205,22,182168,B,3027
105206,Customer_5206,cust5206@masked.com,+XXX-XXX-6206,63,137606,A,3045
105207,Customer_5207,cust5207@masked.com,+XXX-XXX-6207,41,136801,D,3071
105208,Customer_5208,cust5208@masked.com,+XXX-XXX-6208,34,152214,E,3084
105209,Customer_5209,cust5209@masked.com,+XXX-XXX-6209,54,69897,C,3025
105210,Customer_5210,cust5210@masked.com,+XXX-XXX-6210,35,108071,B,3084
105211,Customer_5211,cust5211@masked.com,+XXX-XXX-6211,41,87266,B,3064
105212,Customer_5212,cust5212@masked.com,+XXX-XXX-6212,43,81466,B,3133
105213,Customer_5213,cust5213@masked.com,+XXX-XXX-6213,41,155195,D,3114
105214,Customer_5214,cust5214@masked.com,+XXX-XXX-6214,34,38898,A,3063
105215,Customer_5215,cust5215@masked.com,+XXX-XXX-6215,41,136457,D,3086
105216,Customer_5216,cust5216@masked.com,+XXX-XXX-6216,32,192139,B,3106
105217,Customer_5217,cust5217@masked.com,+XXX-XXX-6217,62,65946,D,3095
105218,Customer_5218,cust5218@masked.com,+XXX-XXX-6218,66,137174,E,3076
105219,Customer_5219,cust5219@masked.com,+XXX-XXX-6219,67,94504,B,3145
105220,Customer_5220,cust5220@masked.com,+XXX-XXX-6220,25,159064,B,3086
105221,Customer_5221,cust5221@masked.com,+XXX-XXX-6221,22,141132,D,3148
105222,Customer_5222,cust5222@masked.com,+XXX-XXX-6222,42,75173,C,3056
105223,Customer_5223,cust5223@masked.com,+XXX-XXX-6223,26,30125,C,3102
105224,Customer_5224,cust5224@masked.com,+XXX-XXX-6224,64,173502,C,3090
105225,Customer_5225,cust5225@masked.com,+XXX-XXX-6225,22,94165,A,3044
105226,Customer_5226,cust5226@masked.com,+XXX-XXX-6226,49,29226,D,3087
105227,Customer_5227,cust5227@masked.com,+XXX-XXX-6227,56,168292,A,3114
105228,Customer_5228,cust5228@masked.com,+XXX-XXX-6228,27,24702,E,3046
105229,Customer_5229,cust5229@masked.com,+XXX-XXX-6229,36,151713,B,3134
105230,Customer_5230,cust5230@masked.com,+XXX-XXX-6230,53,55942,C,3049
105231,Customer_5231,cust5231@masked.com,+XXX-XXX-6231,53,142341,B,3083
105232,Customer_5232,cust5232@masked.com,+XXX-XXX-6232,34,23875,B,3090
105233,Customer_5233,cust5233@masked.com,+XXX-XXX-6233,63,192674,B,3133
105234,Customer_5234,cust5234@masked.com,+XXX-XXX-6234,32,150140,C,3090
105235,Customer_5235,cust5235@masked.com,+XXX-XXX-6235,63,167149,C,3136
105236,Customer_5236,cust5236@masked.com,+XXX-XXX-6236,26,145797,D,3108
105237,Customer_5237,cust5237@masked.com,+XXX-XXX-6237,32,154684,B,3056
105238,Customer_5238,cust5238@masked.com,+XXX-XXX-6238,51,92598,C,3030
105239,Customer_5239,cust5239@masked.com,+XXX-XXX-6239,32,108240,D,3020
105240,Customer_5240,cust5240@masked.com,+XXX-XXX-6240,30,86998,A,3089
105241,Customer_5241,cust5241@masked.com,+XXX-XXX-6241,60,190651,B,3039
105242,Customer_5242,cust5242@masked.com,+XXX-XXX-6242,47,179477,B,3111
105243,Customer_5243,cust5243@masked.com,+XXX-XXX-6243,27,97510,B,3044
105244,Customer_5244,cust5244@masked.com,+XXX-XXX-6244,66,118814,B,3076
105245,Customer_5245,cust5245@masked.com,+XXX-XXX-6245,56,54924,C,3086
105246,Customer_5246,cust5246@masked.com,+XXX-XXX-6246,53,153991,A,3147
105247,Customer_5247,cust5247@masked.com,+XXX-XXX-6247,47,92168,C,3100
105248,Customer_5248,cust5248@masked.com,+XXX-XXX-6248,28,94460,E,3116
105249,Customer_5249,cust5249@masked.com,+XXX-XXX-6249,25,63910,C,3091
105250,Customer_5250,cust5250@masked.com,+XXX-XXX-6250,28,54005,C,3144
105251,Customer_5251,cust5251@masked.com,+XXX-XXX-6251,60,103400,A,3027
105252,Customer_5252,cust5252@masked.com,+XXX-XXX-6252,41,150634,D,3024
105253,Customer_5253,cust5253@masked.com,+XXX-XXX-6253,44,30657,B,3057
105254,Customer_5254,cust5254@masked.com,+XXX-XXX-6254,27,38394,C,3040
105255,Customer_5255,cust5255@masked.com,+XXX-XXX-6255,39,92433,E,3133
105256,Customer_5256,cust5256@masked.com,+XXX-XXX-6256,51,58397,C,3074
105257,Customer_5257,cust5257@masked.com,+XXX-XXX-6257,56,139445,C,3037
105258,Customer_5258,cust5258@masked.com,+XXX-XXX-6258,47,43874,B,3133
105259,Customer_5259,cust5259@masked.com,+XXX-XXX-6259,49,180945,A,3074
105260,Customer_5260,cust5260@masked.com,+XXX-XXX-6260,43,43670,D,3141
105261,Customer_5261,cust5261@masked.com,+XXX-XXX-6261,40,162023,A,3065
105262,Customer_5262,cust5262@masked.com,+XXX-XXX-6262,26,166840,C,3002
105263,Customer_5263,cust5263@masked.com,+XXX-XXX-6263,32,175535,A,3116
105264,Customer_5264,cust5264@masked.com,+XXX-XXX-6264,32,98905,D,3098
105265,Customer_5265,cust5265@masked.com,+XXX-XXX-6265,23,50836,A,3018
105266,Customer_5266,cust5266@masked.com,+XXX-XXX-6266,62,162760,C,3145
105267,Customer_5267,cust5267@masked.com,+XXX-XXX-6267,59,37202,C,3115
105268,Customer_5268,cust5268@masked.com,+XXX-XXX-6268,55,27188,B,3124
105269,Customer_5269,cust5269@masked.com,+XXX-XXX-6269,39,73326,B,3087
105270,Customer_5270,cust5270@masked.com,+XXX-XXX-6270,65,165207,B,3034
105271,Customer_5271,cust5271@masked.com,+XXX-XXX-6271,24,54657,B,3000
105272,Customer_5272,cust5272@masked.com,+XXX-XXX-6272,51,151630,B,3125
105273,Customer_5273,cust5273@masked.com,+XXX-XXX-6273,62,46195,B,3088
105274,Customer_5274,cust5274@masked.com,+XXX-XXX-6274,58,34443,C,3143
105275,Customer_5275,cust5275@masked.com,+XXX-XXX-6275,53,43215,B,3146
105276,Customer_5276,cust5276@masked.com,+XXX-XXX-6276,26,25949,E,3024
105277,Customer_5277,cust5277@masked.com,+XXX-XXX-6277,28,60411,C,3015
105278,Customer_5278,cust5278@masked.com,+XXX-XXX-6278,48,135877,A,3072
105279,Customer_5279,cust5279@masked.com,+XXX-XXX-6279,35,88438,B,3128
105280,Customer_5280,cust5280@masked.com,+XXX-XXX-6280,51,82521,D,3041
105281,Customer_5281,cust5281@masked.com,+XXX-XXX-6281,28,171796,A,3146
105282,Customer_5282,cust5282@masked.com,+XXX-XXX-6282,26,91431,C,3079
105283,Customer_5283,cust5283@masked.com,+XXX-XXX-6283,49,125854,C,3103
105284,Customer_5284,cust5284@masked.com,+XXX-XXX-6284,66,42081,A,3145
105285,Customer_5285,cust5285@masked.com,+XXX-XXX-6285,54,64732,D,3033
105286,Customer_5286,cust5286@masked.com,+XXX-XXX-6286,27,149808,B,3088
105287,Customer_5287,cust5287@masked.com,+XXX-XXX-6287,60,110182,B,3124
105288,Customer_5288,cust5288@masked.com,+XXX-XXX-6288,30,107904,D,3044
105289,Customer_5289,cust5289@masked.com,+XXX-XXX-6289,33,111374,C,3133
105290,Customer_5290,cust5290@masked.com,+XXX-XXX-6290,42,153227,D,3020
105291,Customer_5291,cust5291@masked.com,+XXX-XXX-6291,41,180975,C,3121
105292,Customer_5292,cust5292@masked.com,+XXX-XXX-6292,21,180465,C,3069
105293,Customer_5293,cust5293@masked.com,+XXX-XXX-6293,61,147277,D,3095
105294,Customer_5294,cust5294@masked.com,+XXX-XXX-6294,62,197581,A,3104
105295,Customer_5295,cust5295@masked.com,+XXX-XXX-6295,22,199306,D,3047
105296,Customer_5296,cust5296@masked.com,+XXX-XXX-6296,49,142606,C,3038
105297,Customer_5297,cust5297@masked.com,+XXX-XXX-6297,31,181173,A,3030
105298,Customer_5298,cust5298@masked.com,+XXX-XXX-6298,57,165285,C,3009
105299,Customer_5299,cust5299@masked.com,+XXX-XXX-6299,27,147927,A,3029
105300,Customer_5300,cust5300@masked.com,+XXX-XXX-6300,55,155423,C,3017
105301,Customer_5301,cust5301@masked.com,+XXX-XXX-6301,50,60236,C,3087
105302,Customer_5302,cust5302@masked.com,+XXX-XXX-6302,36,33241,E,3124
105303,Customer_5303,cust5303@masked.com,+XXX-XXX-6303,35,108987,A,3072
105304,Customer_5304,cust5304@masked.com,+XXX-XXX-6304,60,173251,C,3014
105305,Customer_5305,cust5305@masked.com,+XXX-XXX-6305,40,111659,A,3003
105306,Customer_5306,cust5306@masked.com,+XXX-XXX-6306,48,67665,C,3008
105307,Customer_5307,cust5307@masked.com,+XXX-XXX-6307,57,81242,C,3108
105308,Customer_5308,cust5308@masked.com,+XXX-XXX-6308,23,24455,C,3136
105309,Customer_5309,cust5309@masked.com,+XXX-XXX-6309,49,60459,D,3131
105310,Customer_5310,cust5310@masked.com,+XXX-XXX-6310,57,80899,D,3015
105311,Customer_5311,cust5311@masked.com,+XXX-XXX-6311,29,37597,A,3142
105312,Customer_5312,cust5312@masked.com,+XXX-XXX-6312,47,75591,B,3098
105313,Customer_5313,cust5313@masked.com,+XXX-XXX-6313,52,66209,C,3120
105314,Customer_5314,cust5314@masked.com,+XXX-XXX-6314,68,29052,B,3051
105315,Customer_5315,cust5315@masked.com,+XXX-XXX-6315,66,55691,A,3068
105316,Customer_5316,cust5316@masked.com,+XXX-XXX-6316,59,37816,C,3004
105317,Customer_5317,cust5317@masked.com,+XXX-XXX-6317,51,85876,B,3019
105318,Customer_5318,cust5318@masked.com,+XXX-XXX-6318,67,76533,B,3078
105319,Customer_5319,cust5319@masked.com,+XXX-XXX-6319,46,128873,D,3145
105320,Customer_5320,cust5320@masked.com,+XXX-XXX-6320,60,34206,B,3110
105321,Customer_5321,cust5321@masked.com,+XXX-XXX-6321,23,182590,A,3001
105322,Customer_5322,cust5322@masked.com,+XXX-XXX-6322,31,152270,A,3092
105323,Customer_5323,cust5323@masked.com,+XXX-XXX-6323,49,188136,D,3012
105324,Customer_5324,cust5324@masked.com,+XXX-XXX-6324,47,199816,E,3003
105325,Customer_5325,cust5325@masked.com,+XXX-XXX-6325,67,98566,C,3108
105326,Customer_5326,cust5326@masked.com,+XXX-XXX-6326,30,142874,B,3073
105327,Customer_5327,cust5327@masked.com,+XXX-XXX-6327,55,171649,E,3094
105328,Customer_5328,cust5328@masked.com,+XXX-XXX-6328,67,199302,C,3104
105329,Customer_5329,cust5329@masked.com,+XXX-XXX-6329,43,181320,D,3007
105330,Customer_5330,cust5330@masked.com,+XXX-XXX-6330,26,127787,D,3066
105331,Customer_5331,cust5331@masked.com,+XXX-XXX-6331,31,24934,B,3109
105332,Customer_5332,cust5332@masked.com,+XXX-XXX-6332,63,175999,B,3008
105333,Customer_5333,cust5333@masked.com,+XXX-XXX-6333,47,141298,A,3116
105334,Customer_5334,cust5334@masked.com,+XXX-XXX-6334,51,45877,B,3010
105335,Customer_5335,cust5335@masked.com,+XXX-XXX-6335,50,39471,D,3098
105336,Customer_5336,cust5336@masked.com,+XXX-XXX-6336,23,189913,D,3041
105337,Customer_5337,cust5337@masked.com,+XXX-XXX-6337,33,25853,C,3140
105338,Customer_5338,cust5338@masked.com,+XXX-XXX-6338,60,56018,B,3119
105339,Customer_5339,cust5339@masked.com,+XXX-XXX-6339,41,78501,A,3140
105340,Customer_5340,cust5340@masked.com,+XXX-XXX-6340,63,20257,A,3011
105341,Customer_5341,cust5341@masked.com,+XXX-XXX-6341,31,135169,B,3036
105342,Customer_5342,cust5342@masked.com,+XXX-XXX-6342,65,180743,B,3073
105343,Customer_5343,cust5343@masked.com,+XXX-XXX-6343,23,155802,C,3072
105344,Customer_5344,cust5344@masked.com,+XXX-XXX-6344,58,31305,A,3051
105345,Customer_5345,cust5345@masked.com,+XXX-XXX-6345,51,183188,E,3129
105346,Customer_5346,cust5346@masked.com,+XXX-XXX-6346,44,140761,B,3055
105347,Customer_5347,cust5347@masked.com,+XXX-XXX-6347,62,108979,D,3059
105348,Customer_5348,cust5348@masked.com,+XXX-XXX-6348,32,173911,C,3022
105349,Customer_5349,cust5349@masked.com,+XXX-XXX-6349,66,30818,A,3102
105350,Customer_5350,cust5350@masked.com,+XXX-XXX-6350,63,26202,D,3039
105351,Customer_5351,cust5351@masked.com,+XXX-XXX-6351,47,58946,C,3063
105352,Customer_5352,cust5352@masked.com,+XXX-XXX-6352,41,37031,C,3084
105353,Customer_5353,cust5353@masked.com,+XXX-XXX-6353,45,164370,C,3088
105354,Customer_5354,cust5354@masked.com,+XXX-XXX-6354,50,146705,A,3030
105355,Customer_5355,cust5355@masked.com,+XXX-XXX-6355,50,132212,C,3019
105356,Customer_5356,cust5356@masked.com,+XXX-XXX-6356,30,181914,D,3129
105357,Customer_5357,cust5357@masked.com,+XXX-XXX-6357,23,172438,A,3012
105358,Customer_5358,cust5358@masked.com,+XXX-XXX-6358,33,121890,B,3121
105359,Customer_5359,cust5359@masked.com,+XXX-XXX-6359,47,113496,D,3102
105360,Customer_5360,cust5360@masked.com,+XXX-XXX-6360,38,175129,B,3105
105361,Customer_5361,cust5361@masked.com,+XXX-XXX-6361,65,157152,C,3118
105362,Customer_5362,cust5362@masked.com,+XXX-XXX-6362,44,135446,C,3069
105363,Customer_5363,cust5363@masked.com,+XXX-XXX-6363,66,51942,C,3098
105364,Customer_5364,cust5364@masked.com,+XXX-XXX-6364,34,37016,B,3081
105365,Customer_5365,cust5365@masked.com,+XXX-XXX-6365,59,44232,B,3074
105366,Customer_5366,cust5366@masked.com,+XXX-XXX-6366,64,80928,A,3117
105367,Customer_5367,cust5367@masked.com,+XXX-XXX-6367,24,151401,C,3083
105368,Customer_5368,cust5368@masked.com,+XXX-XXX-6368,36,80363,C,3068
105369,Customer_5369,cust5369@masked.com,+XXX-XXX-6369,30,181667,C,3058
105370,Customer_5370,cust5370@masked.com,+XXX-XXX-6370,68,156518,C,3125
105371,Customer_5371,cust5371@masked.com,+XXX-XXX-6371,57,97781,B,3110
105372,Customer_5372,cust5372@masked.com,+XXX-XXX-6372,47,128670,A,3061
105373,Customer_5373,cust5373@masked.com,+XXX-XXX-6373,68,135672,D,3143
105374,Customer_5374,cust5374@masked.com,+XXX-XXX-6374,21,145158,B,3127
105375,Customer_5375,cust5375@masked.com,+XXX-XXX-6375,25,66094,B,3104
105376,Customer_5376,cust5376@masked.com,+XXX-XXX-6376,33,34822,A,3067
105377,Customer_5377,cust5377@masked.com,+XXX-XXX-6377,65,36825,A,3014
105378,Customer_5378,cust5378@masked.com,+XXX-XXX-6378,23,155092,B,3034
105379,Customer_5379,cust5379@masked.com,+XXX-XXX-6379,37,173133,D,3013
105380,Customer_5380,cust5380@masked.com,+XXX-XXX-6380,39,44849,D,3101
105381,Customer_5381,cust5381@masked.com,+XXX-XXX-6381,57,45602,D,3099
105382,Customer_5382,cust5382@masked.com,+XXX-XXX-6382,25,114460,E,3006
105383,Customer_5383,cust5383@masked.com,+XXX-XXX-6383,67,186966,D,3029
105384,Customer_5384,cust5384@masked.com,+XXX-XXX-6384,62,55701,C,3048
105385,Customer_5385,cust5385@masked.com,+XXX-XXX-6385,64,143327,A,3143
105386,Customer_5386,cust5386@masked.com,+XXX-XXX-6386,44,39752,D,3110
105387,Customer_5387,cust5387@masked.com,+XXX-XXX-6387,63,179341,A,3071
105388,Customer_5388,cust5388@masked.com,+XXX-XXX-6388,53,180212,B,3079
105389,Customer_5389,cust5389@masked.com,+XXX-XXX-6389,41,172711,B,3082
105390,Customer_5390,cust5390@masked.com,+XXX-XXX-6390,23,159138,C,3041
105391,Customer_5391,cust5391@masked.com,+XXX-XXX-6391,24,97045,B,3016
105392,Customer_5392,cust5392@masked.com,+XXX-XXX-6392,52,159333,A,3006
105393,Customer_5393,cust5393@masked.com,+XXX-XXX-6393,44,112689,B,3009
105394,Customer_5394,cust5394@masked.com,+XXX-XXX-6394,55,155657,D,3033
105395,Customer_5395,cust5395@masked.com,+XXX-XXX-6395,38,73750,C,3035
105396,Customer_5396,cust5396@masked.com,+XXX-XXX-6396,23,47632,D,3005
105397,Customer_5397,cust5397@masked.com,+XXX-XXX-6397,59,58585,A,3145
105398,Customer_5398,cust5398@masked.com,+XXX-XXX-6398,46,20116,A,3133
105399,Customer_5399,cust5399@masked.com,+XXX-XXX-6399,44,35616,C,3028
105400,Customer_5400,cust5400@masked.com,+XXX-XXX-6400,21,103733,B,3125
105401,Customer_5401,cust5401@masked.com,+XXX-XXX-6401,54,133246,C,3080
105402,Customer_5402,cust5402@masked.com,+XXX-XXX-6402,32,49590,D,3074
105403,Customer_5403,cust5403@masked.com,+XXX-XXX-6403,37,135591,D,3025
105404,Customer_5404,cust5404@masked.com,+XXX-XXX-6404,41,28685,E,3126
105405,Customer_5405,cust5405@masked.com,+XXX-XXX-6405,41,89394,B,3114
105406,Customer_5406,cust5406@masked.com,+XXX-XXX-6406,23,165210,A,3125
105407,Customer_5407,cust5407@masked.com,+XXX-XXX-6407,64,116752,C,3027
105408,Customer_5408,cust5408@masked.com,+XXX-XXX-6408,48,39067,A,3130
105409,Customer_5409,cust5409@masked.com,+XXX-XXX-6409,45,122034,B,3074
105410,Customer_5410,cust5410@masked.com,+XXX-XXX-6410,64,190468,A,3077
105411,Customer_5411,cust5411@masked.com,+XXX-XXX-6411,26,131186,B,3089
105412,Customer_5412,cust5412@masked.com,+XXX-XXX-6412,62,58211,A,3020
105413,Customer_5413,cust5413@masked.com,+XXX-XXX-6413,50,116516,A,3053
105414,Customer_5414,cust5414@masked.com,+XXX-XXX-6414,52,60727,C,3102
105415,Customer_5415,cust5415@masked.com,+XXX-XXX-6415,42,34464,C,3058
105416,Customer_5416,cust5416@masked.com,+XXX-XXX-6416,58,130875,C,3071
105417,Customer_5417,cust5417@masked.com,+XXX-XXX-6417,34,166478,C,3019
105418,Customer_5418,cust5418@masked.com,+XXX-XXX-6418,54,99035,A,3111
105419,Customer_5419,cust5419@masked.com,+XXX-XXX-6419,63,84086,B,3058
105420,Customer_5420,cust5420@masked.com,+XXX-XXX-6420,67,157869,A,3070
105421,Customer_5421,cust5421@masked.com,+XXX-XXX-6421,46,24858,D,3136
105422,Customer_5422,cust5422@masked.com,+XXX-XXX-6422,60,80796,C,3108
105423,Customer_5423,cust5423@masked.com,+XXX-XXX-6423,33,85509,A,3128
105424,Customer_5424,cust5424@masked.com,+XXX-XXX-6424,50,68393,B,3055
105425,Customer_5425,cust5425@masked.com,+XXX-XXX-6425,39,158306,E,3034
105426,Customer_5426,cust5426@masked.com,+XXX-XXX-6426,62,179526,C,3122
105427,Customer_5427,cust5427@masked.com,+XXX-XXX-6427,61,192061,D,3130
105428,Customer_5428,cust5428@masked.com,+XXX-XXX-6428,59,48547,B,3103
105429,Customer_5429,cust5429@masked.com,+XXX-XXX-6429,23,73804,A,3006
105430,Customer_5430,cust5430@masked.com,+XXX-XXX-6430,51,75941,D,3026
105431,Customer_5431,cust5431@masked.com,+XXX-XXX-6431,32,43567,C,3000
105432,Customer_5432,cust5432@masked.com,+XXX-XXX-6432,35,22325,C,3086
105433,Customer_5433,cust5433@masked.com,+XXX-XXX-6433,65,91386,C,3040
105434,Customer_5434,cust5434@masked.com,+XXX-XXX-6434,58,75516,C,3122
105435,Customer_5435,cust5435@masked.com,+XXX-XXX-6435,60,148192,C,3074
105436,Customer_5436,cust5436@masked.com,+XXX-XXX-6436,34,41149,B,3041
105437,Customer_5437,cust5437@masked.com,+XXX-XXX-6437,55,22879,B,3116
105438,Customer_5438,cust5438@masked.com,+XXX-XXX-6438,36,120492,D,3062
105439,Customer_5439,cust5439@masked.com,+XXX-XXX-6439,44,104701,B,3126
105440,Customer_5440,cust5440@masked.com,+XXX-XXX-6440,37,102195,C,3132
105441,Customer_5441,cust5441@masked.com,+XXX-XXX-6441,38,34908,C,3047
105442,Customer_5442,cust5442@masked.com,+XXX-XXX-6442,62,37650,E,3002
105443,Customer_5443,cust5443@masked.com,+XXX-XXX-6443,37,146853,B,3115
105444,Customer_5444,cust5444@masked.com,+XXX-XXX-6444,36,92112,B,3098
105445,Customer_5445,cust5445@masked.com,+XXX-XXX-6445,41,56872,D,3115
105446,Customer_5446,cust5446@masked.com,+XXX-XXX-6446,44,133508,D,3013
105447,Customer_5447,cust5447@masked.com,+XXX-XXX-6447,54,116003,C,3111
105448,Customer_5448,cust5448@masked.com,+XXX-XXX-6448,56,101951,B,3060
105449,Customer_5449,cust5449@masked.com,+XXX-XXX-6449,63,135539,B,3094
105450,Customer_5450,cust5450@masked.com,+XXX-XXX-6450,47,113311,C,3016
105451,Customer_5451,cust5451@masked.com,+XXX-XXX-6451,59,75020,D,3123
105452,Customer_5452,cust5452@masked.com,+XXX-XXX-6452,37,191560,D,3023
105453,Customer_5453,cust5453@masked.com,+XXX-XXX-6453,45,97272,A,3115
105454,Customer_5454,cust5454@masked.com,+XXX-XXX-6454,58,112460,B,3081
105455,Customer_5455,cust5455@masked.com,+XXX-XXX-6455,62,64819,B,3049
105456,Customer_5456,cust5456@masked.com,+XXX-XXX-6456,41,75347,E,3078
105457,Customer_5457,cust5457@masked.com,+XXX-XXX-6457,24,141019,C,3078
105458,Customer_5458,cust5458@masked.com,+XXX-XXX-6458,45,142099,B,3069
105459,Customer_5459,cust5459@masked.com,+XXX-XXX-6459,50,81216,A,3026
105460,Customer_5460,cust5460@masked.com,+XXX-XXX-6460,53,85228,C,3014
105461,Customer_5461,cust5461@masked.com,+XXX-XXX-6461,59,163703,A,3049
105462,Customer_5462,cust5462@masked.com,+XXX-XXX-6462,46,174190,D,3035
105463,Customer_5463,cust5463@masked.com,+XXX-XXX-6463,45,197846,D,3007
105464,Customer_5464,cust5464@masked.com,+XXX-XXX-6464,36,80513,B,3078
105465,Customer_5465,cust5465@masked.com,+XXX-XXX-6465,69,117347,B,3130
105466,Customer_5466,cust5466@masked.com,+XXX-XXX-6466,44,76141,D,3046
105467,Customer_5467,cust5467@masked.com,+XXX-XXX-6467,25,89659,B,3104
105468,Customer_5468,cust5468@masked.com,+XXX-XXX-6468,62,31292,B,3097
105469,Customer_5469,cust5469@masked.com,+XXX-XXX-6469,59,81265,E,3095
105470,Customer_5470,cust5470@masked.com,+XXX-XXX-6470,33,65689,D,3115
105471,Customer_5471,cust5471@masked.com,+XXX-XXX-6471,50,179955,D,3012
105472,Customer_5472,cust5472@masked.com,+XXX-XXX-6472,27,172239,A,3000
105473,Customer_5473,cust5473@masked.com,+XXX-XXX-6473,67,20071,A,3033
105474,Customer_5474,cust5474@masked.com,+XXX-XXX-6474,37,52234,A,3078
105475,Customer_5475,cust5475@masked.com,+XXX-XXX-6475,47,156588,B,3077
105476,Customer_5476,cust5476@masked.com,+XXX-XXX-6476,55,65037,D,3120
105477,Customer_5477,cust5477@masked.com,+XXX-XXX-6477,25,28234,B,3092
105478,Customer_5478,cust5478@masked.com,+XXX-XXX-6478,62,155432,C,3097
105479,Customer_5479,cust5479@masked.com,+XXX-XXX-6479,25,120135,B,3081
105480,Customer_5480,cust5480@masked.com,+XXX-XXX-6480,44,101965,B,3037
105481,Customer_5481,cust5481@masked.com,+XXX-XXX-6481,27,110094,E,3013
105482,Customer_5482,cust5482@masked.com,+XXX-XXX-6482,27,113753,B,3135
105483,Customer_5483,cust5483@masked.com,+XXX-XXX-6483,34,60160,B,3090
105484,Customer_5484,cust5484@masked.com,+XXX-XXX-6484,35,103595,B,3053
105485,Customer_5485,cust5485@masked.com,+XXX-XXX-6485,25,125572,A,3129
105486,Customer_5486,cust5486@masked.com,+XXX-XXX-6486,57,31544,B,3100
105487,Customer_5487,cust5487@masked.com,+XXX-XXX-6487,24,26381,B,3088
105488,Customer_5488,cust5488@masked.com,+XXX-XXX-6488,50,174200,C,3055
105489,Customer_5489,cust5489@masked.com,+XXX-XXX-6489,40,157906,D,3093
105490,Customer_5490,cust5490@masked.com,+XXX-XXX-6490,46,80514,C,3092
105491,Customer_5491,cust5491@masked.com,+XXX-XXX-6491,29,49398,A,3083
105492,Customer_5492,cust5492@masked.com,+XXX-XXX-6492,50,173799,C,3084
105493,Customer_5493,cust5493@masked.com,+XXX-XXX-6493,64,119316,A,3021
105494,Customer_5494,cust5494@masked.com,+XXX-XXX-6494,68,106509,C,3034
105495,Customer_5495,cust5495@masked.com,+XXX-XXX-6495,42,27530,C,3015
105496,Customer_5496,cust5496@masked.com,+XXX-XXX-6496,60,95733,A,3049
105497,Customer_5497,cust5497@masked.com,+XXX-XXX-6497,61,182581,D,3121
105498,Customer_5498,cust5498@masked.com,+XXX-XXX-6498,64,180481,D,3127
105499,Customer_5499,cust5499@masked.com,+XXX-XXX-6499,50,104095,D,3112
105500,Customer_5500,cust5500@masked.com,+XXX-XXX-6500,40,65598,B,3016
105501,Customer_5501,cust5501@masked.com,+XXX-XXX-6501,48,118132,C,3079
105502,Customer_5502,cust5502@masked.com,+XXX-XXX-6502,27,79130,D,3129
105503,Customer_5503,cust5503@masked.com,+XXX-XXX-6503,24,195161,B,3131
105504,Customer_5504,cust5504@masked.com,+XXX-XXX-6504,48,71524,D,3084
105505,Customer_5505,cust5505@masked.com,+XXX-XXX-6505,55,58996,A,3093
105506,Customer_5506,cust5506@masked.com,+XXX-XXX-6506,53,172577,A,3133
105507,Customer_5507,cust5507@masked.com,+XXX-XXX-6507,27,181204,D,3080
105508,Customer_5508,cust5508@masked.com,+XXX-XXX-6508,29,183630,D,3068
105509,Customer_5509,cust5509@masked.com,+XXX-XXX-6509,54,77202,D,3068
105510,Customer_5510,cust5510@masked.com,+XXX-XXX-6510,59,44116,E,3147
105511,Customer_5511,cust5511@masked.com,+XXX-XXX-6511,62,127960,A,3015
105512,Customer_5512,cust5512@masked.com,+XXX-XXX-6512,54,96769,B,3050
105513,Customer_5513,cust5513@masked.com,+XXX-XXX-6513,33,107064,D,3104
105514,Customer_5514,cust5514@masked.com,+XXX-XXX-6514,49,29250,A,3065
105515,Customer_5515,cust5515@masked.com,+XXX-XXX-6515,55,45547,C,3008
105516,Customer_5516,cust5516@masked.com,+XXX-XXX-6516,65,79734,C,3106
105517,Customer_5517,cust5517@masked.com,+XXX-XXX-6517,30,156527,A,3099
105518,Customer_5518,cust5518@masked.com,+XXX-XXX-6518,50,199632,B,3085
105519,Customer_5519,cust5519@masked.com,+XXX-XXX-6519,64,45474,C,3063
105520,Customer_5520,cust5520@masked.com,+XXX-XXX-6520,46,62773,D,3021
105521,Customer_5521,cust5521@masked.com,+XXX-XXX-6521,55,152574,C,3109
105522,Customer_5522,cust5522@masked.com,+XXX-XXX-6522,48,182189,C,3096
105523,Customer_5523,cust5523@masked.com,+XXX-XXX-6523,49,27042,B,3017
105524,Customer_5524,cust5524@masked.com,+XXX-XXX-6524,26,50501,B,3070
105525,Customer_5525,cust5525@masked.com,+XXX-XXX-6525,23,110454,A,3126
105526,Customer_5526,cust5526@masked.com,+XXX-XXX-6526,49,171316,B,3096
105527,Customer_5527,cust5527@masked.com,+XXX-XXX-6527,22,44242,A,3000
105528,Customer_5528,cust5528@masked.com,+XXX-XXX-6528,42,129847,A,3131
105529,Customer_5529,cust5529@masked.com,+XXX-XXX-6529,66,76235,B,3003
105530,Customer_5530,cust5530@masked.com,+XXX-XXX-6530,67,50766,B,3124
105531,Customer_5531,cust5531@masked.com,+XXX-XXX-6531,47,156082,A,3081
105532,Customer_5532,cust5532@masked.com,+XXX-XXX-6532,42,173218,C,3026
105533,Customer_5533,cust5533@masked.com,+XXX-XXX-6533,30,185979,C,3058
105534,Customer_5534,cust5534@masked.com,+XXX-XXX-6534,69,142023,A,3031
105535,Customer_5535,cust5535@masked.com,+XXX-XXX-6535,69,131873,E,3027
105536,Customer_5536,cust5536@masked.com,+XXX-XXX-6536,39,129293,A,3105
105537,Customer_5537,cust5537@masked.com,+XXX-XXX-6537,44,75270,D,3104
105538,Customer_5538,cust5538@masked.com,+XXX-XXX-6538,47,114516,A,3069
105539,Customer_5539,cust5539@masked.com,+XXX-XXX-6539,56,33960,D,3061
105540,Customer_5540,cust5540@masked.com,+XXX-XXX-6540,63,119456,A,3033
105541,Customer_5541,cust5541@masked.com,+XXX-XXX-6541,37,187584,D,3086
105542,Customer_5542,cust5542@masked.com,+XXX-XXX-6542,30,171077,B,3113
105543,Customer_5543,cust5543@masked.com,+XXX-XXX-6543,37,33472,C,3105
105544,Customer_5544,cust5544@masked.com,+XXX-XXX-6544,64,140578,B,3055
105545,Customer_5545,cust5545@masked.com,+XXX-XXX-6545,30,146239,A,3112
105546,Customer_5546,cust5546@masked.com,+XXX-XXX-6546,30,78316,D,3012
105547,Customer_5547,cust5547@masked.com,+XXX-XXX-6547,58,134068,A,3017
105548,Customer_5548,cust5548@masked.com,+XXX-XXX-6548,37,138416,E,3112
105549,Customer_5549,cust5549@masked.com,+XXX-XXX-6549,46,31603,A,3038
105550,Customer_5550,cust5550@masked.com,+XXX-XXX-6550,46,137754,B,3078
105551,Customer_5551,cust5551@masked.com,+XXX-XXX-6551,54,193323,C,3145
105552,Customer_5552,cust5552@masked.com,+XXX-XXX-6552,24,114425,B,3029
105553,Customer_5553,cust5553@masked.com,+XXX-XXX-6553,47,20163,A,3097
105554,Customer_5554,cust5554@masked.com,+XXX-XXX-6554,41,120018,D,3057
105555,Customer_5555,cust5555@masked.com,+XXX-XXX-6555,56,88998,D,3066
105556,Customer_5556,cust5556@masked.com,+XXX-XXX-6556,58,30287,E,3070
105557,Customer_5557,cust5557@masked.com,+XXX-XXX-6557,66,26227,B,3145
105558,Customer_5558,cust5558@masked.com,+XXX-XXX-6558,51,104580,C,3105
105559,Customer_5559,cust5559@masked.com,+XXX-XXX-6559,27,70842,B,3006
105560,Customer_5560,cust5560@masked.com,+XXX-XXX-6560,64,182862,B,3039
105561,Customer_5561,cust5561@masked.com,+XXX-XXX-6561,54,53001,D,3069
105562,Customer_5562,cust5562@masked.com,+XXX-XXX-6562,38,185716,B,3067
105563,Customer_5563,cust5563@masked.com,+XXX-XXX-6563,44,192993,B,3048
105564,Customer_5564,cust5564@masked.com,+XXX-XXX-6564,33,67951,B,3051
105565,Customer_5565,cust5565@masked.com,+XXX-XXX-6565,33,91875,C,3113
105566,Customer_5566,cust5566@masked.com,+XXX-XXX-6566,45,131497,D,3106
105567,Customer_5567,cust5567@masked.com,+XXX-XXX-6567,25,70197,C,3028
105568,Customer_5568,cust5568@masked.com,+XXX-XXX-6568,59,189931,B,3148
105569,Customer_5569,cust5569@masked.com,+XXX-XXX-6569,49,183009,D,3077
105570,Customer_5570,cust5570@masked.com,+XXX-XXX-6570,64,24481,C,3008
105571,Customer_5571,cust5571@masked.com,+XXX-XXX-6571,66,57227,A,3075
105572,Customer_5572,cust5572@masked.com,+XXX-XXX-6572,53,37791,A,3041
105573,Customer_5573,cust5573@masked.com,+XXX-XXX-6573,44,151279,A,3127
105574,Customer_5574,cust5574@masked.com,+XXX-XXX-6574,30,188210,B,3019
105575,Customer_5575,cust5575@masked.com,+XXX-XXX-6575,45,109070,D,3071
105576,Customer_5576,cust5576@masked.com,+XXX-XXX-6576,61,161016,B,3064
105577,Customer_5577,cust5577@masked.com,+XXX-XXX-6577,30,118205,B,3112
105578,Customer_5578,cust5578@masked.com,+XXX-XXX-6578,59,94223,D,3023
105579,Customer_5579,cust5579@masked.com,+XXX-XXX-6579,36,168357,D,3127
105580,Customer_5580,cust5580@masked.com,+XXX-XXX-6580,48,195630,C,3082
105581,Customer_5581,cust5581@masked.com,+XXX-XXX-6581,32,46782,B,3062
105582,Customer_5582,cust5582@masked.com,+XXX-XXX-6582,64,103669,A,3059
105583,Customer_5583,cust5583@masked.com,+XXX-XXX-6583,52,24489,A,3098
105584,Customer_5584,cust5584@masked.com,+XXX-XXX-6584,49,160180,A,3061
105585,Customer_5585,cust5585@masked.com,+XXX-XXX-6585,65,84430,B,3029
105586,Customer_5586,cust5586@masked.com,+XXX-XXX-6586,47,92118,C,3021
105587,Customer_5587,cust5587@masked.com,+XXX-XXX-6587,46,101274,A,3125
105588,Customer_5588,cust5588@masked.com,+XXX-XXX-6588,23,159102,A,3041
105589,Customer_5589,cust5589@masked.com,+XXX-XXX-6589,46,81603,A,3097
105590,Customer_5590,cust5590@masked.com,+XXX-XXX-6590,59,41118,C,3030
105591,Customer_5591,cust5591@masked.com,+XXX-XXX-6591,21,31593,C,3111
105592,Customer_5592,cust5592@masked.com,+XXX-XXX-6592,55,87730,C,3145
105593,Customer_5593,cust5593@masked.com,+XXX-XXX-6593,47,180511,B,3121
105594,Customer_5594,cust5594@masked.com,+XXX-XXX-6594,66,128653,B,3016
105595,Customer_5595,cust5595@masked.com,+XXX-XXX-6595,24,64592,A,3037
105596,Customer_5596,cust5596@masked.com,+XXX-XXX-6596,39,197333,B,3141
105597,Customer_5597,cust5597@masked.com,+XXX-XXX-6597,42,66652,D,3109
105598,Customer_5598,cust5598@masked.com,+XXX-XXX-6598,26,155610,E,3021
105599,Customer_5599,cust5599@masked.com,+XXX-XXX-6599,29,171514,C,3055
105600,Customer_5600,cust5600@masked.com,+XXX-XXX-6600,31,155914,D,3118
105601,Customer_5601,cust5601@masked.com,+XXX-XXX-6601,42,133393,C,3146
105602,Customer_5602,cust5602@masked.com,+XXX-XXX-6602,67,111978,A,3056
105603,Customer_5603,cust5603@masked.com,+XXX-XXX-6603,29,191410,E,3034
105604,Customer_5604,cust5604@masked.com,+XXX-XXX-6604,49,61464,A,3113
105605,Customer_5605,cust5605@masked.com,+XXX-XXX-6605,63,102639,C,3124
105606,Customer_5606,cust5606@masked.com,+XXX-XXX-6606,30,25773,B,3128
105607,Customer_5607,cust5607@masked.com,+XXX-XXX-6607,54,133680,B,3051
105608,Customer_5608,cust5608@masked.com,+XXX-XXX-6608,51,55646,C,3084
105609,Customer_5609,cust5609@masked.com,+XXX-XXX-6609,42,196409,B,3064
105610,Customer_5610,cust5610@masked.com,+XXX-XXX-6610,66,35586,B,3128
105611,Customer_5611,cust5611@masked.com,+XXX-XXX-6611,24,115651,B,3020
105612,Customer_5612,cust5612@masked.com,+XXX-XXX-6612,22,194365,B,3015
105613,Customer_5613,cust5613@masked.com,+XXX-XXX-6613,25,64180,E,3122
105614,Customer_5614,cust5614@masked.com,+XXX-XXX-6614,66,135091,D,3060
105615,Customer_5615,cust5615@masked.com,+XXX-XXX-6615,35,146633,B,3053
105616,Customer_5616,cust5616@masked.com,+XXX-XXX-6616,39,96918,A,3025
105617,Customer_5617,cust5617@masked.com,+XXX-XXX-6617,58,78039,D,3079
105618,Customer_5618,cust5618@masked.com,+XXX-XXX-6618,35,143787,A,3064
105619,Customer_5619,cust5619@masked.com,+XXX-XXX-6619,66,64807,A,3099
105620,Customer_5620,cust5620@masked.com,+XXX-XXX-6620,28,47740,B,3073
105621,Customer_5621,cust5621@masked.com,+XXX-XXX-6621,40,26772,D,3016
105622,Customer_5622,cust5622@masked.com,+XXX-XXX-6622,32,59358,A,3120
105623,Customer_5623,cust5623@masked.com,+XXX-XXX-6623,24,165719,A,3022
105624,Customer_5624,cust5624@masked.com,+XXX-XXX-6624,58,36504,B,3134
105625,Customer_5625,cust5625@masked.com,+XXX-XXX-6625,63,157532,B,3070
105626,Customer_5626,cust5626@masked.com,+XXX-XXX-6626,59,157353,C,3107
105627,Customer_5627,cust5627@masked.com,+XXX-XXX-6627,56,173318,B,3078
105628,Customer_5628,cust5628@masked.com,+XXX-XXX-6628,35,137553,B,3045
105629,Customer_5629,cust5629@masked.com,+XXX-XXX-6629,21,56499,A,3077
105630,Customer_5630,cust5630@masked.com,+XXX-XXX-6630,51,66733,A,3015
105631,Customer_5631,cust5631@masked.com,+XXX-XXX-6631,29,179563,D,3070
105632,Customer_5632,cust5632@masked.com,+XXX-XXX-6632,43,64536,D,3095
105633,Customer_5633,cust5633@masked.com,+XXX-XXX-6633,46,198944,B,3146
105634,Customer_5634,cust5634@masked.com,+XXX-XXX-6634,60,176488,A,3001
105635,Customer_5635,cust5635@masked.com,+XXX-XXX-6635,64,157707,A,3009
105636,Customer_5636,cust5636@masked.com,+XXX-XXX-6636,59,39189,C,3124
105637,Customer_5637,cust5637@masked.com,+XXX-XXX-6637,38,162570,C,3080
105638,Customer_5638,cust5638@masked.com,+XXX-XXX-6638,53,80777,B,3139
105639,Customer_5639,cust5639@masked.com,+XXX-XXX-6639,61,123665,C,3069
105640,Customer_5640,cust5640@masked.com,+XXX-XXX-6640,59,79200,C,3149
105641,Customer_5641,cust5641@masked.com,+XXX-XXX-6641,34,30427,E,3031
105642,Customer_5642,cust5642@masked.com,+XXX-XXX-6642,21,69555,A,3104
105643,Customer_5643,cust5643@masked.com,+XXX-XXX-6643,33,116057,A,3083
105644,Customer_5644,cust5644@masked.com,+XXX-XXX-6644,35,26570,A,3128
105645,Customer_5645,cust5645@masked.com,+XXX-XXX-6645,57,44988,D,3057
105646,Customer_5646,cust5646@masked.com,+XXX-XXX-6646,25,78881,D,3145
105647,Customer_5647,cust5647@masked.com,+XXX-XXX-6647,34,190186,C,3133
105648,Customer_5648,cust5648@masked.com,+XXX-XXX-6648,34,28408,A,3044
105649,Customer_5649,cust5649@masked.com,+XXX-XXX-6649,66,101210,B,3096
105650,Customer_5650,cust5650@masked.com,+XXX-XXX-6650,25,143904,B,3022
105651,Customer_5651,cust5651@masked.com,+XXX-XXX-6651,31,198678,C,3022
105652,Customer_5652,cust5652@masked.com,+XXX-XXX-6652,52,196926,B,3134
105653,Customer_5653,cust5653@masked.com,+XXX-XXX-6653,25,184645,A,3078
105654,Customer_5654,cust5654@masked.com,+XXX-XXX-6654,56,178457,C,3043
105655,Customer_5655,cust5655@masked.com,+XXX-XXX-6655,35,176919,B,3026
105656,Customer_5656,cust5656@masked.com,+XXX-XXX-6656,27,149443,B,3025
105657,Customer_5657,cust5657@masked.com,+XXX-XXX-6657,25,158492,A,3096
105658,Customer_5658,cust5658@masked.com,+XXX-XXX-6658,50,62147,D,3035
105659,Customer_5659,cust5659@masked.com,+XXX-XXX-6659,35,33806,C,3108
105660,Customer_5660,cust5660@masked.com,+XXX-XXX-6660,50,24257,D,3054
105661,Customer_5661,cust5661@masked.com,+XXX-XXX-6661,34,38696,B,3068
105662,Customer_5662,cust5662@masked.com,+XXX-XXX-6662,44,54763,E,3060
105663,Customer_5663,cust5663@masked.com,+XXX-XXX-6663,44,132467,D,3129
105664,Customer_5664,cust5664@masked.com,+XXX-XXX-6664,55,90531,C,3054
105665,Customer_5665,cust5665@masked.com,+XXX-XXX-6665,25,169198,E,3121
105666,Customer_5666,cust5666@masked.com,+XXX-XXX-6666,32,53923,B,3096
105667,Customer_5667,cust5667@masked.com,+XXX-XXX-6667,40,192425,B,3079
105668,Customer_5668,cust5668@masked.com,+XXX-XXX-6668,66,108867,A,3086
105669,Customer_5669,cust5669@masked.com,+XXX-XXX-6669,25,27202,C,3037
105670,Customer_5670,cust5670@masked.com,+XXX-XXX-6670,56,130138,C,3118
105671,Customer_5671,cust5671@masked.com,+XXX-XXX-6671,41,123121,D,3077
105672,Customer_5672,cust5672@masked.com,+XXX-XXX-6672,68,124133,A,3034
105673,Customer_5673,cust5673@masked.com,+XXX-XXX-6673,59,123519,B,3078
105674,Customer_5674,cust5674@masked.com,+XXX-XXX-6674,23,199881,A,3066
105675,Customer_5675,cust5675@masked.com,+XXX-XXX-6675,49,33341,C,3086
105676,Customer_5676,cust5676@masked.com,+XXX-XXX-6676,45,141625,A,3033
105677,Customer_5677,cust5677@masked.com,+XXX-XXX-6677,47,85410,D,3096
105678,Customer_5678,cust5678@masked.com,+XXX-XXX-6678,56,40640,B,3070
105679,Customer_5679,cust5679@masked.com,+XXX-XXX-6679,42,176977,B,3002
105680,Customer_5680,cust5680@masked.com,+XXX-XXX-6680,58,160910,D,3057
105681,Customer_5681,cust5681@masked.com,+XXX-XXX-6681,55,44275,B,3031
105682,Customer_5682,cust5682@masked.com,+XXX-XXX-6682,21,157411,A,3030
105683,Customer_5683,cust5683@masked.com,+XXX-XXX-6683,23,79999,B,3081
105684,Customer_5684,cust5684@masked.com,+XXX-XXX-6684,44,120689,A,3042
105685,Customer_5685,cust5685@masked.com,+XXX-XXX-6685,28,164521,E,3134
105686,Customer_5686,cust5686@masked.com,+XXX-XXX-6686,68,96565,C,3104
105687,Customer_5687,cust5687@masked.com,+XXX-XXX-6687,59,198622,B,3000
105688,Customer_5688,cust5688@masked.com,+XXX-XXX-6688,38,172885,C,3060
105689,Customer_5689,cust5689@masked.com,+XXX-XXX-6689,61,42659,A,3013
105690,Customer_5690,cust5690@masked.com,+XXX-XXX-6690,23,163140,D,3005
105691,Customer_5691,cust5691@masked.com,+XXX-XXX-6691,38,139602,E,3102
105692,Customer_5692,cust5692@masked.com,+XXX-XXX-6692,36,197543,D,3009
105693,Customer_5693,cust5693@masked.com,+XXX-XXX-6693,52,177952,B,3070
105694,Customer_5694,cust5694@masked.com,+XXX-XXX-6694,21,45847,B,3089
105695,Customer_5695,cust5695@masked.com,+XXX-XXX-6695,46,185127,A,3148
105696,Customer_5696,cust5696@masked.com,+XXX-XXX-6696,68,34802,C,3125
105697,Customer_5697,cust5697@masked.com,+XXX-XXX-6697,32,24944,C,3096
105698,Customer_5698,cust5698@masked.com,+XXX-XXX-6698,58,20360,B,3073
105699,Customer_5699,cust5699@masked.com,+XXX-XXX-6699,41,83475,D,3114
105700,Customer_5700,cust5700@masked.com,+XXX-XXX-6700,61,103894,A,3050
105701,Customer_5701,cust5701@masked.com,+XXX-XXX-6701,33,145807,A,3055
105702,Customer_5702,cust5702@masked.com,+XXX-XXX-6702,32,154536,A,3040
105703,Customer_5703,cust5703@masked.com,+XXX-XXX-6703,33,169682,B,3031
105704,Customer_5704,cust5704@masked.com,+XXX-XXX-6704,38,50607,A,3014
105705,Customer_5705,cust5705@masked.com,+XXX-XXX-6705,39,156116,C,3061
105706,Customer_5706,cust5706@masked.com,+XXX-XXX-6706,39,189772,B,3027
105707,Customer_5707,cust5707@masked.com,+XXX-XXX-6707,26,161988,A,3063
105708,Customer_5708,cust5708@masked.com,+XXX-XXX-6708,68,105825,D,3129
105709,Customer_5709,cust5709@masked.com,+XXX-XXX-6709,27,89311,A,3126
105710,Customer_5710,cust5710@masked.com,+XXX-XXX-6710,27,65347,C,3035
105711,Customer_5711,cust5711@masked.com,+XXX-XXX-6711,48,151889,B,3113
105712,Customer_5712,cust5712@masked.com,+XXX-XXX-6712,48,153218,C,3012
105713,Customer_5713,cust5713@masked.com,+XXX-XXX-6713,39,110292,E,3014
105714,Customer_5714,cust5714@masked.com,+XXX-XXX-6714,36,174552,A,3088
105715,Customer_5715,cust5715@masked.com,+XXX-XXX-6715,37,52146,C,3021
105716,Customer_5716,cust5716@masked.com,+XXX-XXX-6716,42,139157,D,3073
105717,Customer_5717,cust5717@masked.com,+XXX-XXX-6717,39,183683,C,3024
105718,Customer_5718,cust5718@masked.com,+XXX-XXX-6718,68,44234,B,3100
105719,Customer_5719,cust5719@masked.com,+XXX-XXX-6719,49,156030,B,3116
105720,Customer_5720,cust5720@masked.com,+XXX-XXX-6720,68,75417,C,3040
105721,Customer_5721,cust5721@masked.com,+XXX-XXX-6721,39,167897,D,3087
105722,Customer_5722,cust5722@masked.com,+XXX-XXX-6722,67,77036,A,3109
105723,Customer_5723,cust5723@masked.com,+XXX-XXX-6723,55,128788,A,3119
105724,Customer_5724,cust5724@masked.com,+XXX-XXX-6724,67,79006,B,3096
105725,Customer_5725,cust5725@masked.com,+XXX-XXX-6725,45,142346,B,3144
105726,Customer_5726,cust5726@masked.com,+XXX-XXX-6726,68,78214,B,3056
105727,Customer_5727,cust5727@masked.com,+XXX-XXX-6727,40,47450,B,3129
105728,Customer_5728,cust5728@masked.com,+XXX-XXX-6728,57,96227,A,3095
105729,Customer_5729,cust5729@masked.com,+XXX-XXX-6729,39,83211,A,3120
105730,Customer_5730,cust5730@masked.com,+XXX-XXX-6730,62,39596,E,3061
105731,Customer_5731,cust5731@masked.com,+XXX-XXX-6731,33,79000,A,3136
105732,Customer_5732,cust5732@masked.com,+XXX-XXX-6732,67,150568,A,3067
105733,Customer_5733,cust5733@masked.com,+XXX-XXX-6733,32,53857,B,3080
105734,Customer_5734,cust5734@masked.com,+XXX-XXX-6734,69,151380,E,3016
105735,Customer_5735,cust5735@masked.com,+XXX-XXX-6735,35,176240,D,3116
105736,Customer_5736,cust5736@masked.com,+XXX-XXX-6736,24,179491,D,3049
105737,Customer_5737,cust5737@masked.com,+XXX-XXX-6737,35,90029,A,3111
105738,Customer_5738,cust5738@masked.com,+XXX-XXX-6738,37,32756,D,3093
105739,Customer_5739,cust5739@masked.com,+XXX-XXX-6739,47,180360,B,3084
105740,Customer_5740,cust5740@masked.com,+XXX-XXX-6740,31,149415,B,3148
105741,Customer_5741,cust5741@masked.com,+XXX-XXX-6741,43,163456,C,3145
105742,Customer_5742,cust5742@masked.com,+XXX-XXX-6742,35,190924,D,3073
105743,Customer_5743,cust5743@masked.com,+XXX-XXX-6743,51,166267,D,3108
105744,Customer_5744,cust5744@masked.com,+XXX-XXX-6744,46,106210,D,3144
105745,Customer_5745,cust5745@masked.com,+XXX-XXX-6745,27,141789,E,3017
105746,Customer_5746,cust5746@masked.com,+XXX-XXX-6746,33,54125,B,3041
105747,Customer_5747,cust5747@masked.com,+XXX-XXX-6747,33,20082,B,3100
105748,Customer_5748,cust5748@masked.com,+XXX-XXX-6748,40,93978,A,3044
105749,Customer_5749,cust5749@masked.com,+XXX-XXX-6749,54,123715,D,3081
105750,Customer_5750,cust5750@masked.com,+XXX-XXX-6750,30,71539,A,3016
105751,Customer_5751,cust5751@masked.com,+XXX-XXX-6751,57,103328,D,3072
105752,Customer_5752,cust5752@masked.com,+XXX-XXX-6752,47,198875,B,3013
105753,Customer_5753,cust5753@masked.com,+XXX-XXX-6753,54,78825,B,3131
105754,Customer_5754,cust5754@masked.com,+XXX-XXX-6754,56,101036,A,3081
105755,Customer_5755,cust5755@masked.com,+XXX-XXX-6755,36,80555,B,3147
105756,Customer_5756,cust5756@masked.com,+XXX-XXX-6756,41,147075,D,3119
105757,Customer_5757,cust5757@masked.com,+XXX-XXX-6757,36,187568,A,3119
105758,Customer_5758,cust5758@masked.com,+XXX-XXX-6758,37,25294,B,3046
105759,Customer_5759,cust5759@masked.com,+XXX-XXX-6759,35,64852,A,3106
105760,Customer_5760,cust5760@masked.com,+XXX-XXX-6760,33,85858,B,3107
105761,Customer_5761,cust5761@masked.com,+XXX-XXX-6761,53,35836,A,3008
105762,Customer_5762,cust5762@masked.com,+XXX-XXX-6762,25,186900,B,3078
105763,Customer_5763,cust5763@masked.com,+XXX-XXX-6763,47,150093,D,3014
105764,Customer_5764,cust5764@masked.com,+XXX-XXX-6764,21,105620,B,3018
105765,Customer_5765,cust5765@masked.com,+XXX-XXX-6765,64,189475,B,3089
105766,Customer_5766,cust5766@masked.com,+XXX-XXX-6766,50,88920,C,3025
105767,Customer_5767,cust5767@masked.com,+XXX-XXX-6767,43,160525,A,3091
105768,Customer_5768,cust5768@masked.com,+XXX-XXX-6768,35,176453,B,3081
105769,Customer_5769,cust5769@masked.com,+XXX-XXX-6769,56,128537,C,3130
105770,Customer_5770,cust5770@masked.com,+XXX-XXX-6770,39,23664,B,3041
105771,Customer_5771,cust5771@masked.com,+XXX-XXX-6771,50,186936,C,3018
105772,Customer_5772,cust5772@masked.com,+XXX-XXX-6772,36,164943,B,3016
105773,Customer_5773,cust5773@masked.com,+XXX-XXX-6773,38,93101,D,3075
105774,Customer_5774,cust5774@masked.com,+XXX-XXX-6774,46,90195,E,3062
105775,Customer_5775,cust5775@masked.com,+XXX-XXX-6775,37,177001,A,3130
105776,Customer_5776,cust5776@masked.com,+XXX-XXX-6776,31,134836,B,3106
105777,Customer_5777,cust5777@masked.com,+XXX-XXX-6777,65,156802,B,3048
105778,Customer_5778,cust5778@masked.com,+XXX-XXX-6778,49,109083,A,3054
105779,Customer_5779,cust5779@masked.com,+XXX-XXX-6779,29,177431,D,3098
105780,Customer_5780,cust5780@masked.com,+XXX-XXX-6780,69,75414,D,3051
105781,Customer_5781,cust5781@masked.com,+XXX-XXX-6781,37,140241,B,3099
105782,Customer_5782,cust5782@masked.com,+XXX-XXX-6782,47,96003,C,3116
105783,Customer_5783,cust5783@masked.com,+XXX-XXX-6783,57,111936,A,3117
105784,Customer_5784,cust5784@masked.com,+XXX-XXX-6784,42,115385,C,3006
105785,Customer_5785,cust5785@masked.com,+XXX-XXX-6785,28,102078,D,3045
105786,Customer_5786,cust5786@masked.com,+XXX-XXX-6786,23,49234,C,3045
105787,Customer_5787,cust5787@masked.com,+XXX-XXX-6787,58,20547,B,3099
105788,Customer_5788,cust5788@masked.com,+XXX-XXX-6788,55,71417,C,3143
105789,Customer_5789,cust5789@masked.com,+XXX-XXX-6789,52,160018,B,3053
105790,Customer_5790,cust5790@masked.com,+XXX-XXX-6790,28,72943,C,3061
105791,Customer_5791,cust5791@masked.com,+XXX-XXX-6791,64,31020,B,3128
105792,Customer_5792,cust5792@masked.com,+XXX-XXX-6792,47,155389,B,3048
105793,Customer_5793,cust5793@masked.com,+XXX-XXX-6793,52,151595,C,3024
105794,Customer_5794,cust5794@masked.com,+XXX-XXX-6794,56,111622,D,3009
105795,Customer_5795,cust5795@masked.com,+XXX-XXX-6795,54,75076,A,3117
105796,Customer_5796,cust5796@masked.com,+XXX-XXX-6796,45,100195,E,3143
105797,Customer_5797,cust5797@masked.com,+XXX-XXX-6797,51,159881,C,3091
105798,Customer_5798,cust5798@masked.com,+XXX-XXX-6798,62,166607,C,3133
105799,Customer_5799,cust5799@masked.com,+XXX-XXX-6799,67,101834,D,3143
105800,Customer_5800,cust5800@masked.com,+XXX-XXX-6800,33,70012,B,3147
105801,Customer_5801,cust5801@masked.com,+XXX-XXX-6801,35,140872,D,3079
105802,Customer_5802,cust5802@masked.com,+XXX-XXX-6802,33,68951,A,3070
105803,Customer_5803,cust5803@masked.com,+XXX-XXX-6803,53,109412,A,3077
105804,Customer_5804,cust5804@masked.com,+XXX-XXX-6804,51,173336,C,3042
105805,Customer_5805,cust5805@masked.com,+XXX-XXX-6805,45,99114,D,3089
105806,Customer_5806,cust5806@masked.com,+XXX-XXX-6806,68,109821,D,3077
105807,Customer_5807,cust5807@masked.com,+XXX-XXX-6807,60,81832,C,3025
105808,Customer_5808,cust5808@masked.com,+XXX-XXX-6808,43,47476,C,3120
105809,Customer_5809,cust5809@masked.com,+XXX-XXX-6809,58,71973,B,3044
105810,Customer_5810,cust5810@masked.com,+XXX-XXX-6810,23,73017,E,3062
105811,Customer_5811,cust5811@masked.com,+XXX-XXX-6811,36,35503,B,3067
105812,Customer_5812,cust5812@masked.com,+XXX-XXX-6812,22,162578,C,3001
105813,Customer_5813,cust5813@masked.com,+XXX-XXX-6813,43,60994,C,3141
105814,Customer_5814,cust5814@masked.com,+XXX-XXX-6814,54,167241,C,3107
105815,Customer_5815,cust5815@masked.com,+XXX-XXX-6815,50,169556,B,3029
105816,Customer_5816,cust5816@masked.com,+XXX-XXX-6816,67,78723,E,3048
105817,Customer_5817,cust5817@masked.com,+XXX-XXX-6817,30,139050,C,3139
105818,Customer_5818,cust5818@masked.com,+XXX-XXX-6818,21,97707,E,3043
105819,Customer_5819,cust5819@masked.com,+XXX-XXX-6819,42,33920,A,3012
105820,Customer_5820,cust5820@masked.com,+XXX-XXX-6820,67,116341,C,3077
105821,Customer_5821,cust5821@masked.com,+XXX-XXX-6821,53,134996,C,3125
105822,Customer_5822,cust5822@masked.com,+XXX-XXX-6822,45,130856,C,3097
105823,Customer_5823,cust5823@masked.com,+XXX-XXX-6823,42,167947,D,3025
105824,Customer_5824,cust5824@masked.com,+XXX-XXX-6824,36,115814,A,3148
105825,Customer_5825,cust5825@masked.com,+XXX-XXX-6825,50,123612,A,3047
105826,Customer_5826,cust5826@masked.com,+XXX-XXX-6826,38,87450,B,3065
105827,Customer_5827,cust5827@masked.com,+XXX-XXX-6827,44,22925,A,3086
105828,Customer_5828,cust5828@masked.com,+XXX-XXX-6828,25,144248,E,3078
105829,Customer_5829,cust5829@masked.com,+XXX-XXX-6829,57,88826,B,3022
105830,Customer_5830,cust5830@masked.com,+XXX-XXX-6830,43,63101,B,3080
105831,Customer_5831,cust5831@masked.com,+XXX-XXX-6831,62,170685,A,3047
105832,Customer_5832,cust5832@masked.com,+XXX-XXX-6832,47,81473,C,3123
105833,Customer_5833,cust5833@masked.com,+XXX-XXX-6833,32,83903,B,3129
105834,Customer_5834,cust5834@masked.com,+XXX-XXX-6834,30,171033,A,3083
105835,Customer_5835,cust5835@masked.com,+XXX-XXX-6835,54,123913,B,3019
105836,Customer_5836,cust5836@masked.com,+XXX-XXX-6836,53,88107,B,3045
105837,Customer_5837,cust5837@masked.com,+XXX-XXX-6837,36,167688,E,3130
105838,Customer_5838,cust5838@masked.com,+XXX-XXX-6838,49,149017,A,3011
105839,Customer_5839,cust5839@masked.com,+XXX-XXX-6839,38,140938,C,3039
105840,Customer_5840,cust5840@masked.com,+XXX-XXX-6840,47,53984,E,3065
105841,Customer_5841,cust5841@masked.com,+XXX-XXX-6841,27,23539,D,3099
105842,Customer_5842,cust5842@masked.com,+XXX-XXX-6842,56,184361,E,3077
105843,Customer_5843,cust5843@masked.com,+XXX-XXX-6843,47,104986,E,3015
105844,Customer_5844,cust5844@masked.com,+XXX-XXX-6844,30,117558,B,3082
105845,Customer_5845,cust5845@masked.com,+XXX-XXX-6845,30,31391,C,3043
105846,Customer_5846,cust5846@masked.com,+XXX-XXX-6846,31,102260,A,3133
105847,Customer_5847,cust5847@masked.com,+XXX-XXX-6847,50,129240,B,3099
105848,Customer_5848,cust5848@masked.com,+XXX-XXX-6848,23,64906,D,3021
105849,Customer_5849,cust5849@masked.com,+XXX-XXX-6849,49,97666,C,3017
105850,Customer_5850,cust5850@masked.com,+XXX-XXX-6850,34,159322,C,3011
105851,Customer_5851,cust5851@masked.com,+XXX-XXX-6851,33,148991,C,3122
105852,Customer_5852,cust5852@masked.com,+XXX-XXX-6852,39,172137,B,3116
105853,Customer_5853,cust5853@masked.com,+XXX-XXX-6853,45,74785,D,3050
105854,Customer_5854,cust5854@masked.com,+XXX-XXX-6854,30,157775,B,3070
105855,Customer_5855,cust5855@masked.com,+XXX-XXX-6855,35,131109,A,3047
105856,Customer_5856,cust5856@masked.com,+XXX-XXX-6856,48,71754,D,3018
105857,Customer_5857,cust5857@masked.com,+XXX-XXX-6857,60,115376,B,3005
105858,Customer_5858,cust5858@masked.com,+XXX-XXX-6858,69,89966,D,3083
105859,Customer_5859,cust5859@masked.com,+XXX-XXX-6859,58,57621,C,3052
105860,Customer_5860,cust5860@masked.com,+XXX-XXX-6860,27,134595,B,3106
105861,Customer_5861,cust5861@masked.com,+XXX-XXX-6861,34,54936,D,3100
105862,Customer_5862,cust5862@masked.com,+XXX-XXX-6862,50,181511,C,3047
105863,Customer_5863,cust5863@masked.com,+XXX-XXX-6863,60,114071,B,3134
105864,Customer_5864,cust5864@masked.com,+XXX-XXX-6864,32,121052,A,3068
105865,Customer_5865,cust5865@masked.com,+XXX-XXX-6865,48,70460,D,3010
105866,Customer_5866,cust5866@masked.com,+XXX-XXX-6866,34,133089,A,3142
105867,Customer_5867,cust5867@masked.com,+XXX-XXX-6867,21,114191,D,3130
105868,Customer_5868,cust5868@masked.com,+XXX-XXX-6868,24,112142,B,3121
105869,Customer_5869,cust5869@masked.com,+XXX-XXX-6869,69,129748,C,3068
105870,Customer_5870,cust5870@masked.com,+XXX-XXX-6870,38,35941,E,3022
105871,Customer_5871,cust5871@masked.com,+XXX-XXX-6871,56,175339,A,3036
105872,Customer_5872,cust5872@masked.com,+XXX-XXX-6872,52,75590,C,3008
105873,Customer_5873,cust5873@masked.com,+XXX-XXX-6873,48,59876,D,3014
105874,Customer_5874,cust5874@masked.com,+XXX-XXX-6874,48,149913,D,3130
105875,Customer_5875,cust5875@masked.com,+XXX-XXX-6875,58,114631,C,3092
105876,Customer_5876,cust5876@masked.com,+XXX-XXX-6876,52,135770,C,3016
105877,Customer_5877,cust5877@masked.com,+XXX-XXX-6877,28,181579,D,3148
105878,Customer_5878,cust5878@masked.com,+XXX-XXX-6878,45,177129,D,3071
105879,Customer_5879,cust5879@masked.com,+XXX-XXX-6879,67,118314,D,3148
105880,Customer_5880,cust5880@masked.com,+XXX-XXX-6880,40,116602,B,3120
105881,Customer_5881,cust5881@masked.com,+XXX-XXX-6881,53,103926,E,3010
105882,Customer_5882,cust5882@masked.com,+XXX-XXX-6882,50,149875,B,3071
105883,Customer_5883,cust5883@masked.com,+XXX-XXX-6883,57,82468,A,3105
105884,Customer_5884,cust5884@masked.com,+XXX-XXX-6884,36,83180,B,3124
105885,Customer_5885,cust5885@masked.com,+XXX-XXX-6885,45,165656,A,3034
105886,Customer_5886,cust5886@masked.com,+XXX-XXX-6886,58,146371,A,3118
105887,Customer_5887,cust5887@masked.com,+XXX-XXX-6887,62,173704,B,3013
105888,Customer_5888,cust5888@masked.com,+XXX-XXX-6888,30,38673,A,3013
105889,Customer_5889,cust5889@masked.com,+XXX-XXX-6889,25,154415,C,3009
105890,Customer_5890,cust5890@masked.com,+XXX-XXX-6890,28,38950,A,3139
105891,Customer_5891,cust5891@masked.com,+XXX-XXX-6891,53,100600,A,3037
105892,Customer_5892,cust5892@masked.com,+XXX-XXX-6892,57,41547,A,3107
105893,Customer_5893,cust5893@masked.com,+XXX-XXX-6893,21,117305,A,3118
105894,Customer_5894,cust5894@masked.com,+XXX-XXX-6894,51,73027,B,3033
105895,Customer_5895,cust5895@masked.com,+XXX-XXX-6895,27,120532,C,3009
105896,Customer_5896,cust5896@masked.com,+XXX-XXX-6896,67,198603,E,3121
105897,Customer_5897,cust5897@masked.com,+XXX-XXX-6897,43,192299,D,3144
105898,Customer_5898,cust5898@masked.com,+XXX-XXX-6898,44,198755,D,3144
105899,Customer_5899,cust5899@masked.com,+XXX-XXX-6899,34,161462,A,3114
105900,Customer_5900,cust5900@masked.com,+XXX-XXX-6900,43,162951,B,3000
105901,Customer_5901,cust5901@masked.com,+XXX-XXX-6901,29,166007,A,3011
105902,Customer_5902,cust5902@masked.com,+XXX-XXX-6902,28,140605,D,3102
105903,Customer_5903,cust5903@masked.com,+XXX-XXX-6903,28,52574,A,3003
105904,Customer_5904,cust5904@masked.com,+XXX-XXX-6904,23,103663,C,3140
105905,Customer_5905,cust5905@masked.com,+XXX-XXX-6905,52,94657,B,3097
105906,Customer_5906,cust5906@masked.com,+XXX-XXX-6906,24,179579,B,3105
105907,Customer_5907,cust5907@masked.com,+XXX-XXX-6907,69,142544,E,3084
105908,Customer_5908,cust5908@masked.com,+XXX-XXX-6908,58,199627,D,3120
105909,Customer_5909,cust5909@masked.com,+XXX-XXX-6909,22,119752,D,3131
105910,Customer_5910,cust5910@masked.com,+XXX-XXX-6910,29,167654,C,3081
105911,Customer_5911,cust5911@masked.com,+XXX-XXX-6911,66,46631,D,3018
105912,Customer_5912,cust5912@masked.com,+XXX-XXX-6912,21,148902,C,3129
105913,Customer_5913,cust5913@masked.com,+XXX-XXX-6913,69,169236,E,3011
105914,Customer_5914,cust5914@masked.com,+XXX-XXX-6914,31,106820,B,3080
105915,Customer_5915,cust5915@masked.com,+XXX-XXX-6915,49,50646,C,3073
105916,Customer_5916,cust5916@masked.com,+XXX-XXX-6916,46,171878,C,3097
105917,Customer_5917,cust5917@masked.com,+XXX-XXX-6917,47,107633,B,3005
105918,Customer_5918,cust5918@masked.com,+XXX-XXX-6918,58,199046,D,3135
105919,Customer_5919,cust5919@masked.com,+XXX-XXX-6919,49,162356,E,3124
105920,Customer_5920,cust5920@masked.com,+XXX-XXX-6920,53,164929,B,3050
105921,Customer_5921,cust5921@masked.com,+XXX-XXX-6921,48,149278,B,3010
105922,Customer_5922,cust5922@masked.com,+XXX-XXX-6922,51,105424,B,3126
105923,Customer_5923,cust5923@masked.com,+XXX-XXX-6923,39,191512,D,3139
105924,Customer_5924,cust5924@masked.com,+XXX-XXX-6924,68,197178,C,3072
105925,Customer_5925,cust5925@masked.com,+XXX-XXX-6925,46,38951,A,3001
105926,Customer_5926,cust5926@masked.com,+XXX-XXX-6926,49,41009,C,3007
105927,Customer_5927,cust5927@masked.com,+XXX-XXX-6927,31,34835,A,3138
105928,Customer_5928,cust5928@masked.com,+XXX-XXX-6928,61,62290,D,3123
105929,Customer_5929,cust5929@masked.com,+XXX-XXX-6929,52,170013,B,3052
105930,Customer_5930,cust5930@masked.com,+XXX-XXX-6930,41,126174,B,3009
105931,Customer_5931,cust5931@masked.com,+XXX-XXX-6931,58,118727,D,3111
105932,Customer_5932,cust5932@masked.com,+XXX-XXX-6932,54,183989,A,3007
105933,Customer_5933,cust5933@masked.com,+XXX-XXX-6933,60,48039,A,3035
105934,Customer_5934,cust5934@masked.com,+XXX-XXX-6934,42,177161,B,3105
105935,Customer_5935,cust5935@masked.com,+XXX-XXX-6935,68,80059,B,3013
105936,Customer_5936,cust5936@masked.com,+XXX-XXX-6936,47,145873,B,3085
105937,Customer_5937,cust5937@masked.com,+XXX-XXX-6937,28,115278,E,3148
105938,Customer_5938,cust5938@masked.com,+XXX-XXX-6938,60,132951,D,3049
105939,Customer_5939,cust5939@masked.com,+XXX-XXX-6939,66,77247,D,3019
105940,Customer_5940,cust5940@masked.com,+XXX-XXX-6940,51,134826,E,3086
105941,Customer_5941,cust5941@masked.com,+XXX-XXX-6941,21,59833,B,3134
105942,Customer_5942,cust5942@masked.com,+XXX-XXX-6942,59,97453,B,3136
105943,Customer_5943,cust5943@masked.com,+XXX-XXX-6943,54,38254,B,3128
105944,Customer_5944,cust5944@masked.com,+XXX-XXX-6944,67,103981,D,3037
105945,Customer_5945,cust5945@masked.com,+XXX-XXX-6945,44,52611,C,3043
105946,Customer_5946,cust5946@masked.com,+XXX-XXX-6946,48,129314,B,3085
105947,Customer_5947,cust5947@masked.com,+XXX-XXX-6947,24,66827,B,3043
105948,Customer_5948,cust5948@masked.com,+XXX-XXX-6948,38,33830,C,3073
105949,Customer_5949,cust5949@masked.com,+XXX-XXX-6949,49,126485,C,3118
105950,Customer_5950,cust5950@masked.com,+XXX-XXX-6950,43,132749,D,3121
105951,Customer_5951,cust5951@masked.com,+XXX-XXX-6951,57,25696,B,3133
105952,Customer_5952,cust5952@masked.com,+XXX-XXX-6952,47,86278,D,3144
105953,Customer_5953,cust5953@masked.com,+XXX-XXX-6953,36,182334,B,3050
105954,Customer_5954,cust5954@masked.com,+XXX-XXX-6954,65,188021,C,3037
105955,Customer_5955,cust5955@masked.com,+XXX-XXX-6955,47,163497,E,3050
105956,Customer_5956,cust5956@masked.com,+XXX-XXX-6956,29,195569,D,3009
105957,Customer_5957,cust5957@masked.com,+XXX-XXX-6957,25,77420,A,3119
105958,Customer_5958,cust5958@masked.com,+XXX-XXX-6958,28,172712,A,3148
105959,Customer_5959,cust5959@masked.com,+XXX-XXX-6959,38,119320,B,3069
105960,Customer_5960,cust5960@masked.com,+XXX-XXX-6960,55,144434,B,3084
105961,Customer_5961,cust5961@masked.com,+XXX-XXX-6961,26,143912,C,3056
105962,Customer_5962,cust5962@masked.com,+XXX-XXX-6962,63,126578,E,3125
105963,Customer_5963,cust5963@masked.com,+XXX-XXX-6963,43,67150,A,3038
105964,Customer_5964,cust5964@masked.com,+XXX-XXX-6964,66,177183,B,3032
105965,Customer_5965,cust5965@masked.com,+XXX-XXX-6965,46,188365,A,3017
105966,Customer_5966,cust5966@masked.com,+XXX-XXX-6966,59,123513,D,3056
105967,Customer_5967,cust5967@masked.com,+XXX-XXX-6967,44,38306,E,3095
105968,Customer_5968,cust5968@masked.com,+XXX-XXX-6968,30,115896,B,3047
105969,Customer_5969,cust5969@masked.com,+XXX-XXX-6969,35,112672,A,3041
105970,Customer_5970,cust5970@masked.com,+XXX-XXX-6970,58,169370,D,3026
105971,Customer_5971,cust5971@masked.com,+XXX-XXX-6971,40,24753,C,3073
105972,Customer_5972,cust5972@masked.com,+XXX-XXX-6972,49,97704,B,3109
105973,Customer_5973,cust5973@masked.com,+XXX-XXX-6973,26,94374,D,3031
105974,Customer_5974,cust5974@masked.com,+XXX-XXX-6974,68,184637,E,3025
105975,Customer_5975,cust5975@masked.com,+XXX-XXX-6975,29,175724,C,3024
105976,Customer_5976,cust5976@masked.com,+XXX-XXX-6976,25,108144,C,3074
105977,Customer_5977,cust5977@masked.com,+XXX-XXX-6977,68,108617,B,3022
105978,Customer_5978,cust5978@masked.com,+XXX-XXX-6978,59,30875,C,3056
105979,Customer_5979,cust5979@masked.com,+XXX-XXX-6979,39,110853,B,3125
105980,Customer_5980,cust5980@masked.com,+XXX-XXX-6980,25,68996,B,3086
105981,Customer_5981,cust5981@masked.com,+XXX-XXX-6981,40,185065,A,3030
105982,Customer_5982,cust5982@masked.com,+XXX-XXX-6982,31,117101,B,3063
105983,Customer_5983,cust5983@masked.com,+XXX-XXX-6983,47,156638,A,3032
105984,Customer_5984,cust5984@masked.com,+XXX-XXX-6984,49,130698,C,3001
105985,Customer_5985,cust5985@masked.com,+XXX-XXX-6985,27,99139,C,3017
105986,Customer_5986,cust5986@masked.com,+XXX-XXX-6986,23,58690,C,3083
105987,Customer_5987,cust5987@masked.com,+XXX-XXX-6987,25,196813,B,3034
105988,Customer_5988,cust5988@masked.com,+XXX-XXX-6988,33,123340,B,3113
105989,Customer_5989,cust5989@masked.com,+XXX-XXX-6989,36,22646,D,3145
105990,Customer_5990,cust5990@masked.com,+XXX-XXX-6990,32,142372,B,3109
105991,Customer_5991,cust5991@masked.com,+XXX-XXX-6991,59,61592,E,3087
105992,Customer_5992,cust5992@masked.com,+XXX-XXX-6992,47,49339,B,3071
105993,Customer_5993,cust5993@masked.com,+XXX-XXX-6993,65,123849,C,3124
105994,Customer_5994,cust5994@masked.com,+XXX-XXX-6994,53,187521,A,3029
105995,Customer_5995,cust5995@masked.com,+XXX-XXX-6995,35,118718,C,3052
105996,Customer_5996,cust5996@masked.com,+XXX-XXX-6996,41,129702,D,3137
105997,Customer_5997,cust5997@masked.com,+XXX-XXX-6997,64,110883,E,3086
105998,Customer_5998,cust5998@masked.com,+XXX-XXX-6998,37,59967,E,3138
105999,Customer_5999,cust5999@masked.com,+XXX-XXX-6999,57,194619,B,3012
106000,Customer_6000,cust6000@masked.com,+XXX-XXX-7000,69,85463,C,3039
106001,Customer_6001,cust6001@masked.com,+XXX-XXX-7001,35,66851,B,3088
106002,Customer_6002,cust6002@masked.com,+XXX-XXX-7002,40,45062,C,3067
106003,Customer_6003,cust6003@masked.com,+XXX-XXX-7003,39,79123,A,3041
106004,Customer_6004,cust6004@masked.com,+XXX-XXX-7004,21,109229,D,3146
106005,Customer_6005,cust6005@masked.com,+XXX-XXX-7005,24,159293,D,3093
106006,Customer_6006,cust6006@masked.com,+XXX-XXX-7006,23,35234,B,3018
106007,Customer_6007,cust6007@masked.com,+XXX-XXX-7007,28,159393,B,3022
106008,Customer_6008,cust6008@masked.com,+XXX-XXX-7008,61,27945,A,3053
106009,Customer_6009,cust6009@masked.com,+XXX-XXX-7009,64,25189,C,3064
106010,Customer_6010,cust6010@masked.com,+XXX-XXX-7010,25,122518,B,3139
106011,Customer_6011,cust6011@masked.com,+XXX-XXX-7011,29,153446,D,3023
106012,Customer_6012,cust6012@masked.com,+XXX-XXX-7012,21,162405,C,3033
106013,Customer_6013,cust6013@masked.com,+XXX-XXX-7013,63,147066,C,3052
106014,Customer_6014,cust6014@masked.com,+XXX-XXX-7014,50,130711,C,3135
106015,Customer_6015,cust6015@masked.com,+XXX-XXX-7015,27,191979,A,3017
106016,Customer_6016,cust6016@masked.com,+XXX-XXX-7016,42,29173,E,3056
106017,Customer_6017,cust6017@masked.com,+XXX-XXX-7017,40,155374,C,3111
106018,Customer_6018,cust6018@masked.com,+XXX-XXX-7018,49,130997,E,3004
106019,Customer_6019,cust6019@masked.com,+XXX-XXX-7019,47,190751,C,3012
106020,Customer_6020,cust6020@masked.com,+XXX-XXX-7020,45,75842,C,3082
106021,Customer_6021,cust6021@masked.com,+XXX-XXX-7021,66,177819,A,3028
106022,Customer_6022,cust6022@masked.com,+XXX-XXX-7022,55,151183,C,3002
106023,Customer_6023,cust6023@masked.com,+XXX-XXX-7023,47,141841,D,3089
106024,Customer_6024,cust6024@masked.com,+XXX-XXX-7024,31,101102,D,3103
106025,Customer_6025,cust6025@masked.com,+XXX-XXX-7025,37,123013,D,3122
106026,Customer_6026,cust6026@masked.com,+XXX-XXX-7026,51,172496,B,3075
106027,Customer_6027,cust6027@masked.com,+XXX-XXX-7027,38,159969,E,3129
106028,Customer_6028,cust6028@masked.com,+XXX-XXX-7028,39,58640,E,3107
106029,Customer_6029,cust6029@masked.com,+XXX-XXX-7029,58,34482,A,3081
106030,Customer_6030,cust6030@masked.com,+XXX-XXX-7030,49,110052,E,3076
106031,Customer_6031,cust6031@masked.com,+XXX-XXX-7031,35,140963,B,3001
106032,Customer_6032,cust6032@masked.com,+XXX-XXX-7032,27,178427,C,3126
106033,Customer_6033,cust6033@masked.com,+XXX-XXX-7033,57,76145,B,3134
106034,Customer_6034,cust6034@masked.com,+XXX-XXX-7034,57,171655,E,3025
106035,Customer_6035,cust6035@masked.com,+XXX-XXX-7035,27,137288,A,3087
106036,Customer_6036,cust6036@masked.com,+XXX-XXX-7036,42,101718,B,3015
106037,Customer_6037,cust6037@masked.com,+XXX-XXX-7037,32,24857,B,3072
106038,Customer_6038,cust6038@masked.com,+XXX-XXX-7038,28,31166,B,3031
106039,Customer_6039,cust6039@masked.com,+XXX-XXX-7039,38,142494,C,3014
106040,Customer_6040,cust6040@masked.com,+XXX-XXX-7040,48,27498,A,3140
106041,Customer_6041,cust6041@masked.com,+XXX-XXX-7041,38,188879,C,3004
106042,Customer_6042,cust6042@masked.com,+XXX-XXX-7042,51,176495,E,3073
106043,Customer_6043,cust6043@masked.com,+XXX-XXX-7043,37,126371,D,3051
106044,Customer_6044,cust6044@masked.com,+XXX-XXX-7044,43,64180,D,3076
106045,Customer_6045,cust6045@masked.com,+XXX-XXX-7045,31,61128,B,3109
106046,Customer_6046,cust6046@masked.com,+XXX-XXX-7046,35,108620,B,3142
106047,Customer_6047,cust6047@masked.com,+XXX-XXX-7047,50,119411,C,3105
106048,Customer_6048,cust6048@masked.com,+XXX-XXX-7048,51,79911,A,3126
106049,Customer_6049,cust6049@masked.com,+XXX-XXX-7049,26,77450,E,3006
106050,Customer_6050,cust6050@masked.com,+XXX-XXX-7050,32,65940,A,3039
106051,Customer_6051,cust6051@masked.com,+XXX-XXX-7051,43,76584,D,3098
106052,Customer_6052,cust6052@masked.com,+XXX-XXX-7052,59,161342,A,3142
106053,Customer_6053,cust6053@masked.com,+XXX-XXX-7053,60,24342,D,3084
106054,Customer_6054,cust6054@masked.com,+XXX-XXX-7054,56,63933,A,3064
106055,Customer_6055,cust6055@masked.com,+XXX-XXX-7055,55,87089,A,3131
106056,Customer_6056,cust6056@masked.com,+XXX-XXX-7056,23,175560,C,3010
106057,Customer_6057,cust6057@masked.com,+XXX-XXX-7057,62,116279,B,3107
106058,Customer_6058,cust6058@masked.com,+XXX-XXX-7058,48,135185,C,3025
106059,Customer_6059,cust6059@masked.com,+XXX-XXX-7059,35,74101,C,3084
106060,Customer_6060,cust6060@masked.com,+XXX-XXX-7060,33,196431,A,3122
106061,Customer_6061,cust6061@masked.com,+XXX-XXX-7061,39,152493,E,3143
106062,Customer_6062,cust6062@masked.com,+XXX-XXX-7062,60,140668,B,3067
106063,Customer_6063,cust6063@masked.com,+XXX-XXX-7063,38,73525,C,3103
106064,Customer_6064,cust6064@masked.com,+XXX-XXX-7064,51,45117,C,3079
106065,Customer_6065,cust6065@masked.com,+XXX-XXX-7065,57,76462,C,3052
106066,Customer_6066,cust6066@masked.com,+XXX-XXX-7066,41,134073,B,3105
106067,Customer_6067,cust6067@masked.com,+XXX-XXX-7067,59,140331,A,3043
106068,Customer_6068,cust6068@masked.com,+XXX-XXX-7068,25,196006,C,3139
106069,Customer_6069,cust6069@masked.com,+XXX-XXX-7069,37,94954,B,3089
106070,Customer_6070,cust6070@masked.com,+XXX-XXX-7070,39,77593,B,3100
106071,Customer_6071,cust6071@masked.com,+XXX-XXX-7071,24,163462,C,3096
106072,Customer_6072,cust6072@masked.com,+XXX-XXX-7072,46,42562,C,3008
106073,Customer_6073,cust6073@masked.com,+XXX-XXX-7073,44,114081,A,3011
106074,Customer_6074,cust6074@masked.com,+XXX-XXX-7074,59,184371,B,3068
106075,Customer_6075,cust6075@masked.com,+XXX-XXX-7075,58,168747,B,3027
106076,Customer_6076,cust6076@masked.com,+XXX-XXX-7076,66,105044,A,3055
106077,Customer_6077,cust6077@masked.com,+XXX-XXX-7077,39,139568,B,3098
106078,Customer_6078,cust6078@masked.com,+XXX-XXX-7078,50,56881,A,3109
106079,Customer_6079,cust6079@masked.com,+XXX-XXX-7079,46,29319,E,3076
106080,Customer_6080,cust6080@masked.com,+XXX-XXX-7080,31,196279,C,3102
106081,Customer_6081,cust6081@masked.com,+XXX-XXX-7081,59,23911,A,3105
106082,Customer_6082,cust6082@masked.com,+XXX-XXX-7082,23,59927,A,3108
106083,Customer_6083,cust6083@masked.com,+XXX-XXX-7083,42,131464,C,3111
106084,Customer_6084,cust6084@masked.com,+XXX-XXX-7084,37,99261,B,3057
106085,Customer_6085,cust6085@masked.com,+XXX-XXX-7085,31,119411,D,3077
106086,Customer_6086,cust6086@masked.com,+XXX-XXX-7086,67,58195,E,3074
106087,Customer_6087,cust6087@masked.com,+XXX-XXX-7087,59,74422,C,3041
106088,Customer_6088,cust6088@masked.com,+XXX-XXX-7088,67,131140,A,3067
106089,Customer_6089,cust6089@masked.com,+XXX-XXX-7089,47,67561,D,3032
106090,Customer_6090,cust6090@masked.com,+XXX-XXX-7090,69,124800,E,3070
106091,Customer_6091,cust6091@masked.com,+XXX-XXX-7091,63,152759,C,3055
106092,Customer_6092,cust6092@masked.com,+XXX-XXX-7092,49,189827,C,3104
106093,Customer_6093,cust6093@masked.com,+XXX-XXX-7093,32,40855,B,3100
106094,Customer_6094,cust6094@masked.com,+XXX-XXX-7094,33,48879,B,3050
106095,Customer_6095,cust6095@masked.com,+XXX-XXX-7095,31,173137,C,3073
106096,Customer_6096,cust6096@masked.com,+XXX-XXX-7096,51,36091,E,3120
106097,Customer_6097,cust6097@masked.com,+XXX-XXX-7097,31,163819,C,3142
106098,Customer_6098,cust6098@masked.com,+XXX-XXX-7098,61,187315,D,3142
106099,Customer_6099,cust6099@masked.com,+XXX-XXX-7099,63,199758,A,3004
106100,Customer_6100,cust6100@masked.com,+XXX-XXX-7100,56,40601,A,3082
106101,Customer_6101,cust6101@masked.com,+XXX-XXX-7101,22,185869,C,3050
106102,Customer_6102,cust6102@masked.com,+XXX-XXX-7102,43,114458,A,3009
106103,Customer_6103,cust6103@masked.com,+XXX-XXX-7103,56,140646,C,3139
106104,Customer_6104,cust6104@masked.com,+XXX-XXX-7104,34,123722,B,3003
106105,Customer_6105,cust6105@masked.com,+XXX-XXX-7105,57,26190,D,3094
106106,Customer_6106,cust6106@masked.com,+XXX-XXX-7106,69,175220,D,3145
106107,Customer_6107,cust6107@masked.com,+XXX-XXX-7107,47,133962,B,3079
106108,Customer_6108,cust6108@masked.com,+XXX-XXX-7108,32,147871,A,3035
106109,Customer_6109,cust6109@masked.com,+XXX-XXX-7109,49,97471,C,3024
106110,Customer_6110,cust6110@masked.com,+XXX-XXX-7110,26,64550,E,3097
106111,Customer_6111,cust6111@masked.com,+XXX-XXX-7111,64,195830,C,3100
106112,Customer_6112,cust6112@masked.com,+XXX-XXX-7112,67,156991,A,3008
106113,Customer_6113,cust6113@masked.com,+XXX-XXX-7113,43,175865,A,3060
106114,Customer_6114,cust6114@masked.com,+XXX-XXX-7114,30,56183,B,3052
106115,Customer_6115,cust6115@masked.com,+XXX-XXX-7115,54,107872,A,3145
106116,Customer_6116,cust6116@masked.com,+XXX-XXX-7116,64,21716,D,3062
106117,Customer_6117,cust6117@masked.com,+XXX-XXX-7117,32,151361,D,3120
106118,Customer_6118,cust6118@masked.com,+XXX-XXX-7118,52,24697,B,3104
106119,Customer_6119,cust6119@masked.com,+XXX-XXX-7119,46,199171,B,3003
106120,Customer_6120,cust6120@masked.com,+XXX-XXX-7120,27,146148,B,3092
106121,Customer_6121,cust6121@masked.com,+XXX-XXX-7121,52,112855,D,3027
106122,Customer_6122,cust6122@masked.com,+XXX-XXX-7122,53,83041,C,3079
106123,Customer_6123,cust6123@masked.com,+XXX-XXX-7123,38,86145,C,3075
106124,Customer_6124,cust6124@masked.com,+XXX-XXX-7124,55,153425,B,3115
106125,Customer_6125,cust6125@masked.com,+XXX-XXX-7125,40,36919,C,3068
106126,Customer_6126,cust6126@masked.com,+XXX-XXX-7126,51,40141,B,3097
106127,Customer_6127,cust6127@masked.com,+XXX-XXX-7127,25,150946,B,3000
106128,Customer_6128,cust6128@masked.com,+XXX-XXX-7128,52,94484,C,3095
106129,Customer_6129,cust6129@masked.com,+XXX-XXX-7129,67,134289,C,3016
106130,Customer_6130,cust6130@masked.com,+XXX-XXX-7130,62,92693,B,3111
106131,Customer_6131,cust6131@masked.com,+XXX-XXX-7131,39,154921,A,3090
106132,Customer_6132,cust6132@masked.com,+XXX-XXX-7132,21,191909,B,3087
106133,Customer_6133,cust6133@masked.com,+XXX-XXX-7133,27,126849,B,3089
106134,Customer_6134,cust6134@masked.com,+XXX-XXX-7134,42,195923,C,3048
106135,Customer_6135,cust6135@masked.com,+XXX-XXX-7135,54,188170,D,3037
106136,Customer_6136,cust6136@masked.com,+XXX-XXX-7136,30,143185,A,3149
106137,Customer_6137,cust6137@masked.com,+XXX-XXX-7137,67,182105,B,3131
106138,Customer_6138,cust6138@masked.com,+XXX-XXX-7138,62,186835,A,3058
106139,Customer_6139,cust6139@masked.com,+XXX-XXX-7139,46,31900,C,3067
106140,Customer_6140,cust6140@masked.com,+XXX-XXX-7140,52,174426,B,3129
106141,Customer_6141,cust6141@masked.com,+XXX-XXX-7141,62,153286,C,3048
106142,Customer_6142,cust6142@masked.com,+XXX-XXX-7142,47,163412,B,3125
106143,Customer_6143,cust6143@masked.com,+XXX-XXX-7143,32,167731,C,3110
106144,Customer_6144,cust6144@masked.com,+XXX-XXX-7144,60,165759,D,3047
106145,Customer_6145,cust6145@masked.com,+XXX-XXX-7145,43,26553,D,3050
106146,Customer_6146,cust6146@masked.com,+XXX-XXX-7146,34,93874,E,3042
106147,Customer_6147,cust6147@masked.com,+XXX-XXX-7147,54,138236,D,3097
106148,Customer_6148,cust6148@masked.com,+XXX-XXX-7148,37,147605,D,3123
106149,Customer_6149,cust6149@masked.com,+XXX-XXX-7149,26,144833,B,3079
106150,Customer_6150,cust6150@masked.com,+XXX-XXX-7150,47,168307,A,3110
106151,Customer_6151,cust6151@masked.com,+XXX-XXX-7151,28,64143,A,3142
106152,Customer_6152,cust6152@masked.com,+XXX-XXX-7152,53,108719,C,3026
106153,Customer_6153,cust6153@masked.com,+XXX-XXX-7153,55,49287,E,3112
106154,Customer_6154,cust6154@masked.com,+XXX-XXX-7154,67,127006,A,3085
106155,Customer_6155,cust6155@masked.com,+XXX-XXX-7155,37,175212,C,3113
106156,Customer_6156,cust6156@masked.com,+XXX-XXX-7156,46,114233,C,3123
106157,Customer_6157,cust6157@masked.com,+XXX-XXX-7157,27,50657,E,3048
106158,Customer_6158,cust6158@masked.com,+XXX-XXX-7158,66,34746,C,3075
106159,Customer_6159,cust6159@masked.com,+XXX-XXX-7159,44,110067,E,3054
106160,Customer_6160,cust6160@masked.com,+XXX-XXX-7160,45,158817,B,3055
106161,Customer_6161,cust6161@masked.com,+XXX-XXX-7161,55,152495,B,3094
106162,Customer_6162,cust6162@masked.com,+XXX-XXX-7162,46,67305,C,3043
106163,Customer_6163,cust6163@masked.com,+XXX-XXX-7163,25,163131,B,3086
106164,Customer_6164,cust6164@masked.com,+XXX-XXX-7164,67,44721,A,3083
106165,Customer_6165,cust6165@masked.com,+XXX-XXX-7165,58,185751,C,3015
106166,Customer_6166,cust6166@masked.com,+XXX-XXX-7166,55,117895,D,3148
106167,Customer_6167,cust6167@masked.com,+XXX-XXX-7167,50,48277,C,3144
106168,Customer_6168,cust6168@masked.com,+XXX-XXX-7168,45,86875,B,3036
106169,Customer_6169,cust6169@masked.com,+XXX-XXX-7169,44,136934,C,3076
106170,Customer_6170,cust6170@masked.com,+XXX-XXX-7170,50,165836,B,3146
106171,Customer_6171,cust6171@masked.com,+XXX-XXX-7171,40,167953,A,3044
106172,Customer_6172,cust6172@masked.com,+XXX-XXX-7172,23,96676,C,3145
106173,Customer_6173,cust6173@masked.com,+XXX-XXX-7173,52,28201,A,3061
106174,Customer_6174,cust6174@masked.com,+XXX-XXX-7174,28,44568,A,3099
106175,Customer_6175,cust6175@masked.com,+XXX-XXX-7175,67,182402,D,3051
106176,Customer_6176,cust6176@masked.com,+XXX-XXX-7176,43,22816,A,3018
106177,Customer_6177,cust6177@masked.com,+XXX-XXX-7177,66,53094,E,3108
106178,Customer_6178,cust6178@masked.com,+XXX-XXX-7178,36,102802,C,3043
106179,Customer_6179,cust6179@masked.com,+XXX-XXX-7179,55,38055,E,3006
106180,Customer_6180,cust6180@masked.com,+XXX-XXX-7180,45,123306,A,3116
106181,Customer_6181,cust6181@masked.com,+XXX-XXX-7181,35,169630,C,3067
106182,Customer_6182,cust6182@masked.com,+XXX-XXX-7182,28,25235,B,3033
106183,Customer_6183,cust6183@masked.com,+XXX-XXX-7183,54,119227,D,3068
106184,Customer_6184,cust6184@masked.com,+XXX-XXX-7184,45,167233,B,3054
106185,Customer_6185,cust6185@masked.com,+XXX-XXX-7185,69,165619,B,3009
106186,Customer_6186,cust6186@masked.com,+XXX-XXX-7186,64,149947,D,3041
106187,Customer_6187,cust6187@masked.com,+XXX-XXX-7187,39,181980,B,3040
106188,Customer_6188,cust6188@masked.com,+XXX-XXX-7188,63,197641,A,3121
106189,Customer_6189,cust6189@masked.com,+XXX-XXX-7189,33,117188,B,3137
106190,Customer_6190,cust6190@masked.com,+XXX-XXX-7190,66,74259,C,3009
106191,Customer_6191,cust6191@masked.com,+XXX-XXX-7191,32,140408,B,3101
106192,Customer_6192,cust6192@masked.com,+XXX-XXX-7192,35,94881,B,3127
106193,Customer_6193,cust6193@masked.com,+XXX-XXX-7193,43,22070,A,3148
106194,Customer_6194,cust6194@masked.com,+XXX-XXX-7194,60,109266,C,3135
106195,Customer_6195,cust6195@masked.com,+XXX-XXX-7195,22,122904,D,3091
106196,Customer_6196,cust6196@masked.com,+XXX-XXX-7196,60,53688,B,3112
106197,Customer_6197,cust6197@masked.com,+XXX-XXX-7197,43,138170,B,3077
106198,Customer_6198,cust6198@masked.com,+XXX-XXX-7198,25,197683,A,3084
106199,Customer_6199,cust6199@masked.com,+XXX-XXX-7199,54,42856,A,3029
106200,Customer_6200,cust6200@masked.com,+XXX-XXX-7200,30,198646,A,3048
106201,Customer_6201,cust6201@masked.com,+XXX-XXX-7201,47,168899,B,3008
106202,Customer_6202,cust6202@masked.com,+XXX-XXX-7202,62,163771,C,3144
106203,Customer_6203,cust6203@masked.com,+XXX-XXX-7203,24,121105,E,3068
106204,Customer_6204,cust6204@masked.com,+XXX-XXX-7204,24,103695,A,3057
106205,Customer_6205,cust6205@masked.com,+XXX-XXX-7205,28,169748,C,3061
106206,Customer_6206,cust6206@masked.com,+XXX-XXX-7206,26,23703,C,3051
106207,Customer_6207,cust6207@masked.com,+XXX-XXX-7207,45,117193,C,3039
106208,Customer_6208,cust6208@masked.com,+XXX-XXX-7208,47,184665,D,3062
106209,Customer_6209,cust6209@masked.com,+XXX-XXX-7209,67,132501,A,3146
106210,Customer_6210,cust6210@masked.com,+XXX-XXX-7210,60,126015,A,3049
106211,Customer_6211,cust6211@masked.com,+XXX-XXX-7211,40,101547,C,3140
106212,Customer_6212,cust6212@masked.com,+XXX-XXX-7212,47,138429,B,3077
106213,Customer_6213,cust6213@masked.com,+XXX-XXX-7213,27,175786,A,3096
106214,Customer_6214,cust6214@masked.com,+XXX-XXX-7214,43,106372,B,3042
106215,Customer_6215,cust6215@masked.com,+XXX-XXX-7215,40,136947,B,3035
106216,Customer_6216,cust6216@masked.com,+XXX-XXX-7216,69,103082,C,3121
106217,Customer_6217,cust6217@masked.com,+XXX-XXX-7217,54,121743,A,3107
106218,Customer_6218,cust6218@masked.com,+XXX-XXX-7218,49,186373,B,3009
106219,Customer_6219,cust6219@masked.com,+XXX-XXX-7219,64,189452,B,3094
106220,Customer_6220,cust6220@masked.com,+XXX-XXX-7220,25,160623,B,3005
106221,Customer_6221,cust6221@masked.com,+XXX-XXX-7221,47,126234,E,3056
106222,Customer_6222,cust6222@masked.com,+XXX-XXX-7222,32,38609,A,3128
106223,Customer_6223,cust6223@masked.com,+XXX-XXX-7223,37,112672,E,3070
106224,Customer_6224,cust6224@masked.com,+XXX-XXX-7224,57,89208,C,3020
106225,Customer_6225,cust6225@masked.com,+XXX-XXX-7225,54,153232,D,3091
106226,Customer_6226,cust6226@masked.com,+XXX-XXX-7226,50,149567,B,3126
106227,Customer_6227,cust6227@masked.com,+XXX-XXX-7227,56,152869,B,3079
106228,Customer_6228,cust6228@masked.com,+XXX-XXX-7228,26,114248,D,3055
106229,Customer_6229,cust6229@masked.com,+XXX-XXX-7229,52,162243,D,3115
106230,Customer_6230,cust6230@masked.com,+XXX-XXX-7230,52,111302,B,3147
106231,Customer_6231,cust6231@masked.com,+XXX-XXX-7231,29,199030,A,3024
106232,Customer_6232,cust6232@masked.com,+XXX-XXX-7232,42,174525,B,3004
106233,Customer_6233,cust6233@masked.com,+XXX-XXX-7233,30,93429,D,3119
106234,Customer_6234,cust6234@masked.com,+XXX-XXX-7234,49,40792,B,3020
106235,Customer_6235,cust6235@masked.com,+XXX-XXX-7235,31,153002,C,3017
106236,Customer_6236,cust6236@masked.com,+XXX-XXX-7236,48,166777,C,3056
106237,Customer_6237,cust6237@masked.com,+XXX-XXX-7237,22,82594,D,3092
106238,Customer_6238,cust6238@masked.com,+XXX-XXX-7238,41,20047,C,3018
106239,Customer_6239,cust6239@masked.com,+XXX-XXX-7239,51,20133,B,3127
106240,Customer_6240,cust6240@masked.com,+XXX-XXX-7240,61,198694,E,3096
106241,Customer_6241,cust6241@masked.com,+XXX-XXX-7241,37,31238,C,3130
106242,Customer_6242,cust6242@masked.com,+XXX-XXX-7242,47,55132,C,3020
106243,Customer_6243,cust6243@masked.com,+XXX-XXX-7243,50,121813,B,3039
106244,Customer_6244,cust6244@masked.com,+XXX-XXX-7244,61,179154,C,3066
106245,Customer_6245,cust6245@masked.com,+XXX-XXX-7245,28,131663,B,3126
106246,Customer_6246,cust6246@masked.com,+XXX-XXX-7246,57,76305,B,3054
106247,Customer_6247,cust6247@masked.com,+XXX-XXX-7247,25,73246,C,3108
106248,Customer_6248,cust6248@masked.com,+XXX-XXX-7248,46,71689,C,3097
106249,Customer_6249,cust6249@masked.com,+XXX-XXX-7249,26,191836,C,3111
106250,Customer_6250,cust6250@masked.com,+XXX-XXX-7250,36,173440,B,3114
106251,Customer_6251,cust6251@masked.com,+XXX-XXX-7251,21,55239,C,3116
106252,Customer_6252,cust6252@masked.com,+XXX-XXX-7252,29,87970,B,3086
106253,Customer_6253,cust6253@masked.com,+XXX-XXX-7253,41,101559,C,3080
106254,Customer_6254,cust6254@masked.com,+XXX-XXX-7254,27,147019,B,3065
106255,Customer_6255,cust6255@masked.com,+XXX-XXX-7255,63,111922,C,3018
106256,Customer_6256,cust6256@masked.com,+XXX-XXX-7256,35,197342,D,3134
106257,Customer_6257,cust6257@masked.com,+XXX-XXX-7257,44,107601,B,3117
106258,Customer_6258,cust6258@masked.com,+XXX-XXX-7258,25,140632,B,3041
106259,Customer_6259,cust6259@masked.com,+XXX-XXX-7259,58,64014,C,3041
106260,Customer_6260,cust6260@masked.com,+XXX-XXX-7260,49,35665,C,3058
106261,Customer_6261,cust6261@masked.com,+XXX-XXX-7261,66,60542,C,3019
106262,Customer_6262,cust6262@masked.com,+XXX-XXX-7262,66,106769,C,3072
106263,Customer_6263,cust6263@masked.com,+XXX-XXX-7263,31,188040,B,3016
106264,Customer_6264,cust6264@masked.com,+XXX-XXX-7264,24,43481,B,3026
106265,Customer_6265,cust6265@masked.com,+XXX-XXX-7265,30,90558,B,3001
106266,Customer_6266,cust6266@masked.com,+XXX-XXX-7266,54,66954,A,3062
106267,Customer_6267,cust6267@masked.com,+XXX-XXX-7267,24,140156,C,3061
106268,Customer_6268,cust6268@masked.com,+XXX-XXX-7268,30,126243,A,3099
106269,Customer_6269,cust6269@masked.com,+XXX-XXX-7269,53,29145,E,3018
106270,Customer_6270,cust6270@masked.com,+XXX-XXX-7270,66,80835,D,3016
106271,Customer_6271,cust6271@masked.com,+XXX-XXX-7271,38,145622,D,3068
106272,Customer_6272,cust6272@masked.com,+XXX-XXX-7272,32,85506,D,3116
106273,Customer_6273,cust6273@masked.com,+XXX-XXX-7273,43,63064,B,3080
106274,Customer_6274,cust6274@masked.com,+XXX-XXX-7274,64,42954,D,3038
106275,Customer_6275,cust6275@masked.com,+XXX-XXX-7275,45,116872,A,3035
106276,Customer_6276,cust6276@masked.com,+XXX-XXX-7276,57,129120,A,3131
106277,Customer_6277,cust6277@masked.com,+XXX-XXX-7277,24,190123,D,3028
106278,Customer_6278,cust6278@masked.com,+XXX-XXX-7278,33,112221,A,3050
106279,Customer_6279,cust6279@masked.com,+XXX-XXX-7279,38,26574,E,3013
106280,Customer_6280,cust6280@masked.com,+XXX-XXX-7280,49,52381,C,3068
106281,Customer_6281,cust6281@masked.com,+XXX-XXX-7281,64,177111,D,3145
106282,Customer_6282,cust6282@masked.com,+XXX-XXX-7282,50,25331,B,3056
106283,Customer_6283,cust6283@masked.com,+XXX-XXX-7283,68,50412,C,3011
106284,Customer_6284,cust6284@masked.com,+XXX-XXX-7284,58,103857,A,3016
106285,Customer_6285,cust6285@masked.com,+XXX-XXX-7285,48,131132,D,3029
106286,Customer_6286,cust6286@masked.com,+XXX-XXX-7286,27,37458,A,3087
106287,Customer_6287,cust6287@masked.com,+XXX-XXX-7287,44,34058,C,3098
106288,Customer_6288,cust6288@masked.com,+XXX-XXX-7288,61,186413,B,3022
106289,Customer_6289,cust6289@masked.com,+XXX-XXX-7289,30,55165,A,3128
106290,Customer_6290,cust6290@masked.com,+XXX-XXX-7290,57,78425,B,3078
106291,Customer_6291,cust6291@masked.com,+XXX-XXX-7291,47,20418,A,3031
106292,Customer_6292,cust6292@masked.com,+XXX-XXX-7292,41,102559,C,3008
106293,Customer_6293,cust6293@masked.com,+XXX-XXX-7293,56,71236,B,3014
106294,Customer_6294,cust6294@masked.com,+XXX-XXX-7294,63,57357,B,3026
106295,Customer_6295,cust6295@masked.com,+XXX-XXX-7295,49,102278,C,3108
106296,Customer_6296,cust6296@masked.com,+XXX-XXX-7296,27,103723,B,3075
106297,Customer_6297,cust6297@masked.com,+XXX-XXX-7297,33,189044,B,3147
106298,Customer_6298,cust6298@masked.com,+XXX-XXX-7298,65,191729,D,3064
106299,Customer_6299,cust6299@masked.com,+XXX-XXX-7299,43,133290,A,3108
106300,Customer_6300,cust6300@masked.com,+XXX-XXX-7300,45,69690,A,3128
106301,Customer_6301,cust6301@masked.com,+XXX-XXX-7301,61,89975,B,3009
106302,Customer_6302,cust6302@masked.com,+XXX-XXX-7302,65,76040,B,3046
106303,Customer_6303,cust6303@masked.com,+XXX-XXX-7303,33,177866,C,3122
106304,Customer_6304,cust6304@masked.com,+XXX-XXX-7304,57,160977,B,3058
106305,Customer_6305,cust6305@masked.com,+XXX-XXX-7305,50,112179,D,3095
106306,Customer_6306,cust6306@masked.com,+XXX-XXX-7306,46,46926,A,3102
106307,Customer_6307,cust6307@masked.com,+XXX-XXX-7307,32,197124,B,3123
106308,Customer_6308,cust6308@masked.com,+XXX-XXX-7308,21,64228,B,3085
106309,Customer_6309,cust6309@masked.com,+XXX-XXX-7309,38,51046,C,3145
106310,Customer_6310,cust6310@masked.com,+XXX-XXX-7310,41,155743,E,3111
106311,Customer_6311,cust6311@masked.com,+XXX-XXX-7311,44,134419,C,3026
106312,Customer_6312,cust6312@masked.com,+XXX-XXX-7312,37,70187,E,3017
106313,Customer_6313,cust6313@masked.com,+XXX-XXX-7313,62,126856,B,3081
106314,Customer_6314,cust6314@masked.com,+XXX-XXX-7314,29,137507,A,3071
106315,Customer_6315,cust6315@masked.com,+XXX-XXX-7315,60,44871,A,3053
106316,Customer_6316,cust6316@masked.com,+XXX-XXX-7316,48,86962,B,3070
106317,Customer_6317,cust6317@masked.com,+XXX-XXX-7317,35,132362,B,3145
106318,Customer_6318,cust6318@masked.com,+XXX-XXX-7318,33,84140,A,3037
106319,Customer_6319,cust6319@masked.com,+XXX-XXX-7319,48,184532,B,3136
106320,Customer_6320,cust6320@masked.com,+XXX-XXX-7320,37,49171,B,3034
106321,Customer_6321,cust6321@masked.com,+XXX-XXX-7321,29,76745,A,3081
106322,Customer_6322,cust6322@masked.com,+XXX-XXX-7322,41,101772,B,3132
106323,Customer_6323,cust6323@masked.com,+XXX-XXX-7323,50,53835,D,3141
106324,Customer_6324,cust6324@masked.com,+XXX-XXX-7324,31,86668,B,3003
106325,Customer_6325,cust6325@masked.com,+XXX-XXX-7325,50,148738,C,3149
106326,Customer_6326,cust6326@masked.com,+XXX-XXX-7326,56,158684,C,3022
106327,Customer_6327,cust6327@masked.com,+XXX-XXX-7327,45,117360,B,3047
106328,Customer_6328,cust6328@masked.com,+XXX-XXX-7328,27,29433,B,3147
106329,Customer_6329,cust6329@masked.com,+XXX-XXX-7329,40,152018,B,3124
106330,Customer_6330,cust6330@masked.com,+XXX-XXX-7330,55,195179,C,3054
106331,Customer_6331,cust6331@masked.com,+XXX-XXX-7331,30,21615,B,3067
106332,Customer_6332,cust6332@masked.com,+XXX-XXX-7332,55,98387,A,3087
106333,Customer_6333,cust6333@masked.com,+XXX-XXX-7333,21,93790,A,3000
106334,Customer_6334,cust6334@masked.com,+XXX-XXX-7334,34,107635,D,3134
106335,Customer_6335,cust6335@masked.com,+XXX-XXX-7335,65,53161,B,3094
106336,Customer_6336,cust6336@masked.com,+XXX-XXX-7336,25,183670,C,3139
106337,Customer_6337,cust6337@masked.com,+XXX-XXX-7337,60,95229,B,3105
106338,Customer_6338,cust6338@masked.com,+XXX-XXX-7338,64,151460,D,3132
106339,Customer_6339,cust6339@masked.com,+XXX-XXX-7339,58,121801,C,3107
106340,Customer_6340,cust6340@masked.com,+XXX-XXX-7340,54,99437,B,3041
106341,Customer_6341,cust6341@masked.com,+XXX-XXX-7341,44,180379,E,3101
106342,Customer_6342,cust6342@masked.com,+XXX-XXX-7342,24,93205,C,3123
106343,Customer_6343,cust6343@masked.com,+XXX-XXX-7343,47,120875,A,3139
106344,Customer_6344,cust6344@masked.com,+XXX-XXX-7344,25,80816,A,3102
106345,Customer_6345,cust6345@masked.com,+XXX-XXX-7345,63,112096,D,3145
106346,Customer_6346,cust6346@masked.com,+XXX-XXX-7346,33,65241,D,3073
106347,Customer_6347,cust6347@masked.com,+XXX-XXX-7347,60,143684,C,3107
106348,Customer_6348,cust6348@masked.com,+XXX-XXX-7348,41,135397,C,3121
106349,Customer_6349,cust6349@masked.com,+XXX-XXX-7349,57,148167,C,3016
106350,Customer_6350,cust6350@masked.com,+XXX-XXX-7350,52,172086,B,3070
106351,Customer_6351,cust6351@masked.com,+XXX-XXX-7351,58,54198,C,3061
106352,Customer_6352,cust6352@masked.com,+XXX-XXX-7352,51,165381,A,3040
106353,Customer_6353,cust6353@masked.com,+XXX-XXX-7353,52,180997,E,3118
106354,Customer_6354,cust6354@masked.com,+XXX-XXX-7354,35,167248,D,3044
106355,Customer_6355,cust6355@masked.com,+XXX-XXX-7355,68,132932,C,3057
106356,Customer_6356,cust6356@masked.com,+XXX-XXX-7356,50,117679,B,3125
106357,Customer_6357,cust6357@masked.com,+XXX-XXX-7357,63,169494,A,3043
106358,Customer_6358,cust6358@masked.com,+XXX-XXX-7358,27,40517,B,3014
106359,Customer_6359,cust6359@masked.com,+XXX-XXX-7359,58,74503,C,3077
106360,Customer_6360,cust6360@masked.com,+XXX-XXX-7360,51,48514,C,3069
106361,Customer_6361,cust6361@masked.com,+XXX-XXX-7361,64,153287,B,3100
106362,Customer_6362,cust6362@masked.com,+XXX-XXX-7362,46,36486,C,3002
106363,Customer_6363,cust6363@masked.com,+XXX-XXX-7363,56,110256,D,3085
106364,Customer_6364,cust6364@masked.com,+XXX-XXX-7364,66,94482,A,3073
106365,Customer_6365,cust6365@masked.com,+XXX-XXX-7365,63,32249,B,3050
106366,Customer_6366,cust6366@masked.com,+XXX-XXX-7366,46,174259,D,3066
106367,Customer_6367,cust6367@masked.com,+XXX-XXX-7367,64,59064,C,3075
106368,Customer_6368,cust6368@masked.com,+XXX-XXX-7368,22,141253,C,3092
106369,Customer_6369,cust6369@masked.com,+XXX-XXX-7369,63,193862,C,3144
106370,Customer_6370,cust6370@masked.com,+XXX-XXX-7370,65,97437,E,3006
106371,Customer_6371,cust6371@masked.com,+XXX-XXX-7371,63,66783,A,3012
106372,Customer_6372,cust6372@masked.com,+XXX-XXX-7372,29,62271,B,3119
106373,Customer_6373,cust6373@masked.com,+XXX-XXX-7373,68,175419,A,3065
106374,Customer_6374,cust6374@masked.com,+XXX-XXX-7374,25,75142,A,3003
106375,Customer_6375,cust6375@masked.com,+XXX-XXX-7375,47,80683,B,3137
106376,Customer_6376,cust6376@masked.com,+XXX-XXX-7376,32,113806,A,3087
106377,Customer_6377,cust6377@masked.com,+XXX-XXX-7377,55,124526,E,3016
106378,Customer_6378,cust6378@masked.com,+XXX-XXX-7378,49,80791,E,3051
106379,Customer_6379,cust6379@masked.com,+XXX-XXX-7379,36,23668,B,3133
106380,Customer_6380,cust6380@masked.com,+XXX-XXX-7380,39,70767,C,3068
106381,Customer_6381,cust6381@masked.com,+XXX-XXX-7381,69,185902,C,3136
106382,Customer_6382,cust6382@masked.com,+XXX-XXX-7382,63,61739,D,3020
106383,Customer_6383,cust6383@masked.com,+XXX-XXX-7383,47,142243,C,3023
106384,Customer_6384,cust6384@masked.com,+XXX-XXX-7384,38,55166,A,3003
106385,Customer_6385,cust6385@masked.com,+XXX-XXX-7385,61,162268,D,3002
106386,Customer_6386,cust6386@masked.com,+XXX-XXX-7386,33,169786,C,3067
106387,Customer_6387,cust6387@masked.com,+XXX-XXX-7387,50,196764,C,3100
106388,Customer_6388,cust6388@masked.com,+XXX-XXX-7388,46,196652,D,3053
106389,Customer_6389,cust6389@masked.com,+XXX-XXX-7389,26,73028,D,3034
106390,Customer_6390,cust6390@masked.com,+XXX-XXX-7390,23,178138,C,3055
106391,Customer_6391,cust6391@masked.com,+XXX-XXX-7391,43,149649,C,3107
106392,Customer_6392,cust6392@masked.com,+XXX-XXX-7392,32,84631,E,3039
106393,Customer_6393,cust6393@masked.com,+XXX-XXX-7393,61,120420,B,3067
106394,Customer_6394,cust6394@masked.com,+XXX-XXX-7394,61,63281,B,3045
106395,Customer_6395,cust6395@masked.com,+XXX-XXX-7395,35,69711,A,3077
106396,Customer_6396,cust6396@masked.com,+XXX-XXX-7396,21,90977,D,3140
106397,Customer_6397,cust6397@masked.com,+XXX-XXX-7397,67,198096,C,3005
106398,Customer_6398,cust6398@masked.com,+XXX-XXX-7398,28,111497,A,3016
106399,Customer_6399,cust6399@masked.com,+XXX-XXX-7399,51,30146,E,3098
106400,Customer_6400,cust6400@masked.com,+XXX-XXX-7400,31,184429,C,3080
106401,Customer_6401,cust6401@masked.com,+XXX-XXX-7401,37,118802,D,3001
106402,Customer_6402,cust6402@masked.com,+XXX-XXX-7402,47,75499,A,3076
106403,Customer_6403,cust6403@masked.com,+XXX-XXX-7403,51,36313,C,3065
106404,Customer_6404,cust6404@masked.com,+XXX-XXX-7404,47,47398,C,3051
106405,Customer_6405,cust6405@masked.com,+XXX-XXX-7405,34,144518,C,3091
106406,Customer_6406,cust6406@masked.com,+XXX-XXX-7406,43,160396,C,3021
106407,Customer_6407,cust6407@masked.com,+XXX-XXX-7407,25,158504,D,3110
106408,Customer_6408,cust6408@masked.com,+XXX-XXX-7408,50,40867,B,3106
106409,Customer_6409,cust6409@masked.com,+XXX-XXX-7409,54,185431,D,3066
106410,Customer_6410,cust6410@masked.com,+XXX-XXX-7410,67,50971,A,3139
106411,Customer_6411,cust6411@masked.com,+XXX-XXX-7411,39,132627,B,3068
106412,Customer_6412,cust6412@masked.com,+XXX-XXX-7412,51,70759,A,3083
106413,Customer_6413,cust6413@masked.com,+XXX-XXX-7413,36,187564,B,3102
106414,Customer_6414,cust6414@masked.com,+XXX-XXX-7414,65,142243,B,3038
106415,Customer_6415,cust6415@masked.com,+XXX-XXX-7415,47,111827,D,3012
106416,Customer_6416,cust6416@masked.com,+XXX-XXX-7416,46,130455,C,3040
106417,Customer_6417,cust6417@masked.com,+XXX-XXX-7417,59,192141,B,3056
106418,Customer_6418,cust6418@masked.com,+XXX-XXX-7418,49,50291,C,3011
106419,Customer_6419,cust6419@masked.com,+XXX-XXX-7419,69,168224,A,3012
106420,Customer_6420,cust6420@masked.com,+XXX-XXX-7420,59,149216,A,3119
106421,Customer_6421,cust6421@masked.com,+XXX-XXX-7421,64,85674,C,3096
106422,Customer_6422,cust6422@masked.com,+XXX-XXX-7422,65,69372,C,3056
106423,Customer_6423,cust6423@masked.com,+XXX-XXX-7423,49,71539,D,3039
106424,Customer_6424,cust6424@masked.com,+XXX-XXX-7424,65,22525,B,3117
106425,Customer_6425,cust6425@masked.com,+XXX-XXX-7425,66,139742,C,3079
106426,Customer_6426,cust6426@masked.com,+XXX-XXX-7426,67,29637,C,3127
106427,Customer_6427,cust6427@masked.com,+XXX-XXX-7427,51,68324,E,3034
106428,Customer_6428,cust6428@masked.com,+XXX-XXX-7428,22,76108,A,3002
106429,Customer_6429,cust6429@masked.com,+XXX-XXX-7429,26,54377,C,3119
106430,Customer_6430,cust6430@masked.com,+XXX-XXX-7430,29,100069,C,3004
106431,Customer_6431,cust6431@masked.com,+XXX-XXX-7431,35,131875,E,3010
106432,Customer_6432,cust6432@masked.com,+XXX-XXX-7432,40,134886,A,3125
106433,Customer_6433,cust6433@masked.com,+XXX-XXX-7433,68,80207,C,3070
106434,Customer_6434,cust6434@masked.com,+XXX-XXX-7434,22,42368,B,3116
106435,Customer_6435,cust6435@masked.com,+XXX-XXX-7435,23,45736,C,3137
106436,Customer_6436,cust6436@masked.com,+XXX-XXX-7436,50,37753,B,3105
106437,Customer_6437,cust6437@masked.com,+XXX-XXX-7437,28,154643,A,3115
106438,Customer_6438,cust6438@masked.com,+XXX-XXX-7438,60,46798,C,3066
106439,Customer_6439,cust6439@masked.com,+XXX-XXX-7439,41,184328,B,3030
106440,Customer_6440,cust6440@masked.com,+XXX-XXX-7440,59,121844,A,3074
106441,Customer_6441,cust6441@masked.com,+XXX-XXX-7441,63,198491,B,3070
106442,Customer_6442,cust6442@masked.com,+XXX-XXX-7442,33,96595,A,3065
106443,Customer_6443,cust6443@masked.com,+XXX-XXX-7443,60,112539,E,3069
106444,Customer_6444,cust6444@masked.com,+XXX-XXX-7444,61,181696,C,3040
106445,Customer_6445,cust6445@masked.com,+XXX-XXX-7445,68,160128,D,3019
106446,Customer_6446,cust6446@masked.com,+XXX-XXX-7446,57,83279,B,3139
106447,Customer_6447,cust6447@masked.com,+XXX-XXX-7447,52,38564,D,3038
106448,Customer_6448,cust6448@masked.com,+XXX-XXX-7448,34,162292,B,3144
106449,Customer_6449,cust6449@masked.com,+XXX-XXX-7449,21,31290,C,3044
106450,Customer_6450,cust6450@masked.com,+XXX-XXX-7450,47,40018,B,3138
106451,Customer_6451,cust6451@masked.com,+XXX-XXX-7451,44,75138,C,3069
106452,Customer_6452,cust6452@masked.com,+XXX-XXX-7452,69,102155,C,3124
106453,Customer_6453,cust6453@masked.com,+XXX-XXX-7453,42,101567,B,3090
106454,Customer_6454,cust6454@masked.com,+XXX-XXX-7454,34,29006,A,3069
106455,Customer_6455,cust6455@masked.com,+XXX-XXX-7455,65,194998,C,3129
106456,Customer_6456,cust6456@masked.com,+XXX-XXX-7456,28,177337,B,3083
106457,Customer_6457,cust6457@masked.com,+XXX-XXX-7457,47,35908,A,3088
106458,Customer_6458,cust6458@masked.com,+XXX-XXX-7458,23,91165,B,3078
106459,Customer_6459,cust6459@masked.com,+XXX-XXX-7459,53,104406,C,3112
106460,Customer_6460,cust6460@masked.com,+XXX-XXX-7460,67,169121,D,3092
106461,Customer_6461,cust6461@masked.com,+XXX-XXX-7461,41,161899,A,3071
106462,Customer_6462,cust6462@masked.com,+XXX-XXX-7462,52,89522,B,3048
106463,Customer_6463,cust6463@masked.com,+XXX-XXX-7463,60,60954,D,3051
106464,Customer_6464,cust6464@masked.com,+XXX-XXX-7464,61,87359,C,3032
106465,Customer_6465,cust6465@masked.com,+XXX-XXX-7465,65,74980,B,3021
106466,Customer_6466,cust6466@masked.com,+XXX-XXX-7466,64,107256,D,3113
106467,Customer_6467,cust6467@masked.com,+XXX-XXX-7467,61,106008,B,3132
106468,Customer_6468,cust6468@masked.com,+XXX-XXX-7468,52,151682,B,3017
106469,Customer_6469,cust6469@masked.com,+XXX-XXX-7469,44,187708,E,3117
106470,Customer_6470,cust6470@masked.com,+XXX-XXX-7470,31,162956,E,3116
106471,Customer_6471,cust6471@masked.com,+XXX-XXX-7471,57,146446,B,3036
106472,Customer_6472,cust6472@masked.com,+XXX-XXX-7472,41,123249,A,3063
106473,Customer_6473,cust6473@masked.com,+XXX-XXX-7473,38,172628,B,3137
106474,Customer_6474,cust6474@masked.com,+XXX-XXX-7474,31,197748,A,3078
106475,Customer_6475,cust6475@masked.com,+XXX-XXX-7475,47,31018,A,3122
106476,Customer_6476,cust6476@masked.com,+XXX-XXX-7476,63,56599,B,3043
106477,Customer_6477,cust6477@masked.com,+XXX-XXX-7477,58,173561,E,3081
106478,Customer_6478,cust6478@masked.com,+XXX-XXX-7478,21,138557,D,3086
106479,Customer_6479,cust6479@masked.com,+XXX-XXX-7479,49,131694,C,3015
106480,Customer_6480,cust6480@masked.com,+XXX-XXX-7480,41,68071,C,3053
106481,Customer_6481,cust6481@masked.com,+XXX-XXX-7481,49,32394,A,3101
106482,Customer_6482,cust6482@masked.com,+XXX-XXX-7482,29,34417,A,3097
106483,Customer_6483,cust6483@masked.com,+XXX-XXX-7483,27,47849,A,3001
106484,Customer_6484,cust6484@masked.com,+XXX-XXX-7484,58,55207,D,3093
106485,Customer_6485,cust6485@masked.com,+XXX-XXX-7485,51,175362,A,3140
106486,Customer_6486,cust6486@masked.com,+XXX-XXX-7486,47,144947,D,3058
106487,Customer_6487,cust6487@masked.com,+XXX-XXX-7487,62,166187,C,3068
106488,Customer_6488,cust6488@masked.com,+XXX-XXX-7488,52,183824,B,3118
106489,Customer_6489,cust6489@masked.com,+XXX-XXX-7489,25,197474,A,3091
106490,Customer_6490,cust6490@masked.com,+XXX-XXX-7490,53,175313,C,3044
106491,Customer_6491,cust6491@masked.com,+XXX-XXX-7491,35,69021,D,3147
106492,Customer_6492,cust6492@masked.com,+XXX-XXX-7492,25,147627,C,3023
106493,Customer_6493,cust6493@masked.com,+XXX-XXX-7493,40,189269,B,3090
106494,Customer_6494,cust6494@masked.com,+XXX-XXX-7494,58,135159,C,3093
106495,Customer_6495,cust6495@masked.com,+XXX-XXX-7495,57,84079,B,3057
106496,Customer_6496,cust6496@masked.com,+XXX-XXX-7496,37,109979,E,3127
106497,Customer_6497,cust6497@masked.com,+XXX-XXX-7497,24,56533,C,3006
106498,Customer_6498,cust6498@masked.com,+XXX-XXX-7498,41,142514,C,3046
106499,Customer_6499,cust6499@masked.com,+XXX-XXX-7499,54,109832,B,3052
106500,Customer_6500,cust6500@masked.com,+XXX-XXX-7500,60,99283,C,3037
106501,Customer_6501,cust6501@masked.com,+XXX-XXX-7501,25,103093,B,3052
106502,Customer_6502,cust6502@masked.com,+XXX-XXX-7502,24,150798,A,3142
106503,Customer_6503,cust6503@masked.com,+XXX-XXX-7503,42,66963,B,3047
106504,Customer_6504,cust6504@masked.com,+XXX-XXX-7504,34,51034,E,3094
106505,Customer_6505,cust6505@masked.com,+XXX-XXX-7505,24,34143,C,3146
106506,Customer_6506,cust6506@masked.com,+XXX-XXX-7506,28,139057,A,3136
106507,Customer_6507,cust6507@masked.com,+XXX-XXX-7507,23,113415,D,3063
106508,Customer_6508,cust6508@masked.com,+XXX-XXX-7508,66,89662,B,3092
106509,Customer_6509,cust6509@masked.com,+XXX-XXX-7509,49,170249,B,3124
106510,Customer_6510,cust6510@masked.com,+XXX-XXX-7510,46,197123,B,3038
106511,Customer_6511,cust6511@masked.com,+XXX-XXX-7511,50,91721,C,3003
106512,Customer_6512,cust6512@masked.com,+XXX-XXX-7512,32,134938,C,3125
106513,Customer_6513,cust6513@masked.com,+XXX-XXX-7513,35,150557,B,3002
106514,Customer_6514,cust6514@masked.com,+XXX-XXX-7514,61,115203,C,3063
106515,Customer_6515,cust6515@masked.com,+XXX-XXX-7515,22,93993,B,3028
106516,Customer_6516,cust6516@masked.com,+XXX-XXX-7516,21,167014,D,3115
106517,Customer_6517,cust6517@masked.com,+XXX-XXX-7517,67,132022,A,3010
106518,Customer_6518,cust6518@masked.com,+XXX-XXX-7518,67,87659,D,3096
106519,Customer_6519,cust6519@masked.com,+XXX-XXX-7519,48,37894,C,3101
106520,Customer_6520,cust6520@masked.com,+XXX-XXX-7520,60,122156,C,3020
106521,Customer_6521,cust6521@masked.com,+XXX-XXX-7521,55,56190,B,3038
106522,Customer_6522,cust6522@masked.com,+XXX-XXX-7522,54,28431,C,3101
106523,Customer_6523,cust6523@masked.com,+XXX-XXX-7523,24,121311,A,3045
106524,Customer_6524,cust6524@masked.com,+XXX-XXX-7524,38,183410,D,3065
106525,Customer_6525,cust6525@masked.com,+XXX-XXX-7525,32,182655,A,3090
106526,Customer_6526,cust6526@masked.com,+XXX-XXX-7526,41,164985,A,3110
106527,Customer_6527,cust6527@masked.com,+XXX-XXX-7527,30,34860,C,3081
106528,Customer_6528,cust6528@masked.com,+XXX-XXX-7528,41,52924,C,3122
106529,Customer_6529,cust6529@masked.com,+XXX-XXX-7529,60,124646,A,3098
106530,Customer_6530,cust6530@masked.com,+XXX-XXX-7530,45,115231,E,3034
106531,Customer_6531,cust6531@masked.com,+XXX-XXX-7531,37,93134,E,3102
106532,Customer_6532,cust6532@masked.com,+XXX-XXX-7532,26,188601,C,3128
106533,Customer_6533,cust6533@masked.com,+XXX-XXX-7533,34,183525,B,3024
106534,Customer_6534,cust6534@masked.com,+XXX-XXX-7534,57,136707,C,3042
106535,Customer_6535,cust6535@masked.com,+XXX-XXX-7535,60,74389,B,3083
106536,Customer_6536,cust6536@masked.com,+XXX-XXX-7536,60,128182,B,3050
106537,Customer_6537,cust6537@masked.com,+XXX-XXX-7537,38,126227,D,3129
106538,Customer_6538,cust6538@masked.com,+XXX-XXX-7538,50,106090,E,3125
106539,Customer_6539,cust6539@masked.com,+XXX-XXX-7539,29,74199,E,3068
106540,Customer_6540,cust6540@masked.com,+XXX-XXX-7540,34,51444,B,3008
106541,Customer_6541,cust6541@masked.com,+XXX-XXX-7541,66,199184,B,3001
106542,Customer_6542,cust6542@masked.com,+XXX-XXX-7542,66,38798,B,3009
106543,Customer_6543,cust6543@masked.com,+XXX-XXX-7543,37,80147,B,3113
106544,Customer_6544,cust6544@masked.com,+XXX-XXX-7544,54,162513,B,3075
106545,Customer_6545,cust6545@masked.com,+XXX-XXX-7545,66,198864,B,3084
106546,Customer_6546,cust6546@masked.com,+XXX-XXX-7546,42,82942,C,3048
106547,Customer_6547,cust6547@masked.com,+XXX-XXX-7547,52,52860,D,3069
106548,Customer_6548,cust6548@masked.com,+XXX-XXX-7548,32,133605,C,3130
106549,Customer_6549,cust6549@masked.com,+XXX-XXX-7549,36,140931,D,3132
106550,Customer_6550,cust6550@masked.com,+XXX-XXX-7550,42,32468,A,3089
106551,Customer_6551,cust6551@masked.com,+XXX-XXX-7551,58,78014,A,3025
106552,Customer_6552,cust6552@masked.com,+XXX-XXX-7552,59,185983,D,3071
106553,Customer_6553,cust6553@masked.com,+XXX-XXX-7553,22,110343,C,3004
106554,Customer_6554,cust6554@masked.com,+XXX-XXX-7554,65,37986,C,3014
106555,Customer_6555,cust6555@masked.com,+XXX-XXX-7555,28,55719,A,3122
106556,Customer_6556,cust6556@masked.com,+XXX-XXX-7556,64,79116,B,3143
106557,Customer_6557,cust6557@masked.com,+XXX-XXX-7557,21,95794,C,3000
106558,Customer_6558,cust6558@masked.com,+XXX-XXX-7558,61,152382,D,3143
106559,Customer_6559,cust6559@masked.com,+XXX-XXX-7559,60,116462,D,3002
106560,Customer_6560,cust6560@masked.com,+XXX-XXX-7560,61,83798,C,3046
106561,Customer_6561,cust6561@masked.com,+XXX-XXX-7561,25,102078,C,3094
106562,Customer_6562,cust6562@masked.com,+XXX-XXX-7562,65,40162,D,3012
106563,Customer_6563,cust6563@masked.com,+XXX-XXX-7563,66,136274,C,3119
106564,Customer_6564,cust6564@masked.com,+XXX-XXX-7564,56,36761,C,3054
106565,Customer_6565,cust6565@masked.com,+XXX-XXX-7565,37,39679,D,3148
106566,Customer_6566,cust6566@masked.com,+XXX-XXX-7566,61,94441,D,3065
106567,Customer_6567,cust6567@masked.com,+XXX-XXX-7567,50,163451,D,3089
106568,Customer_6568,cust6568@masked.com,+XXX-XXX-7568,35,67770,A,3061
106569,Customer_6569,cust6569@masked.com,+XXX-XXX-7569,40,79567,C,3101
106570,Customer_6570,cust6570@masked.com,+XXX-XXX-7570,56,164493,D,3138
106571,Customer_6571,cust6571@masked.com,+XXX-XXX-7571,22,114183,A,3007
106572,Customer_6572,cust6572@masked.com,+XXX-XXX-7572,65,68938,D,3096
106573,Customer_6573,cust6573@masked.com,+XXX-XXX-7573,24,30974,A,3116
106574,Customer_6574,cust6574@masked.com,+XXX-XXX-7574,44,143617,D,3063
106575,Customer_6575,cust6575@masked.com,+XXX-XXX-7575,68,22500,C,3020
106576,Customer_6576,cust6576@masked.com,+XXX-XXX-7576,62,80490,A,3114
106577,Customer_6577,cust6577@masked.com,+XXX-XXX-7577,22,93649,B,3084
106578,Customer_6578,cust6578@masked.com,+XXX-XXX-7578,66,113116,C,3019
106579,Customer_6579,cust6579@masked.com,+XXX-XXX-7579,22,132742,C,3007
106580,Customer_6580,cust6580@masked.com,+XXX-XXX-7580,21,116296,B,3057
106581,Customer_6581,cust6581@masked.com,+XXX-XXX-7581,33,142189,D,3045
106582,Customer_6582,cust6582@masked.com,+XXX-XXX-7582,26,162877,C,3030
106583,Customer_6583,cust6583@masked.com,+XXX-XXX-7583,42,128025,C,3092
106584,Customer_6584,cust6584@masked.com,+XXX-XXX-7584,37,142098,A,3008
106585,Customer_6585,cust6585@masked.com,+XXX-XXX-7585,69,27731,E,3014
106586,Customer_6586,cust6586@masked.com,+XXX-XXX-7586,42,127197,A,3093
106587,Customer_6587,cust6587@masked.com,+XXX-XXX-7587,63,115310,C,3137
106588,Customer_6588,cust6588@masked.com,+XXX-XXX-7588,26,120788,D,3028
106589,Customer_6589,cust6589@masked.com,+XXX-XXX-7589,23,125932,A,3079
106590,Customer_6590,cust6590@masked.com,+XXX-XXX-7590,66,31460,C,3035
106591,Customer_6591,cust6591@masked.com,+XXX-XXX-7591,26,31294,B,3083
106592,Customer_6592,cust6592@masked.com,+XXX-XXX-7592,37,30059,D,3108
106593,Customer_6593,cust6593@masked.com,+XXX-XXX-7593,55,130621,C,3117
106594,Customer_6594,cust6594@masked.com,+XXX-XXX-7594,69,182928,D,3036
106595,Customer_6595,cust6595@masked.com,+XXX-XXX-7595,57,27817,D,3085
106596,Customer_6596,cust6596@masked.com,+XXX-XXX-7596,67,113917,C,3070
106597,Customer_6597,cust6597@masked.com,+XXX-XXX-7597,55,154105,C,3092
106598,Customer_6598,cust6598@masked.com,+XXX-XXX-7598,43,32971,C,3079
106599,Customer_6599,cust6599@masked.com,+XXX-XXX-7599,28,182067,B,3101
106600,Customer_6600,cust6600@masked.com,+XXX-XXX-7600,27,39731,C,3013
106601,Customer_6601,cust6601@masked.com,+XXX-XXX-7601,30,151083,D,3116
106602,Customer_6602,cust6602@masked.com,+XXX-XXX-7602,46,95244,B,3072
106603,Customer_6603,cust6603@masked.com,+XXX-XXX-7603,30,169076,B,3090
106604,Customer_6604,cust6604@masked.com,+XXX-XXX-7604,39,42537,B,3089
106605,Customer_6605,cust6605@masked.com,+XXX-XXX-7605,43,44836,B,3028
106606,Customer_6606,cust6606@masked.com,+XXX-XXX-7606,51,159583,A,3048
106607,Customer_6607,cust6607@masked.com,+XXX-XXX-7607,53,163545,B,3071
106608,Customer_6608,cust6608@masked.com,+XXX-XXX-7608,22,30468,B,3132
106609,Customer_6609,cust6609@masked.com,+XXX-XXX-7609,48,120231,C,3041
106610,Customer_6610,cust6610@masked.com,+XXX-XXX-7610,52,75965,B,3134
106611,Customer_6611,cust6611@masked.com,+XXX-XXX-7611,53,108898,C,3041
106612,Customer_6612,cust6612@masked.com,+XXX-XXX-7612,29,106036,D,3104
106613,Customer_6613,cust6613@masked.com,+XXX-XXX-7613,49,151087,E,3026
106614,Customer_6614,cust6614@masked.com,+XXX-XXX-7614,35,35986,C,3057
106615,Customer_6615,cust6615@masked.com,+XXX-XXX-7615,38,22345,A,3045
106616,Customer_6616,cust6616@masked.com,+XXX-XXX-7616,38,28450,E,3065
106617,Customer_6617,cust6617@masked.com,+XXX-XXX-7617,27,166421,C,3024
106618,Customer_6618,cust6618@masked.com,+XXX-XXX-7618,34,86599,B,3072
106619,Customer_6619,cust6619@masked.com,+XXX-XXX-7619,49,36659,A,3116
106620,Customer_6620,cust6620@masked.com,+XXX-XXX-7620,39,63751,A,3128
106621,Customer_6621,cust6621@masked.com,+XXX-XXX-7621,25,172378,A,3086
106622,Customer_6622,cust6622@masked.com,+XXX-XXX-7622,61,100476,A,3073
106623,Customer_6623,cust6623@masked.com,+XXX-XXX-7623,65,89118,D,3124
106624,Customer_6624,cust6624@masked.com,+XXX-XXX-7624,25,28066,C,3066
106625,Customer_6625,cust6625@masked.com,+XXX-XXX-7625,35,177204,C,3005
106626,Customer_6626,cust6626@masked.com,+XXX-XXX-7626,46,98772,D,3124
106627,Customer_6627,cust6627@masked.com,+XXX-XXX-7627,44,86015,D,3057
106628,Customer_6628,cust6628@masked.com,+XXX-XXX-7628,39,171965,D,3069
106629,Customer_6629,cust6629@masked.com,+XXX-XXX-7629,40,113706,E,3052
106630,Customer_6630,cust6630@masked.com,+XXX-XXX-7630,63,164792,B,3065
106631,Customer_6631,cust6631@masked.com,+XXX-XXX-7631,29,133713,E,3057
106632,Customer_6632,cust6632@masked.com,+XXX-XXX-7632,48,47400,C,3081
106633,Customer_6633,cust6633@masked.com,+XXX-XXX-7633,36,104012,A,3086
106634,Customer_6634,cust6634@masked.com,+XXX-XXX-7634,31,135517,C,3001
106635,Customer_6635,cust6635@masked.com,+XXX-XXX-7635,54,180018,C,3149
106636,Customer_6636,cust6636@masked.com,+XXX-XXX-7636,45,46510,D,3036
106637,Customer_6637,cust6637@masked.com,+XXX-XXX-7637,60,199234,B,3147
106638,Customer_6638,cust6638@masked.com,+XXX-XXX-7638,41,181271,C,3102
106639,Customer_6639,cust6639@masked.com,+XXX-XXX-7639,25,175111,A,3023
106640,Customer_6640,cust6640@masked.com,+XXX-XXX-7640,31,137388,B,3111
106641,Customer_6641,cust6641@masked.com,+XXX-XXX-7641,63,126639,A,3064
106642,Customer_6642,cust6642@masked.com,+XXX-XXX-7642,29,139618,C,3128
106643,Customer_6643,cust6643@masked.com,+XXX-XXX-7643,31,39188,D,3116
106644,Customer_6644,cust6644@masked.com,+XXX-XXX-7644,57,128382,A,3115
106645,Customer_6645,cust6645@masked.com,+XXX-XXX-7645,61,27990,C,3104
106646,Customer_6646,cust6646@masked.com,+XXX-XXX-7646,21,141024,A,3002
106647,Customer_6647,cust6647@masked.com,+XXX-XXX-7647,46,160047,A,3045
106648,Customer_6648,cust6648@masked.com,+XXX-XXX-7648,30,140704,C,3054
106649,Customer_6649,cust6649@masked.com,+XXX-XXX-7649,60,24273,A,3074
106650,Customer_6650,cust6650@masked.com,+XXX-XXX-7650,39,91997,C,3044
106651,Customer_6651,cust6651@masked.com,+XXX-XXX-7651,36,60326,A,3076
106652,Customer_6652,cust6652@masked.com,+XXX-XXX-7652,65,71350,A,3023
106653,Customer_6653,cust6653@masked.com,+XXX-XXX-7653,57,113630,C,3034
106654,Customer_6654,cust6654@masked.com,+XXX-XXX-7654,61,159804,C,3023
106655,Customer_6655,cust6655@masked.com,+XXX-XXX-7655,24,92911,A,3027
106656,Customer_6656,cust6656@masked.com,+XXX-XXX-7656,34,33660,C,3015
106657,Customer_6657,cust6657@masked.com,+XXX-XXX-7657,50,145189,D,3058
106658,Customer_6658,cust6658@masked.com,+XXX-XXX-7658,27,175345,C,3143
106659,Customer_6659,cust6659@masked.com,+XXX-XXX-7659,32,75020,A,3014
106660,Customer_6660,cust6660@masked.com,+XXX-XXX-7660,44,177431,C,3010
106661,Customer_6661,cust6661@masked.com,+XXX-XXX-7661,59,128223,C,3078
106662,Customer_6662,cust6662@masked.com,+XXX-XXX-7662,63,166979,A,3114
106663,Customer_6663,cust6663@masked.com,+XXX-XXX-7663,42,119731,D,3067
106664,Customer_6664,cust6664@masked.com,+XXX-XXX-7664,67,105430,D,3042
106665,Customer_6665,cust6665@masked.com,+XXX-XXX-7665,50,149060,D,3068
106666,Customer_6666,cust6666@masked.com,+XXX-XXX-7666,59,119941,D,3140
106667,Customer_6667,cust6667@masked.com,+XXX-XXX-7667,40,139264,C,3137
106668,Customer_6668,cust6668@masked.com,+XXX-XXX-7668,46,170852,C,3074
106669,Customer_6669,cust6669@masked.com,+XXX-XXX-7669,69,24677,C,3102
106670,Customer_6670,cust6670@masked.com,+XXX-XXX-7670,25,140213,D,3040
106671,Customer_6671,cust6671@masked.com,+XXX-XXX-7671,60,66548,C,3058
106672,Customer_6672,cust6672@masked.com,+XXX-XXX-7672,62,27122,B,3038
106673,Customer_6673,cust6673@masked.com,+XXX-XXX-7673,26,70794,B,3002
106674,Customer_6674,cust6674@masked.com,+XXX-XXX-7674,54,152366,D,3006
106675,Customer_6675,cust6675@masked.com,+XXX-XXX-7675,25,132993,A,3048
106676,Customer_6676,cust6676@masked.com,+XXX-XXX-7676,30,68070,C,3025
106677,Customer_6677,cust6677@masked.com,+XXX-XXX-7677,48,191627,E,3100
106678,Customer_6678,cust6678@masked.com,+XXX-XXX-7678,23,159627,C,3078
106679,Customer_6679,cust6679@masked.com,+XXX-XXX-7679,33,22116,E,3001
106680,Customer_6680,cust6680@masked.com,+XXX-XXX-7680,68,161619,C,3126
106681,Customer_6681,cust6681@masked.com,+XXX-XXX-7681,67,163782,A,3131
106682,Customer_6682,cust6682@masked.com,+XXX-XXX-7682,22,149242,D,3019
106683,Customer_6683,cust6683@masked.com,+XXX-XXX-7683,55,58807,B,3116
106684,Customer_6684,cust6684@masked.com,+XXX-XXX-7684,67,125704,B,3031
106685,Customer_6685,cust6685@masked.com,+XXX-XXX-7685,48,191708,B,3027
106686,Customer_6686,cust6686@masked.com,+XXX-XXX-7686,57,51086,B,3076
106687,Customer_6687,cust6687@masked.com,+XXX-XXX-7687,43,116091,B,3000
106688,Customer_6688,cust6688@masked.com,+XXX-XXX-7688,63,55310,B,3055
106689,Customer_6689,cust6689@masked.com,+XXX-XXX-7689,43,59488,C,3034
106690,Customer_6690,cust6690@masked.com,+XXX-XXX-7690,55,73172,D,3111
106691,Customer_6691,cust6691@masked.com,+XXX-XXX-7691,61,21172,B,3029
106692,Customer_6692,cust6692@masked.com,+XXX-XXX-7692,59,144664,A,3053
106693,Customer_6693,cust6693@masked.com,+XXX-XXX-7693,52,59806,C,3035
106694,Customer_6694,cust6694@masked.com,+XXX-XXX-7694,22,107515,C,3079
106695,Customer_6695,cust6695@masked.com,+XXX-XXX-7695,67,73826,D,3057
106696,Customer_6696,cust6696@masked.com,+XXX-XXX-7696,64,100221,A,3082
106697,Customer_6697,cust6697@masked.com,+XXX-XXX-7697,68,179616,D,3064
106698,Customer_6698,cust6698@masked.com,+XXX-XXX-7698,36,142426,C,3068
106699,Customer_6699,cust6699@masked.com,+XXX-XXX-7699,36,46738,C,3127
106700,Customer_6700,cust6700@masked.com,+XXX-XXX-7700,23,194707,A,3050
106701,Customer_6701,cust6701@masked.com,+XXX-XXX-7701,48,147212,B,3021
106702,Customer_6702,cust6702@masked.com,+XXX-XXX-7702,49,177742,B,3106
106703,Customer_6703,cust6703@masked.com,+XXX-XXX-7703,40,134284,B,3108
106704,Customer_6704,cust6704@masked.com,+XXX-XXX-7704,56,79665,C,3115
106705,Customer_6705,cust6705@masked.com,+XXX-XXX-7705,53,44688,D,3100
106706,Customer_6706,cust6706@masked.com,+XXX-XXX-7706,42,136003,C,3099
106707,Customer_6707,cust6707@masked.com,+XXX-XXX-7707,28,178011,C,3067
106708,Customer_6708,cust6708@masked.com,+XXX-XXX-7708,67,72385,C,3035
106709,Customer_6709,cust6709@masked.com,+XXX-XXX-7709,44,134738,B,3145
106710,Customer_6710,cust6710@masked.com,+XXX-XXX-7710,57,101301,E,3021
106711,Customer_6711,cust6711@masked.com,+XXX-XXX-7711,40,151215,C,3065
106712,Customer_6712,cust6712@masked.com,+XXX-XXX-7712,32,72839,B,3020
106713,Customer_6713,cust6713@masked.com,+XXX-XXX-7713,40,91337,B,3099
106714,Customer_6714,cust6714@masked.com,+XXX-XXX-7714,40,178223,C,3127
106715,Customer_6715,cust6715@masked.com,+XXX-XXX-7715,24,107172,C,3043
106716,Customer_6716,cust6716@masked.com,+XXX-XXX-7716,50,175607,A,3102
106717,Customer_6717,cust6717@masked.com,+XXX-XXX-7717,51,117821,D,3046
106718,Customer_6718,cust6718@masked.com,+XXX-XXX-7718,42,62980,C,3038
106719,Customer_6719,cust6719@masked.com,+XXX-XXX-7719,35,28116,C,3028
106720,Customer_6720,cust6720@masked.com,+XXX-XXX-7720,58,67515,A,3053
106721,Customer_6721,cust6721@masked.com,+XXX-XXX-7721,57,33998,B,3089
106722,Customer_6722,cust6722@masked.com,+XXX-XXX-7722,48,50279,E,3084
106723,Customer_6723,cust6723@masked.com,+XXX-XXX-7723,31,127370,D,3016
106724,Customer_6724,cust6724@masked.com,+XXX-XXX-7724,34,85150,B,3079
106725,Customer_6725,cust6725@masked.com,+XXX-XXX-7725,31,73955,A,3072
106726,Customer_6726,cust6726@masked.com,+XXX-XXX-7726,29,118517,B,3048
106727,Customer_6727,cust6727@masked.com,+XXX-XXX-7727,44,165977,B,3100
106728,Customer_6728,cust6728@masked.com,+XXX-XXX-7728,30,32300,C,3001
106729,Customer_6729,cust6729@masked.com,+XXX-XXX-7729,58,141254,E,3141
106730,Customer_6730,cust6730@masked.com,+XXX-XXX-7730,63,38202,B,3058
106731,Customer_6731,cust6731@masked.com,+XXX-XXX-7731,61,86021,A,3096
106732,Customer_6732,cust6732@masked.com,+XXX-XXX-7732,57,125848,D,3098
106733,Customer_6733,cust6733@masked.com,+XXX-XXX-7733,62,104935,A,3102
106734,Customer_6734,cust6734@masked.com,+XXX-XXX-7734,52,130219,E,3001
106735,Customer_6735,cust6735@masked.com,+XXX-XXX-7735,40,187319,C,3040
106736,Customer_6736,cust6736@masked.com,+XXX-XXX-7736,34,158001,E,3122
106737,Customer_6737,cust6737@masked.com,+XXX-XXX-7737,58,65174,A,3081
106738,Customer_6738,cust6738@masked.com,+XXX-XXX-7738,24,179675,A,3143
106739,Customer_6739,cust6739@masked.com,+XXX-XXX-7739,44,65967,B,3131
106740,Customer_6740,cust6740@masked.com,+XXX-XXX-7740,52,139904,B,3139
106741,Customer_6741,cust6741@masked.com,+XXX-XXX-7741,30,24937,B,3028
106742,Customer_6742,cust6742@masked.com,+XXX-XXX-7742,63,118967,E,3134
106743,Customer_6743,cust6743@masked.com,+XXX-XXX-7743,36,98610,D,3013
106744,Customer_6744,cust6744@masked.com,+XXX-XXX-7744,59,149960,C,3011
106745,Customer_6745,cust6745@masked.com,+XXX-XXX-7745,52,43070,A,3098
106746,Customer_6746,cust6746@masked.com,+XXX-XXX-7746,38,162548,C,3132
106747,Customer_6747,cust6747@masked.com,+XXX-XXX-7747,45,105263,C,3080
106748,Customer_6748,cust6748@masked.com,+XXX-XXX-7748,27,124854,B,3105
106749,Customer_6749,cust6749@masked.com,+XXX-XXX-7749,67,136813,E,3031
106750,Customer_6750,cust6750@masked.com,+XXX-XXX-7750,38,132168,A,3073
106751,Customer_6751,cust6751@masked.com,+XXX-XXX-7751,67,169411,B,3080
106752,Customer_6752,cust6752@masked.com,+XXX-XXX-7752,38,42539,A,3068
106753,Customer_6753,cust6753@masked.com,+XXX-XXX-7753,23,20228,D,3044
106754,Customer_6754,cust6754@masked.com,+XXX-XXX-7754,21,74090,C,3105
106755,Customer_6755,cust6755@masked.com,+XXX-XXX-7755,53,106980,B,3136
106756,Customer_6756,cust6756@masked.com,+XXX-XXX-7756,27,85202,A,3099
106757,Customer_6757,cust6757@masked.com,+XXX-XXX-7757,30,43199,A,3145
106758,Customer_6758,cust6758@masked.com,+XXX-XXX-7758,64,121190,A,3008
106759,Customer_6759,cust6759@masked.com,+XXX-XXX-7759,28,32451,B,3061
106760,Customer_6760,cust6760@masked.com,+XXX-XXX-7760,52,99527,B,3028
106761,Customer_6761,cust6761@masked.com,+XXX-XXX-7761,43,32669,B,3124
106762,Customer_6762,cust6762@masked.com,+XXX-XXX-7762,37,175061,D,3113
106763,Customer_6763,cust6763@masked.com,+XXX-XXX-7763,34,104739,C,3142
106764,Customer_6764,cust6764@masked.com,+XXX-XXX-7764,37,127582,C,3133
106765,Customer_6765,cust6765@masked.com,+XXX-XXX-7765,45,185833,A,3119
106766,Customer_6766,cust6766@masked.com,+XXX-XXX-7766,41,186885,B,3078
106767,Customer_6767,cust6767@masked.com,+XXX-XXX-7767,26,36157,B,3092
106768,Customer_6768,cust6768@masked.com,+XXX-XXX-7768,40,137993,A,3003
106769,Customer_6769,cust6769@masked.com,+XXX-XXX-7769,69,105519,A,3081
106770,Customer_6770,cust6770@masked.com,+XXX-XXX-7770,40,72739,D,3074
106771,Customer_6771,cust6771@masked.com,+XXX-XXX-7771,46,84156,E,3013
106772,Customer_6772,cust6772@masked.com,+XXX-XXX-7772,52,108283,A,3130
106773,Customer_6773,cust6773@masked.com,+XXX-XXX-7773,28,51626,B,3113
106774,Customer_6774,cust6774@masked.com,+XXX-XXX-7774,65,155531,E,3061
106775,Customer_6775,cust6775@masked.com,+XXX-XXX-7775,68,90623,A,3105
106776,Customer_6776,cust6776@masked.com,+XXX-XXX-7776,64,34898,C,3063
106777,Customer_6777,cust6777@masked.com,+XXX-XXX-7777,49,61001,E,3101
106778,Customer_6778,cust6778@masked.com,+XXX-XXX-7778,37,34758,E,3105
106779,Customer_6779,cust6779@masked.com,+XXX-XXX-7779,38,198310,B,3019
106780,Customer_6780,cust6780@masked.com,+XXX-XXX-7780,60,166193,A,3057
106781,Customer_6781,cust6781@masked.com,+XXX-XXX-7781,38,197342,A,3111
106782,Customer_6782,cust6782@masked.com,+XXX-XXX-7782,31,198923,D,3056
106783,Customer_6783,cust6783@masked.com,+XXX-XXX-7783,65,199987,D,3118
106784,Customer_6784,cust6784@masked.com,+XXX-XXX-7784,32,68993,C,3096
106785,Customer_6785,cust6785@masked.com,+XXX-XXX-7785,35,54888,D,3091
106786,Customer_6786,cust6786@masked.com,+XXX-XXX-7786,46,33893,C,3051
106787,Customer_6787,cust6787@masked.com,+XXX-XXX-7787,23,106416,C,3036
106788,Customer_6788,cust6788@masked.com,+XXX-XXX-7788,23,137838,D,3007
106789,Customer_6789,cust6789@masked.com,+XXX-XXX-7789,58,182784,C,3043
106790,Customer_6790,cust6790@masked.com,+XXX-XXX-7790,55,49943,C,3097
106791,Customer_6791,cust6791@masked.com,+XXX-XXX-7791,29,25306,B,3132
106792,Customer_6792,cust6792@masked.com,+XXX-XXX-7792,63,85461,C,3117
106793,Customer_6793,cust6793@masked.com,+XXX-XXX-7793,60,136521,B,3068
106794,Customer_6794,cust6794@masked.com,+XXX-XXX-7794,24,175179,B,3044
106795,Customer_6795,cust6795@masked.com,+XXX-XXX-7795,40,161781,D,3136
106796,Customer_6796,cust6796@masked.com,+XXX-XXX-7796,35,118017,C,3031
106797,Customer_6797,cust6797@masked.com,+XXX-XXX-7797,49,165986,E,3032
106798,Customer_6798,cust6798@masked.com,+XXX-XXX-7798,25,116711,A,3125
106799,Customer_6799,cust6799@masked.com,+XXX-XXX-7799,59,150323,C,3066
106800,Customer_6800,cust6800@masked.com,+XXX-XXX-7800,60,48412,B,3029
106801,Customer_6801,cust6801@masked.com,+XXX-XXX-7801,27,85326,D,3113
106802,Customer_6802,cust6802@masked.com,+XXX-XXX-7802,28,36151,A,3028
106803,Customer_6803,cust6803@masked.com,+XXX-XXX-7803,52,84690,C,3130
106804,Customer_6804,cust6804@masked.com,+XXX-XXX-7804,56,156081,D,3029
106805,Customer_6805,cust6805@masked.com,+XXX-XXX-7805,53,105782,B,3136
106806,Customer_6806,cust6806@masked.com,+XXX-XXX-7806,57,69280,E,3129
106807,Customer_6807,cust6807@masked.com,+XXX-XXX-7807,52,81818,D,3061
106808,Customer_6808,cust6808@masked.com,+XXX-XXX-7808,63,152417,B,3002
106809,Customer_6809,cust6809@masked.com,+XXX-XXX-7809,56,147439,A,3067
106810,Customer_6810,cust6810@masked.com,+XXX-XXX-7810,54,142057,B,3024
106811,Customer_6811,cust6811@masked.com,+XXX-XXX-7811,69,59900,B,3140
106812,Customer_6812,cust6812@masked.com,+XXX-XXX-7812,45,106562,D,3043
106813,Customer_6813,cust6813@masked.com,+XXX-XXX-7813,64,49289,E,3054
106814,Customer_6814,cust6814@masked.com,+XXX-XXX-7814,52,180504,A,3136
106815,Customer_6815,cust6815@masked.com,+XXX-XXX-7815,22,105143,B,3129
106816,Customer_6816,cust6816@masked.com,+XXX-XXX-7816,29,84140,C,3040
106817,Customer_6817,cust6817@masked.com,+XXX-XXX-7817,58,170932,A,3063
106818,Customer_6818,cust6818@masked.com,+XXX-XXX-7818,49,25097,B,3030
106819,Customer_6819,cust6819@masked.com,+XXX-XXX-7819,58,178186,B,3046
106820,Customer_6820,cust6820@masked.com,+XXX-XXX-7820,38,164545,C,3129
106821,Customer_6821,cust6821@masked.com,+XXX-XXX-7821,42,83634,C,3095
106822,Customer_6822,cust6822@masked.com,+XXX-XXX-7822,55,127931,C,3076
106823,Customer_6823,cust6823@masked.com,+XXX-XXX-7823,35,44831,A,3109
106824,Customer_6824,cust6824@masked.com,+XXX-XXX-7824,27,173178,D,3068
106825,Customer_6825,cust6825@masked.com,+XXX-XXX-7825,33,96145,C,3057
106826,Customer_6826,cust6826@masked.com,+XXX-XXX-7826,62,90282,D,3105
106827,Customer_6827,cust6827@masked.com,+XXX-XXX-7827,56,181456,B,3043
106828,Customer_6828,cust6828@masked.com,+XXX-XXX-7828,36,82754,D,3073
106829,Customer_6829,cust6829@masked.com,+XXX-XXX-7829,61,72563,D,3055
106830,Customer_6830,cust6830@masked.com,+XXX-XXX-7830,41,36459,B,3126
106831,Customer_6831,cust6831@masked.com,+XXX-XXX-7831,48,51288,B,3029
106832,Customer_6832,cust6832@masked.com,+XXX-XXX-7832,30,187451,E,3070
106833,Customer_6833,cust6833@masked.com,+XXX-XXX-7833,39,143384,C,3117
106834,Customer_6834,cust6834@masked.com,+XXX-XXX-7834,37,95720,E,3054
106835,Customer_6835,cust6835@masked.com,+XXX-XXX-7835,21,164021,D,3066
106836,Customer_6836,cust6836@masked.com,+XXX-XXX-7836,33,123415,C,3140
106837,Customer_6837,cust6837@masked.com,+XXX-XXX-7837,56,195410,A,3002
106838,Customer_6838,cust6838@masked.com,+XXX-XXX-7838,67,91655,B,3025
106839,Customer_6839,cust6839@masked.com,+XXX-XXX-7839,62,55162,E,3056
106840,Customer_6840,cust6840@masked.com,+XXX-XXX-7840,40,54184,B,3125
106841,Customer_6841,cust6841@masked.com,+XXX-XXX-7841,61,82662,A,3052
106842,Customer_6842,cust6842@masked.com,+XXX-XXX-7842,60,93379,C,3042
106843,Customer_6843,cust6843@masked.com,+XXX-XXX-7843,26,46805,C,3048
106844,Customer_6844,cust6844@masked.com,+XXX-XXX-7844,43,28431,B,3041
106845,Customer_6845,cust6845@masked.com,+XXX-XXX-7845,62,140741,B,3010
106846,Customer_6846,cust6846@masked.com,+XXX-XXX-7846,44,149089,B,3102
106847,Customer_6847,cust6847@masked.com,+XXX-XXX-7847,69,124618,A,3097
106848,Customer_6848,cust6848@masked.com,+XXX-XXX-7848,25,48836,D,3145
106849,Customer_6849,cust6849@masked.com,+XXX-XXX-7849,52,122462,B,3084
106850,Customer_6850,cust6850@masked.com,+XXX-XXX-7850,66,24146,D,3099
106851,Customer_6851,cust6851@masked.com,+XXX-XXX-7851,37,50762,D,3103
106852,Customer_6852,cust6852@masked.com,+XXX-XXX-7852,31,130402,C,3045
106853,Customer_6853,cust6853@masked.com,+XXX-XXX-7853,47,195042,B,3043
106854,Customer_6854,cust6854@masked.com,+XXX-XXX-7854,24,90976,C,3021
106855,Customer_6855,cust6855@masked.com,+XXX-XXX-7855,43,68343,B,3113
106856,Customer_6856,cust6856@masked.com,+XXX-XXX-7856,43,97804,B,3124
106857,Customer_6857,cust6857@masked.com,+XXX-XXX-7857,69,176862,D,3123
106858,Customer_6858,cust6858@masked.com,+XXX-XXX-7858,54,171017,B,3029
106859,Customer_6859,cust6859@masked.com,+XXX-XXX-7859,41,140921,D,3007
106860,Customer_6860,cust6860@masked.com,+XXX-XXX-7860,42,172997,A,3097
106861,Customer_6861,cust6861@masked.com,+XXX-XXX-7861,21,158730,A,3056
106862,Customer_6862,cust6862@masked.com,+XXX-XXX-7862,52,45191,E,3110
106863,Customer_6863,cust6863@masked.com,+XXX-XXX-7863,48,57426,C,3072
106864,Customer_6864,cust6864@masked.com,+XXX-XXX-7864,38,29322,C,3114
106865,Customer_6865,cust6865@masked.com,+XXX-XXX-7865,27,42014,C,3019
106866,Customer_6866,cust6866@masked.com,+XXX-XXX-7866,58,90891,A,3024
106867,Customer_6867,cust6867@masked.com,+XXX-XXX-7867,26,126316,C,3018
106868,Customer_6868,cust6868@masked.com,+XXX-XXX-7868,34,40835,A,3004
106869,Customer_6869,cust6869@masked.com,+XXX-XXX-7869,50,120968,C,3074
106870,Customer_6870,cust6870@masked.com,+XXX-XXX-7870,64,123166,C,3127
106871,Customer_6871,cust6871@masked.com,+XXX-XXX-7871,66,110415,D,3071
106872,Customer_6872,cust6872@masked.com,+XXX-XXX-7872,34,196011,C,3039
106873,Customer_6873,cust6873@masked.com,+XXX-XXX-7873,64,150579,A,3025
106874,Customer_6874,cust6874@masked.com,+XXX-XXX-7874,61,30086,C,3026
106875,Customer_6875,cust6875@masked.com,+XXX-XXX-7875,29,185355,A,3082
106876,Customer_6876,cust6876@masked.com,+XXX-XXX-7876,51,86119,A,3127
106877,Customer_6877,cust6877@masked.com,+XXX-XXX-7877,22,51860,A,3032
106878,Customer_6878,cust6878@masked.com,+XXX-XXX-7878,38,143246,C,3096
106879,Customer_6879,cust6879@masked.com,+XXX-XXX-7879,25,177694,A,3110
106880,Customer_6880,cust6880@masked.com,+XXX-XXX-7880,46,69271,B,3015
106881,Customer_6881,cust6881@masked.com,+XXX-XXX-7881,43,72436,E,3022
106882,Customer_6882,cust6882@masked.com,+XXX-XXX-7882,32,60676,C,3134
106883,Customer_6883,cust6883@masked.com,+XXX-XXX-7883,34,72406,A,3025
106884,Customer_6884,cust6884@masked.com,+XXX-XXX-7884,33,83109,B,3095
106885,Customer_6885,cust6885@masked.com,+XXX-XXX-7885,55,150386,C,3011
106886,Customer_6886,cust6886@masked.com,+XXX-XXX-7886,67,181245,D,3071
106887,Customer_6887,cust6887@masked.com,+XXX-XXX-7887,35,130061,A,3132
106888,Customer_6888,cust6888@masked.com,+XXX-XXX-7888,55,155531,D,3105
106889,Customer_6889,cust6889@masked.com,+XXX-XXX-7889,39,107485,C,3116
106890,Customer_6890,cust6890@masked.com,+XXX-XXX-7890,35,186371,C,3025
106891,Customer_6891,cust6891@masked.com,+XXX-XXX-7891,28,136631,E,3132
106892,Customer_6892,cust6892@masked.com,+XXX-XXX-7892,43,137984,C,3021
106893,Customer_6893,cust6893@masked.com,+XXX-XXX-7893,33,74428,D,3012
106894,Customer_6894,cust6894@masked.com,+XXX-XXX-7894,43,74877,B,3106
106895,Customer_6895,cust6895@masked.com,+XXX-XXX-7895,51,179459,C,3022
106896,Customer_6896,cust6896@masked.com,+XXX-XXX-7896,50,51084,C,3096
106897,Customer_6897,cust6897@masked.com,+XXX-XXX-7897,62,151973,B,3017
106898,Customer_6898,cust6898@masked.com,+XXX-XXX-7898,22,181977,C,3116
106899,Customer_6899,cust6899@masked.com,+XXX-XXX-7899,31,58733,B,3029
106900,Customer_6900,cust6900@masked.com,+XXX-XXX-7900,45,121560,A,3025
106901,Customer_6901,cust6901@masked.com,+XXX-XXX-7901,49,123810,B,3143
106902,Customer_6902,cust6902@masked.com,+XXX-XXX-7902,42,182071,C,3038
106903,Customer_6903,cust6903@masked.com,+XXX-XXX-7903,39,130482,D,3129
106904,Customer_6904,cust6904@masked.com,+XXX-XXX-7904,29,138241,B,3112
106905,Customer_6905,cust6905@masked.com,+XXX-XXX-7905,61,152765,C,3133
106906,Customer_6906,cust6906@masked.com,+XXX-XXX-7906,58,149612,A,3045
106907,Customer_6907,cust6907@masked.com,+XXX-XXX-7907,49,185969,D,3049
106908,Customer_6908,cust6908@masked.com,+XXX-XXX-7908,30,56779,C,3105
106909,Customer_6909,cust6909@masked.com,+XXX-XXX-7909,42,137940,D,3145
106910,Customer_6910,cust6910@masked.com,+XXX-XXX-7910,44,21365,D,3071
106911,Customer_6911,cust6911@masked.com,+XXX-XXX-7911,28,159459,B,3073
106912,Customer_6912,cust6912@masked.com,+XXX-XXX-7912,67,52918,C,3016
106913,Customer_6913,cust6913@masked.com,+XXX-XXX-7913,26,156252,E,3069
106914,Customer_6914,cust6914@masked.com,+XXX-XXX-7914,27,50342,A,3149
106915,Customer_6915,cust6915@masked.com,+XXX-XXX-7915,40,139211,C,3005
106916,Customer_6916,cust6916@masked.com,+XXX-XXX-7916,37,118634,E,3025
106917,Customer_6917,cust6917@masked.com,+XXX-XXX-7917,56,72476,B,3139
106918,Customer_6918,cust6918@masked.com,+XXX-XXX-7918,28,143769,D,3098
106919,Customer_6919,cust6919@masked.com,+XXX-XXX-7919,33,64649,E,3141
106920,Customer_6920,cust6920@masked.com,+XXX-XXX-7920,44,139137,C,3021
106921,Customer_6921,cust6921@masked.com,+XXX-XXX-7921,66,63908,B,3050
106922,Customer_6922,cust6922@masked.com,+XXX-XXX-7922,51,178889,B,3103
106923,Customer_6923,cust6923@masked.com,+XXX-XXX-7923,43,96123,A,3088
106924,Customer_6924,cust6924@masked.com,+XXX-XXX-7924,37,54812,D,3140
106925,Customer_6925,cust6925@masked.com,+XXX-XXX-7925,66,58413,D,3137
106926,Customer_6926,cust6926@masked.com,+XXX-XXX-7926,44,171055,C,3008
106927,Customer_6927,cust6927@masked.com,+XXX-XXX-7927,63,174497,B,3078
106928,Customer_6928,cust6928@masked.com,+XXX-XXX-7928,30,156082,A,3051
106929,Customer_6929,cust6929@masked.com,+XXX-XXX-7929,51,73142,D,3129
106930,Customer_6930,cust6930@masked.com,+XXX-XXX-7930,65,107565,C,3012
106931,Customer_6931,cust6931@masked.com,+XXX-XXX-7931,40,64974,D,3050
106932,Customer_6932,cust6932@masked.com,+XXX-XXX-7932,36,198418,C,3033
106933,Customer_6933,cust6933@masked.com,+XXX-XXX-7933,34,101726,D,3034
106934,Customer_6934,cust6934@masked.com,+XXX-XXX-7934,23,129166,C,3130
106935,Customer_6935,cust6935@masked.com,+XXX-XXX-7935,50,169031,C,3119
106936,Customer_6936,cust6936@masked.com,+XXX-XXX-7936,38,22213,B,3069
106937,Customer_6937,cust6937@masked.com,+XXX-XXX-7937,26,160927,D,3146
106938,Customer_6938,cust6938@masked.com,+XXX-XXX-7938,40,94091,C,3066
106939,Customer_6939,cust6939@masked.com,+XXX-XXX-7939,55,199351,B,3102
106940,Customer_6940,cust6940@masked.com,+XXX-XXX-7940,39,25544,A,3072
106941,Customer_6941,cust6941@masked.com,+XXX-XXX-7941,46,41137,B,3115
106942,Customer_6942,cust6942@masked.com,+XXX-XXX-7942,55,91124,C,3132
106943,Customer_6943,cust6943@masked.com,+XXX-XXX-7943,32,146361,B,3066
106944,Customer_6944,cust6944@masked.com,+XXX-XXX-7944,28,59426,B,3138
106945,Customer_6945,cust6945@masked.com,+XXX-XXX-7945,57,84588,C,3120
106946,Customer_6946,cust6946@masked.com,+XXX-XXX-7946,69,155899,A,3093
106947,Customer_6947,cust6947@masked.com,+XXX-XXX-7947,30,113069,D,3128
106948,Customer_6948,cust6948@masked.com,+XXX-XXX-7948,41,189978,B,3090
106949,Customer_6949,cust6949@masked.com,+XXX-XXX-7949,69,97184,C,3091
106950,Customer_6950,cust6950@masked.com,+XXX-XXX-7950,61,189819,A,3062
106951,Customer_6951,cust6951@masked.com,+XXX-XXX-7951,65,35738,B,3028
106952,Customer_6952,cust6952@masked.com,+XXX-XXX-7952,62,99075,B,3011
106953,Customer_6953,cust6953@masked.com,+XXX-XXX-7953,49,30357,D,3076
106954,Customer_6954,cust6954@masked.com,+XXX-XXX-7954,51,189127,D,3040
106955,Customer_6955,cust6955@masked.com,+XXX-XXX-7955,60,63779,B,3129
106956,Customer_6956,cust6956@masked.com,+XXX-XXX-7956,27,199105,C,3036
106957,Customer_6957,cust6957@masked.com,+XXX-XXX-7957,54,79072,B,3023
106958,Customer_6958,cust6958@masked.com,+XXX-XXX-7958,54,127191,E,3098
106959,Customer_6959,cust6959@masked.com,+XXX-XXX-7959,50,24617,E,3149
106960,Customer_6960,cust6960@masked.com,+XXX-XXX-7960,24,148326,C,3099
106961,Customer_6961,cust6961@masked.com,+XXX-XXX-7961,61,62342,C,3138
106962,Customer_6962,cust6962@masked.com,+XXX-XXX-7962,50,30687,D,3057
106963,Customer_6963,cust6963@masked.com,+XXX-XXX-7963,45,157868,C,3028
106964,Customer_6964,cust6964@masked.com,+XXX-XXX-7964,34,79191,C,3142
106965,Customer_6965,cust6965@masked.com,+XXX-XXX-7965,44,59801,E,3059
106966,Customer_6966,cust6966@masked.com,+XXX-XXX-7966,63,26747,C,3094
106967,Customer_6967,cust6967@masked.com,+XXX-XXX-7967,51,27936,C,3041
106968,Customer_6968,cust6968@masked.com,+XXX-XXX-7968,59,183365,D,3042
106969,Customer_6969,cust6969@masked.com,+XXX-XXX-7969,48,102678,C,3073
106970,Customer_6970,cust6970@masked.com,+XXX-XXX-7970,45,135129,C,3063
106971,Customer_6971,cust6971@masked.com,+XXX-XXX-7971,39,163768,B,3001
106972,Customer_6972,cust6972@masked.com,+XXX-XXX-7972,24,33097,B,3065
106973,Customer_6973,cust6973@masked.com,+XXX-XXX-7973,54,157300,A,3030
106974,Customer_6974,cust6974@masked.com,+XXX-XXX-7974,52,80832,C,3114
106975,Customer_6975,cust6975@masked.com,+XXX-XXX-7975,45,199128,B,3025
106976,Customer_6976,cust6976@masked.com,+XXX-XXX-7976,42,76868,E,3028
106977,Customer_6977,cust6977@masked.com,+XXX-XXX-7977,48,34141,C,3077
106978,Customer_6978,cust6978@masked.com,+XXX-XXX-7978,38,131133,D,3024
106979,Customer_6979,cust6979@masked.com,+XXX-XXX-7979,27,184030,B,3047
106980,Customer_6980,cust6980@masked.com,+XXX-XXX-7980,31,87409,D,3064
106981,Customer_6981,cust6981@masked.com,+XXX-XXX-7981,62,159030,C,3066
106982,Customer_6982,cust6982@masked.com,+XXX-XXX-7982,31,27489,C,3089
106983,Customer_6983,cust6983@masked.com,+XXX-XXX-7983,29,175905,B,3145
106984,Customer_6984,cust6984@masked.com,+XXX-XXX-7984,55,159418,C,3136
106985,Customer_6985,cust6985@masked.com,+XXX-XXX-7985,57,145871,C,3037
106986,Customer_6986,cust6986@masked.com,+XXX-XXX-7986,43,189446,C,3086
106987,Customer_6987,cust6987@masked.com,+XXX-XXX-7987,53,196125,D,3148
106988,Customer_6988,cust6988@masked.com,+XXX-XXX-7988,21,63235,D,3064
106989,Customer_6989,cust6989@masked.com,+XXX-XXX-7989,40,59428,E,3148
106990,Customer_6990,cust6990@masked.com,+XXX-XXX-7990,25,149664,C,3026
106991,Customer_6991,cust6991@masked.com,+XXX-XXX-7991,49,130665,E,3105
106992,Customer_6992,cust6992@masked.com,+XXX-XXX-7992,46,38796,D,3122
106993,Customer_6993,cust6993@masked.com,+XXX-XXX-7993,58,198638,B,3043
106994,Customer_6994,cust6994@masked.com,+XXX-XXX-7994,23,75776,B,3099
106995,Customer_6995,cust6995@masked.com,+XXX-XXX-7995,41,136429,B,3027
106996,Customer_6996,cust6996@masked.com,+XXX-XXX-7996,33,88696,A,3016
106997,Customer_6997,cust6997@masked.com,+XXX-XXX-7997,51,179253,A,3126
106998,Customer_6998,cust6998@masked.com,+XXX-XXX-7998,37,154443,A,3122
106999,Customer_6999,cust6999@masked.com,+XXX-XXX-7999,55,79435,C,3130
107000,Customer_7000,cust7000@masked.com,+XXX-XXX-8000,43,62020,B,3075
107001,Customer_7001,cust7001@masked.com,+XXX-XXX-8001,23,56119,B,3045
107002,Customer_7002,cust7002@masked.com,+XXX-XXX-8002,65,118764,D,3068
107003,Customer_7003,cust7003@masked.com,+XXX-XXX-8003,22,87653,D,3136
107004,Customer_7004,cust7004@masked.com,+XXX-XXX-8004,23,185446,E,3084
107005,Customer_7005,cust7005@masked.com,+XXX-XXX-8005,40,148718,C,3010
107006,Customer_7006,cust7006@masked.com,+XXX-XXX-8006,68,52839,B,3068
107007,Customer_7007,cust7007@masked.com,+XXX-XXX-8007,64,91887,B,3098
107008,Customer_7008,cust7008@masked.com,+XXX-XXX-8008,29,163536,B,3090
107009,Customer_7009,cust7009@masked.com,+XXX-XXX-8009,68,151778,A,3093
107010,Customer_7010,cust7010@masked.com,+XXX-XXX-8010,24,35660,B,3114
107011,Customer_7011,cust7011@masked.com,+XXX-XXX-8011,45,82323,E,3030
107012,Customer_7012,cust7012@masked.com,+XXX-XXX-8012,21,153870,A,3010
107013,Customer_7013,cust7013@masked.com,+XXX-XXX-8013,59,176825,A,3086
107014,Customer_7014,cust7014@masked.com,+XXX-XXX-8014,32,61113,A,3120
107015,Customer_7015,cust7015@masked.com,+XXX-XXX-8015,60,180794,C,3129
107016,Customer_7016,cust7016@masked.com,+XXX-XXX-8016,60,106991,B,3104
107017,Customer_7017,cust7017@masked.com,+XXX-XXX-8017,44,88847,B,3026
107018,Customer_7018,cust7018@masked.com,+XXX-XXX-8018,29,180434,A,3001
107019,Customer_7019,cust7019@masked.com,+XXX-XXX-8019,66,71026,B,3102
107020,Customer_7020,cust7020@masked.com,+XXX-XXX-8020,40,198273,A,3100
107021,Customer_7021,cust7021@masked.com,+XXX-XXX-8021,25,149349,C,3020
107022,Customer_7022,cust7022@masked.com,+XXX-XXX-8022,40,68974,A,3057
107023,Customer_7023,cust7023@masked.com,+XXX-XXX-8023,41,163989,D,3132
107024,Customer_7024,cust7024@masked.com,+XXX-XXX-8024,22,192649,C,3084
107025,Customer_7025,cust7025@masked.com,+XXX-XXX-8025,41,37955,C,3092
107026,Customer_7026,cust7026@masked.com,+XXX-XXX-8026,62,115847,B,3019
107027,Customer_7027,cust7027@masked.com,+XXX-XXX-8027,44,104357,B,3060
107028,Customer_7028,cust7028@masked.com,+XXX-XXX-8028,29,174987,A,3037
107029,Customer_7029,cust7029@masked.com,+XXX-XXX-8029,59,81799,C,3147
107030,Customer_7030,cust7030@masked.com,+XXX-XXX-8030,50,135269,C,3024
107031,Customer_7031,cust7031@masked.com,+XXX-XXX-8031,38,136942,B,3129
107032,Customer_7032,cust7032@masked.com,+XXX-XXX-8032,64,118904,C,3120
107033,Customer_7033,cust7033@masked.com,+XXX-XXX-8033,63,159778,D,3025
107034,Customer_7034,cust7034@masked.com,+XXX-XXX-8034,30,83409,D,3066
107035,Customer_7035,cust7035@masked.com,+XXX-XXX-8035,65,37193,A,3000
107036,Customer_7036,cust7036@masked.com,+XXX-XXX-8036,61,150413,C,3050
107037,Customer_7037,cust7037@masked.com,+XXX-XXX-8037,68,148973,A,3004
107038,Customer_7038,cust7038@masked.com,+XXX-XXX-8038,41,120789,C,3012
107039,Customer_7039,cust7039@masked.com,+XXX-XXX-8039,42,103366,B,3146
107040,Customer_7040,cust7040@masked.com,+XXX-XXX-8040,37,167924,A,3139
107041,Customer_7041,cust7041@masked.com,+XXX-XXX-8041,25,37013,D,3047
107042,Customer_7042,cust7042@masked.com,+XXX-XXX-8042,26,157610,C,3056
107043,Customer_7043,cust7043@masked.com,+XXX-XXX-8043,30,118417,B,3114
107044,Customer_7044,cust7044@masked.com,+XXX-XXX-8044,63,70377,A,3034
107045,Customer_7045,cust7045@masked.com,+XXX-XXX-8045,22,149486,C,3075
107046,Customer_7046,cust7046@masked.com,+XXX-XXX-8046,27,67645,E,3093
107047,Customer_7047,cust7047@masked.com,+XXX-XXX-8047,66,172939,C,3004
107048,Customer_7048,cust7048@masked.com,+XXX-XXX-8048,24,98070,E,3021
107049,Customer_7049,cust7049@masked.com,+XXX-XXX-8049,57,103536,A,3102
107050,Customer_7050,cust7050@masked.com,+XXX-XXX-8050,39,56085,C,3130
107051,Customer_7051,cust7051@masked.com,+XXX-XXX-8051,48,109271,D,3123
107052,Customer_7052,cust7052@masked.com,+XXX-XXX-8052,40,109500,C,3052
107053,Customer_7053,cust7053@masked.com,+XXX-XXX-8053,50,141104,A,3068
107054,Customer_7054,cust7054@masked.com,+XXX-XXX-8054,62,73792,C,3103
107055,Customer_7055,cust7055@masked.com,+XXX-XXX-8055,58,25733,C,3015
107056,Customer_7056,cust7056@masked.com,+XXX-XXX-8056,22,148276,C,3115
107057,Customer_7057,cust7057@masked.com,+XXX-XXX-8057,23,140306,D,3075
107058,Customer_7058,cust7058@masked.com,+XXX-XXX-8058,67,106733,D,3108
107059,Customer_7059,cust7059@masked.com,+XXX-XXX-8059,62,98601,C,3038
107060,Customer_7060,cust7060@masked.com,+XXX-XXX-8060,69,145948,A,3088
107061,Customer_7061,cust7061@masked.com,+XXX-XXX-8061,59,186377,B,3111
107062,Customer_7062,cust7062@masked.com,+XXX-XXX-8062,45,67318,D,3046
107063,Customer_7063,cust7063@masked.com,+XXX-XXX-8063,22,105094,E,3136
107064,Customer_7064,cust7064@masked.com,+XXX-XXX-8064,59,104142,A,3127
107065,Customer_7065,cust7065@masked.com,+XXX-XXX-8065,35,126325,C,3076
107066,Customer_7066,cust7066@masked.com,+XXX-XXX-8066,23,85587,B,3014
107067,Customer_7067,cust7067@masked.com,+XXX-XXX-8067,25,99835,B,3035
107068,Customer_7068,cust7068@masked.com,+XXX-XXX-8068,60,112334,C,3062
107069,Customer_7069,cust7069@masked.com,+XXX-XXX-8069,56,106984,C,3068
107070,Customer_7070,cust7070@masked.com,+XXX-XXX-8070,60,139383,A,3073
107071,Customer_7071,cust7071@masked.com,+XXX-XXX-8071,58,31300,D,3023
107072,Customer_7072,cust7072@masked.com,+XXX-XXX-8072,57,139871,D,3048
107073,Customer_7073,cust7073@masked.com,+XXX-XXX-8073,47,179205,E,3145
107074,Customer_7074,cust7074@masked.com,+XXX-XXX-8074,25,36059,A,3006
107075,Customer_7075,cust7075@masked.com,+XXX-XXX-8075,37,82166,C,3003
107076,Customer_7076,cust7076@masked.com,+XXX-XXX-8076,58,33720,B,3089
107077,Customer_7077,cust7077@masked.com,+XXX-XXX-8077,65,78230,B,3059
107078,Customer_7078,cust7078@masked.com,+XXX-XXX-8078,61,145077,C,3054
107079,Customer_7079,cust7079@masked.com,+XXX-XXX-8079,32,171466,D,3015
107080,Customer_7080,cust7080@masked.com,+XXX-XXX-8080,62,20635,A,3028
107081,Customer_7081,cust7081@masked.com,+XXX-XXX-8081,51,96742,E,3013
107082,Customer_7082,cust7082@masked.com,+XXX-XXX-8082,53,84197,D,3078
107083,Customer_7083,cust7083@masked.com,+XXX-XXX-8083,63,148547,D,3032
107084,Customer_7084,cust7084@masked.com,+XXX-XXX-8084,49,64845,D,3020
107085,Customer_7085,cust7085@masked.com,+XXX-XXX-8085,58,42805,B,3144
107086,Customer_7086,cust7086@masked.com,+XXX-XXX-8086,23,134288,D,3022
107087,Customer_7087,cust7087@masked.com,+XXX-XXX-8087,58,134862,B,3056
107088,Customer_7088,cust7088@masked.com,+XXX-XXX-8088,61,45632,D,3141
107089,Customer_7089,cust7089@masked.com,+XXX-XXX-8089,60,144628,A,3092
107090,Customer_7090,cust7090@masked.com,+XXX-XXX-8090,50,145642,B,3019
107091,Customer_7091,cust7091@masked.com,+XXX-XXX-8091,67,162732,C,3018
107092,Customer_7092,cust7092@masked.com,+XXX-XXX-8092,42,46877,B,3102
107093,Customer_7093,cust7093@masked.com,+XXX-XXX-8093,58,130914,B,3076
107094,Customer_7094,cust7094@masked.com,+XXX-XXX-8094,52,189996,B,3032
107095,Customer_7095,cust7095@masked.com,+XXX-XXX-8095,63,198225,D,3017
107096,Customer_7096,cust7096@masked.com,+XXX-XXX-8096,30,68360,C,3072
107097,Customer_7097,cust7097@masked.com,+XXX-XXX-8097,52,199169,B,3016
107098,Customer_7098,cust7098@masked.com,+XXX-XXX-8098,63,44091,B,3018
107099,Customer_7099,cust7099@masked.com,+XXX-XXX-8099,24,182407,B,3069
107100,Customer_7100,cust7100@masked.com,+XXX-XXX-8100,49,59767,C,3119
107101,Customer_7101,cust7101@masked.com,+XXX-XXX-8101,65,150967,C,3100
107102,Customer_7102,cust7102@masked.com,+XXX-XXX-8102,28,63518,A,3033
107103,Customer_7103,cust7103@masked.com,+XXX-XXX-8103,40,139932,B,3083
107104,Customer_7104,cust7104@masked.com,+XXX-XXX-8104,67,109168,B,3073
107105,Customer_7105,cust7105@masked.com,+XXX-XXX-8105,27,85865,B,3087
107106,Customer_7106,cust7106@masked.com,+XXX-XXX-8106,21,32370,B,3084
107107,Customer_7107,cust7107@masked.com,+XXX-XXX-8107,45,164919,D,3010
107108,Customer_7108,cust7108@masked.com,+XXX-XXX-8108,46,189072,B,3090
107109,Customer_7109,cust7109@masked.com,+XXX-XXX-8109,29,141271,C,3143
107110,Customer_7110,cust7110@masked.com,+XXX-XXX-8110,43,87216,C,3126
107111,Customer_7111,cust7111@masked.com,+XXX-XXX-8111,60,132658,B,3112
107112,Customer_7112,cust7112@masked.com,+XXX-XXX-8112,22,67112,C,3079
107113,Customer_7113,cust7113@masked.com,+XXX-XXX-8113,46,189791,C,3006
107114,Customer_7114,cust7114@masked.com,+XXX-XXX-8114,34,178904,B,3015
107115,Customer_7115,cust7115@masked.com,+XXX-XXX-8115,64,143941,D,3015
107116,Customer_7116,cust7116@masked.com,+XXX-XXX-8116,51,92402,B,3011
107117,Customer_7117,cust7117@masked.com,+XXX-XXX-8117,46,45479,D,3034
107118,Customer_7118,cust7118@masked.com,+XXX-XXX-8118,69,140752,C,3020
107119,Customer_7119,cust7119@masked.com,+XXX-XXX-8119,39,128460,C,3016
107120,Customer_7120,cust7120@masked.com,+XXX-XXX-8120,58,197300,D,3031
107121,Customer_7121,cust7121@masked.com,+XXX-XXX-8121,25,24188,D,3040
107122,Customer_7122,cust7122@masked.com,+XXX-XXX-8122,26,55617,C,3133
107123,Customer_7123,cust7123@masked.com,+XXX-XXX-8123,55,154438,D,3026
107124,Customer_7124,cust7124@masked.com,+XXX-XXX-8124,36,72063,B,3147
107125,Customer_7125,cust7125@masked.com,+XXX-XXX-8125,51,98597,C,3065
107126,Customer_7126,cust7126@masked.com,+XXX-XXX-8126,38,35952,A,3136
107127,Customer_7127,cust7127@masked.com,+XXX-XXX-8127,34,170047,A,3091
107128,Customer_7128,cust7128@masked.com,+XXX-XXX-8128,45,24283,D,3060
107129,Customer_7129,cust7129@masked.com,+XXX-XXX-8129,35,40645,A,3002
107130,Customer_7130,cust7130@masked.com,+XXX-XXX-8130,46,31740,A,3102
107131,Customer_7131,cust7131@masked.com,+XXX-XXX-8131,56,118548,D,3054
107132,Customer_7132,cust7132@masked.com,+XXX-XXX-8132,31,25128,A,3000
107133,Customer_7133,cust7133@masked.com,+XXX-XXX-8133,57,197587,B,3100
107134,Customer_7134,cust7134@masked.com,+XXX-XXX-8134,61,75983,C,3044
107135,Customer_7135,cust7135@masked.com,+XXX-XXX-8135,57,70930,C,3025
107136,Customer_7136,cust7136@masked.com,+XXX-XXX-8136,27,112647,D,3120
107137,Customer_7137,cust7137@masked.com,+XXX-XXX-8137,38,28628,C,3141
107138,Customer_7138,cust7138@masked.com,+XXX-XXX-8138,40,189746,C,3045
107139,Customer_7139,cust7139@masked.com,+XXX-XXX-8139,22,116831,C,3121
107140,Customer_7140,cust7140@masked.com,+XXX-XXX-8140,46,61753,B,3030
107141,Customer_7141,cust7141@masked.com,+XXX-XXX-8141,43,114380,C,3058
107142,Customer_7142,cust7142@masked.com,+XXX-XXX-8142,52,177386,D,3028
107143,Customer_7143,cust7143@masked.com,+XXX-XXX-8143,33,158740,B,3105
107144,Customer_7144,cust7144@masked.com,+XXX-XXX-8144,33,99948,B,3016
107145,Customer_7145,cust7145@masked.com,+XXX-XXX-8145,37,142081,A,3141
107146,Customer_7146,cust7146@masked.com,+XXX-XXX-8146,45,169087,C,3023
107147,Customer_7147,cust7147@masked.com,+XXX-XXX-8147,42,41420,A,3108
107148,Customer_7148,cust7148@masked.com,+XXX-XXX-8148,47,97899,C,3090
107149,Customer_7149,cust7149@masked.com,+XXX-XXX-8149,37,198590,D,3024
107150,Customer_7150,cust7150@masked.com,+XXX-XXX-8150,46,26874,C,3031
107151,Customer_7151,cust7151@masked.com,+XXX-XXX-8151,58,84959,B,3115
107152,Customer_7152,cust7152@masked.com,+XXX-XXX-8152,34,116617,D,3081
107153,Customer_7153,cust7153@masked.com,+XXX-XXX-8153,34,193425,B,3109
107154,Customer_7154,cust7154@masked.com,+XXX-XXX-8154,32,162734,C,3145
107155,Customer_7155,cust7155@masked.com,+XXX-XXX-8155,25,165197,C,3036
107156,Customer_7156,cust7156@masked.com,+XXX-XXX-8156,57,72343,A,3025
107157,Customer_7157,cust7157@masked.com,+XXX-XXX-8157,24,39503,D,3136
107158,Customer_7158,cust7158@masked.com,+XXX-XXX-8158,49,35271,A,3063
107159,Customer_7159,cust7159@masked.com,+XXX-XXX-8159,45,151448,E,3071
107160,Customer_7160,cust7160@masked.com,+XXX-XXX-8160,65,115616,A,3147
107161,Customer_7161,cust7161@masked.com,+XXX-XXX-8161,24,128819,B,3105
107162,Customer_7162,cust7162@masked.com,+XXX-XXX-8162,36,145695,A,3085
107163,Customer_7163,cust7163@masked.com,+XXX-XXX-8163,22,38325,A,3052
107164,Customer_7164,cust7164@masked.com,+XXX-XXX-8164,43,151276,C,3091
107165,Customer_7165,cust7165@masked.com,+XXX-XXX-8165,24,158126,C,3098
107166,Customer_7166,cust7166@masked.com,+XXX-XXX-8166,40,75100,D,3010
107167,Customer_7167,cust7167@masked.com,+XXX-XXX-8167,37,177197,B,3030
107168,Customer_7168,cust7168@masked.com,+XXX-XXX-8168,26,38809,B,3099
107169,Customer_7169,cust7169@masked.com,+XXX-XXX-8169,38,178512,C,3086
107170,Customer_7170,cust7170@masked.com,+XXX-XXX-8170,40,168126,B,3146
107171,Customer_7171,cust7171@masked.com,+XXX-XXX-8171,59,84115,C,3139
107172,Customer_7172,cust7172@masked.com,+XXX-XXX-8172,65,72569,C,3014
107173,Customer_7173,cust7173@masked.com,+XXX-XXX-8173,61,154137,A,3100
107174,Customer_7174,cust7174@masked.com,+XXX-XXX-8174,54,54495,D,3028
107175,Customer_7175,cust7175@masked.com,+XXX-XXX-8175,60,25976,C,3113
107176,Customer_7176,cust7176@masked.com,+XXX-XXX-8176,66,116690,C,3106
107177,Customer_7177,cust7177@masked.com,+XXX-XXX-8177,44,40410,A,3107
107178,Customer_7178,cust7178@masked.com,+XXX-XXX-8178,38,142550,B,3129
107179,Customer_7179,cust7179@masked.com,+XXX-XXX-8179,50,145812,B,3083
107180,Customer_7180,cust7180@masked.com,+XXX-XXX-8180,21,101273,B,3014
107181,Customer_7181,cust7181@masked.com,+XXX-XXX-8181,43,58832,B,3131
107182,Customer_7182,cust7182@masked.com,+XXX-XXX-8182,49,56582,D,3049
107183,Customer_7183,cust7183@masked.com,+XXX-XXX-8183,61,80430,C,3022
107184,Customer_7184,cust7184@masked.com,+XXX-XXX-8184,61,146144,C,3058
107185,Customer_7185,cust7185@masked.com,+XXX-XXX-8185,52,33544,B,3089
107186,Customer_7186,cust7186@masked.com,+XXX-XXX-8186,22,139229,D,3114
107187,Customer_7187,cust7187@masked.com,+XXX-XXX-8187,68,69843,A,3074
107188,Customer_7188,cust7188@masked.com,+XXX-XXX-8188,56,97827,D,3122
107189,Customer_7189,cust7189@masked.com,+XXX-XXX-8189,65,119137,E,3135
107190,Customer_7190,cust7190@masked.com,+XXX-XXX-8190,37,133903,C,3138
107191,Customer_7191,cust7191@masked.com,+XXX-XXX-8191,63,194561,E,3017
107192,Customer_7192,cust7192@masked.com,+XXX-XXX-8192,22,91330,C,3049
107193,Customer_7193,cust7193@masked.com,+XXX-XXX-8193,24,183821,A,3141
107194,Customer_7194,cust7194@masked.com,+XXX-XXX-8194,64,182252,A,3117
107195,Customer_7195,cust7195@masked.com,+XXX-XXX-8195,54,29353,B,3136
107196,Customer_7196,cust7196@masked.com,+XXX-XXX-8196,21,66403,A,3138
107197,Customer_7197,cust7197@masked.com,+XXX-XXX-8197,43,42244,C,3107
107198,Customer_7198,cust7198@masked.com,+XXX-XXX-8198,26,103946,B,3066
107199,Customer_7199,cust7199@masked.com,+XXX-XXX-8199,36,95365,D,3077
107200,Customer_7200,cust7200@masked.com,+XXX-XXX-8200,22,145120,B,3074
107201,Customer_7201,cust7201@masked.com,+XXX-XXX-8201,66,199741,B,3038
107202,Customer_7202,cust7202@masked.com,+XXX-XXX-8202,32,33046,E,3024
107203,Customer_7203,cust7203@masked.com,+XXX-XXX-8203,47,173820,B,3020
107204,Customer_7204,cust7204@masked.com,+XXX-XXX-8204,39,67275,C,3137
107205,Customer_7205,cust7205@masked.com,+XXX-XXX-8205,48,161483,D,3014
107206,Customer_7206,cust7206@masked.com,+XXX-XXX-8206,55,64604,B,3047
107207,Customer_7207,cust7207@masked.com,+XXX-XXX-8207,63,184928,C,3085
107208,Customer_7208,cust7208@masked.com,+XXX-XXX-8208,24,53960,B,3148
107209,Customer_7209,cust7209@masked.com,+XXX-XXX-8209,69,136816,D,3115
107210,Customer_7210,cust7210@masked.com,+XXX-XXX-8210,69,117014,C,3049
107211,Customer_7211,cust7211@masked.com,+XXX-XXX-8211,27,156459,B,3140
107212,Customer_7212,cust7212@masked.com,+XXX-XXX-8212,57,72603,D,3068
107213,Customer_7213,cust7213@masked.com,+XXX-XXX-8213,45,81185,B,3003
107214,Customer_7214,cust7214@masked.com,+XXX-XXX-8214,61,132712,D,3077
107215,Customer_7215,cust7215@masked.com,+XXX-XXX-8215,37,53099,D,3008
107216,Customer_7216,cust7216@masked.com,+XXX-XXX-8216,61,127707,D,3120
107217,Customer_7217,cust7217@masked.com,+XXX-XXX-8217,34,70200,D,3114
107218,Customer_7218,cust7218@masked.com,+XXX-XXX-8218,57,163352,B,3100
107219,Customer_7219,cust7219@masked.com,+XXX-XXX-8219,22,153347,E,3148
107220,Customer_7220,cust7220@masked.com,+XXX-XXX-8220,44,58005,B,3145
107221,Customer_7221,cust7221@masked.com,+XXX-XXX-8221,35,131723,C,3096
107222,Customer_7222,cust7222@masked.com,+XXX-XXX-8222,68,26385,A,3080
107223,Customer_7223,cust7223@masked.com,+XXX-XXX-8223,53,118806,E,3042
107224,Customer_7224,cust7224@masked.com,+XXX-XXX-8224,32,23569,C,3094
107225,Customer_7225,cust7225@masked.com,+XXX-XXX-8225,39,127575,D,3005
107226,Customer_7226,cust7226@masked.com,+XXX-XXX-8226,67,125620,A,3066
107227,Customer_7227,cust7227@masked.com,+XXX-XXX-8227,25,45910,D,3139
107228,Customer_7228,cust7228@masked.com,+XXX-XXX-8228,21,73170,D,3099
107229,Customer_7229,cust7229@masked.com,+XXX-XXX-8229,63,150709,C,3011
107230,Customer_7230,cust7230@masked.com,+XXX-XXX-8230,29,147899,B,3065
107231,Customer_7231,cust7231@masked.com,+XXX-XXX-8231,59,89752,B,3001
107232,Customer_7232,cust7232@masked.com,+XXX-XXX-8232,54,51600,A,3142
107233,Customer_7233,cust7233@masked.com,+XXX-XXX-8233,49,36315,B,3080
107234,Customer_7234,cust7234@masked.com,+XXX-XXX-8234,69,110134,B,3134
107235,Customer_7235,cust7235@masked.com,+XXX-XXX-8235,68,175304,B,3141
107236,Customer_7236,cust7236@masked.com,+XXX-XXX-8236,68,46425,A,3069
107237,Customer_7237,cust7237@masked.com,+XXX-XXX-8237,66,142119,B,3114
107238,Customer_7238,cust7238@masked.com,+XXX-XXX-8238,22,95891,A,3087
107239,Customer_7239,cust7239@masked.com,+XXX-XXX-8239,39,104274,D,3005
107240,Customer_7240,cust7240@masked.com,+XXX-XXX-8240,48,194571,C,3026
107241,Customer_7241,cust7241@masked.com,+XXX-XXX-8241,55,74016,B,3081
107242,Customer_7242,cust7242@masked.com,+XXX-XXX-8242,60,120637,C,3087
107243,Customer_7243,cust7243@masked.com,+XXX-XXX-8243,68,175030,C,3119
107244,Customer_7244,cust7244@masked.com,+XXX-XXX-8244,42,82821,E,3023
107245,Customer_7245,cust7245@masked.com,+XXX-XXX-8245,24,67993,A,3101
107246,Customer_7246,cust7246@masked.com,+XXX-XXX-8246,28,172727,B,3033
107247,Customer_7247,cust7247@masked.com,+XXX-XXX-8247,21,172900,E,3046
107248,Customer_7248,cust7248@masked.com,+XXX-XXX-8248,56,133496,B,3023
107249,Customer_7249,cust7249@masked.com,+XXX-XXX-8249,27,124371,A,3064
107250,Customer_7250,cust7250@masked.com,+XXX-XXX-8250,45,76565,A,3017
107251,Customer_7251,cust7251@masked.com,+XXX-XXX-8251,49,192031,A,3043
107252,Customer_7252,cust7252@masked.com,+XXX-XXX-8252,21,197045,E,3075
107253,Customer_7253,cust7253@masked.com,+XXX-XXX-8253,38,179034,B,3056
107254,Customer_7254,cust7254@masked.com,+XXX-XXX-8254,24,153281,E,3106
107255,Customer_7255,cust7255@masked.com,+XXX-XXX-8255,40,162520,E,3123
107256,Customer_7256,cust7256@masked.com,+XXX-XXX-8256,66,139736,C,3138
107257,Customer_7257,cust7257@masked.com,+XXX-XXX-8257,28,20275,A,3115
107258,Customer_7258,cust7258@masked.com,+XXX-XXX-8258,47,41008,A,3092
107259,Customer_7259,cust7259@masked.com,+XXX-XXX-8259,59,80675,B,3041
107260,Customer_7260,cust7260@masked.com,+XXX-XXX-8260,55,78302,B,3027
107261,Customer_7261,cust7261@masked.com,+XXX-XXX-8261,45,150292,C,3122
107262,Customer_7262,cust7262@masked.com,+XXX-XXX-8262,34,120145,B,3023
107263,Customer_7263,cust7263@masked.com,+XXX-XXX-8263,64,40529,E,3135
107264,Customer_7264,cust7264@masked.com,+XXX-XXX-8264,67,35631,C,3105
107265,Customer_7265,cust7265@masked.com,+XXX-XXX-8265,60,99082,C,3117
107266,Customer_7266,cust7266@masked.com,+XXX-XXX-8266,51,198759,D,3052
107267,Customer_7267,cust7267@masked.com,+XXX-XXX-8267,25,116060,A,3131
107268,Customer_7268,cust7268@masked.com,+XXX-XXX-8268,37,91211,B,3099
107269,Customer_7269,cust7269@masked.com,+XXX-XXX-8269,30,162641,A,3004
107270,Customer_7270,cust7270@masked.com,+XXX-XXX-8270,63,129020,A,3048
107271,Customer_7271,cust7271@masked.com,+XXX-XXX-8271,36,69639,C,3097
107272,Customer_7272,cust7272@masked.com,+XXX-XXX-8272,68,189245,B,3029
107273,Customer_7273,cust7273@masked.com,+XXX-XXX-8273,24,75856,B,3071
107274,Customer_7274,cust7274@masked.com,+XXX-XXX-8274,25,60033,E,3102
107275,Customer_7275,cust7275@masked.com,+XXX-XXX-8275,62,189437,A,3062
107276,Customer_7276,cust7276@masked.com,+XXX-XXX-8276,66,185780,C,3025
107277,Customer_7277,cust7277@masked.com,+XXX-XXX-8277,61,179662,A,3036
107278,Customer_7278,cust7278@masked.com,+XXX-XXX-8278,40,84024,B,3006
107279,Customer_7279,cust7279@masked.com,+XXX-XXX-8279,26,31989,C,3126
107280,Customer_7280,cust7280@masked.com,+XXX-XXX-8280,31,126039,E,3091
107281,Customer_7281,cust7281@masked.com,+XXX-XXX-8281,37,184799,B,3102
107282,Customer_7282,cust7282@masked.com,+XXX-XXX-8282,61,190470,A,3052
107283,Customer_7283,cust7283@masked.com,+XXX-XXX-8283,23,58560,B,3131
107284,Customer_7284,cust7284@masked.com,+XXX-XXX-8284,36,117473,A,3107
107285,Customer_7285,cust7285@masked.com,+XXX-XXX-8285,56,186403,B,3111
107286,Customer_7286,cust7286@masked.com,+XXX-XXX-8286,46,184303,C,3006
107287,Customer_7287,cust7287@masked.com,+XXX-XXX-8287,44,30128,A,3066
107288,Customer_7288,cust7288@masked.com,+XXX-XXX-8288,67,44055,B,3107
107289,Customer_7289,cust7289@masked.com,+XXX-XXX-8289,54,48646,C,3110
107290,Customer_7290,cust7290@masked.com,+XXX-XXX-8290,40,124391,B,3147
107291,Customer_7291,cust7291@masked.com,+XXX-XXX-8291,37,94550,A,3082
107292,Customer_7292,cust7292@masked.com,+XXX-XXX-8292,40,153192,E,3123
107293,Customer_7293,cust7293@masked.com,+XXX-XXX-8293,36,23391,B,3138
107294,Customer_7294,cust7294@masked.com,+XXX-XXX-8294,69,161230,D,3103
107295,Customer_7295,cust7295@masked.com,+XXX-XXX-8295,24,61699,B,3066
107296,Customer_7296,cust7296@masked.com,+XXX-XXX-8296,38,174818,B,3006
107297,Customer_7297,cust7297@masked.com,+XXX-XXX-8297,56,33045,B,3109
107298,Customer_7298,cust7298@masked.com,+XXX-XXX-8298,55,129562,B,3033
107299,Customer_7299,cust7299@masked.com,+XXX-XXX-8299,50,191096,A,3105
107300,Customer_7300,cust7300@masked.com,+XXX-XXX-8300,38,78141,B,3146
107301,Customer_7301,cust7301@masked.com,+XXX-XXX-8301,41,26129,D,3057
107302,Customer_7302,cust7302@masked.com,+XXX-XXX-8302,52,111698,C,3008
107303,Customer_7303,cust7303@masked.com,+XXX-XXX-8303,25,58284,A,3047
107304,Customer_7304,cust7304@masked.com,+XXX-XXX-8304,61,68056,C,3114
107305,Customer_7305,cust7305@masked.com,+XXX-XXX-8305,43,120835,D,3040
107306,Customer_7306,cust7306@masked.com,+XXX-XXX-8306,50,161698,C,3047
107307,Customer_7307,cust7307@masked.com,+XXX-XXX-8307,47,74639,A,3024
107308,Customer_7308,cust7308@masked.com,+XXX-XXX-8308,35,114029,D,3115
107309,Customer_7309,cust7309@masked.com,+XXX-XXX-8309,61,172009,B,3077
107310,Customer_7310,cust7310@masked.com,+XXX-XXX-8310,34,38663,B,3107
107311,Customer_7311,cust7311@masked.com,+XXX-XXX-8311,41,116794,C,3024
107312,Customer_7312,cust7312@masked.com,+XXX-XXX-8312,54,194799,D,3146
107313,Customer_7313,cust7313@masked.com,+XXX-XXX-8313,46,27305,E,3038
107314,Customer_7314,cust7314@masked.com,+XXX-XXX-8314,45,41940,E,3118
107315,Customer_7315,cust7315@masked.com,+XXX-XXX-8315,65,64146,A,3078
107316,Customer_7316,cust7316@masked.com,+XXX-XXX-8316,51,33657,E,3079
107317,Customer_7317,cust7317@masked.com,+XXX-XXX-8317,68,141415,A,3026
107318,Customer_7318,cust7318@masked.com,+XXX-XXX-8318,26,20699,B,3103
107319,Customer_7319,cust7319@masked.com,+XXX-XXX-8319,68,93101,C,3073
107320,Customer_7320,cust7320@masked.com,+XXX-XXX-8320,24,27109,B,3067
107321,Customer_7321,cust7321@masked.com,+XXX-XXX-8321,44,94323,C,3146
107322,Customer_7322,cust7322@masked.com,+XXX-XXX-8322,62,70165,B,3027
107323,Customer_7323,cust7323@masked.com,+XXX-XXX-8323,51,176187,E,3122
107324,Customer_7324,cust7324@masked.com,+XXX-XXX-8324,39,85547,B,3137
107325,Customer_7325,cust7325@masked.com,+XXX-XXX-8325,31,30135,B,3082
107326,Customer_7326,cust7326@masked.com,+XXX-XXX-8326,49,40843,E,3029
107327,Customer_7327,cust7327@masked.com,+XXX-XXX-8327,25,20661,A,3021
107328,Customer_7328,cust7328@masked.com,+XXX-XXX-8328,38,139321,C,3002
107329,Customer_7329,cust7329@masked.com,+XXX-XXX-8329,23,173030,C,3100
107330,Customer_7330,cust7330@masked.com,+XXX-XXX-8330,60,29614,C,3104
107331,Customer_7331,cust7331@masked.com,+XXX-XXX-8331,31,86115,C,3001
107332,Customer_7332,cust7332@masked.com,+XXX-XXX-8332,41,133262,A,3053
107333,Customer_7333,cust7333@masked.com,+XXX-XXX-8333,50,122529,D,3005
107334,Customer_7334,cust7334@masked.com,+XXX-XXX-8334,39,99006,A,3106
107335,Customer_7335,cust7335@masked.com,+XXX-XXX-8335,45,98615,B,3122
107336,Customer_7336,cust7336@masked.com,+XXX-XXX-8336,55,35650,A,3001
107337,Customer_7337,cust7337@masked.com,+XXX-XXX-8337,32,33854,C,3110
107338,Customer_7338,cust7338@masked.com,+XXX-XXX-8338,67,90599,C,3001
107339,Customer_7339,cust7339@masked.com,+XXX-XXX-8339,46,109217,E,3092
107340,Customer_7340,cust7340@masked.com,+XXX-XXX-8340,68,167662,C,3100
107341,Customer_7341,cust7341@masked.com,+XXX-XXX-8341,25,64391,C,3096
107342,Customer_7342,cust7342@masked.com,+XXX-XXX-8342,39,186970,E,3110
107343,Customer_7343,cust7343@masked.com,+XXX-XXX-8343,47,100991,B,3005
107344,Customer_7344,cust7344@masked.com,+XXX-XXX-8344,58,38238,C,3126
107345,Customer_7345,cust7345@masked.com,+XXX-XXX-8345,49,189104,C,3103
107346,Customer_7346,cust7346@masked.com,+XXX-XXX-8346,32,38044,B,3146
107347,Customer_7347,cust7347@masked.com,+XXX-XXX-8347,39,125852,D,3000
107348,Customer_7348,cust7348@masked.com,+XXX-XXX-8348,29,166784,A,3032
107349,Customer_7349,cust7349@masked.com,+XXX-XXX-8349,38,156051,C,3039
107350,Customer_7350,cust7350@masked.com,+XXX-XXX-8350,49,119022,C,3031
107351,Customer_7351,cust7351@masked.com,+XXX-XXX-8351,23,81332,D,3016
107352,Customer_7352,cust7352@masked.com,+XXX-XXX-8352,43,36641,D,3125
107353,Customer_7353,cust7353@masked.com,+XXX-XXX-8353,50,181783,C,3007
107354,Customer_7354,cust7354@masked.com,+XXX-XXX-8354,66,139593,C,3056
107355,Customer_7355,cust7355@masked.com,+XXX-XXX-8355,44,132691,B,3041
107356,Customer_7356,cust7356@masked.com,+XXX-XXX-8356,57,62882,B,3097
107357,Customer_7357,cust7357@masked.com,+XXX-XXX-8357,57,84152,D,3136
107358,Customer_7358,cust7358@masked.com,+XXX-XXX-8358,24,60780,E,3119
107359,Customer_7359,cust7359@masked.com,+XXX-XXX-8359,48,78583,D,3086
107360,Customer_7360,cust7360@masked.com,+XXX-XXX-8360,36,68573,A,3053
107361,Customer_7361,cust7361@masked.com,+XXX-XXX-8361,33,47870,D,3083
107362,Customer_7362,cust7362@masked.com,+XXX-XXX-8362,28,108718,E,3024
107363,Customer_7363,cust7363@masked.com,+XXX-XXX-8363,68,186853,B,3066
107364,Customer_7364,cust7364@masked.com,+XXX-XXX-8364,45,172073,C,3045
107365,Customer_7365,cust7365@masked.com,+XXX-XXX-8365,22,139752,D,3021
107366,Customer_7366,cust7366@masked.com,+XXX-XXX-8366,50,99601,C,3138
107367,Customer_7367,cust7367@masked.com,+XXX-XXX-8367,60,151959,E,3007
107368,Customer_7368,cust7368@masked.com,+XXX-XXX-8368,23,129950,B,3038
107369,Customer_7369,cust7369@masked.com,+XXX-XXX-8369,43,86280,C,3048
107370,Customer_7370,cust7370@masked.com,+XXX-XXX-8370,49,109156,D,3045
107371,Customer_7371,cust7371@masked.com,+XXX-XXX-8371,61,170892,B,3037
107372,Customer_7372,cust7372@masked.com,+XXX-XXX-8372,50,41547,D,3135
107373,Customer_7373,cust7373@masked.com,+XXX-XXX-8373,31,87240,C,3053
107374,Customer_7374,cust7374@masked.com,+XXX-XXX-8374,41,77554,B,3091
107375,Customer_7375,cust7375@masked.com,+XXX-XXX-8375,47,89600,A,3039
107376,Customer_7376,cust7376@masked.com,+XXX-XXX-8376,44,71108,B,3033
107377,Customer_7377,cust7377@masked.com,+XXX-XXX-8377,51,30718,C,3095
107378,Customer_7378,cust7378@masked.com,+XXX-XXX-8378,50,24214,E,3078
107379,Customer_7379,cust7379@masked.com,+XXX-XXX-8379,21,110597,B,3126
107380,Customer_7380,cust7380@masked.com,+XXX-XXX-8380,21,137189,B,3016
107381,Customer_7381,cust7381@masked.com,+XXX-XXX-8381,28,97038,A,3109
107382,Customer_7382,cust7382@masked.com,+XXX-XXX-8382,68,123431,C,3051
107383,Customer_7383,cust7383@masked.com,+XXX-XXX-8383,62,193098,E,3117
107384,Customer_7384,cust7384@masked.com,+XXX-XXX-8384,54,132424,C,3008
107385,Customer_7385,cust7385@masked.com,+XXX-XXX-8385,36,147107,C,3032
107386,Customer_7386,cust7386@masked.com,+XXX-XXX-8386,47,148899,C,3112
107387,Customer_7387,cust7387@masked.com,+XXX-XXX-8387,24,30007,A,3148
107388,Customer_7388,cust7388@masked.com,+XXX-XXX-8388,39,199988,C,3084
107389,Customer_7389,cust7389@masked.com,+XXX-XXX-8389,49,59305,C,3009
107390,Customer_7390,cust7390@masked.com,+XXX-XXX-8390,61,179277,C,3005
107391,Customer_7391,cust7391@masked.com,+XXX-XXX-8391,23,138744,D,3114
107392,Customer_7392,cust7392@masked.com,+XXX-XXX-8392,31,69349,D,3120
107393,Customer_7393,cust7393@masked.com,+XXX-XXX-8393,28,191471,D,3140
107394,Customer_7394,cust7394@masked.com,+XXX-XXX-8394,59,47947,E,3064
107395,Customer_7395,cust7395@masked.com,+XXX-XXX-8395,53,65275,E,3019
107396,Customer_7396,cust7396@masked.com,+XXX-XXX-8396,28,156035,C,3056
107397,Customer_7397,cust7397@masked.com,+XXX-XXX-8397,45,142656,A,3045
107398,Customer_7398,cust7398@masked.com,+XXX-XXX-8398,44,67197,B,3135
107399,Customer_7399,cust7399@masked.com,+XXX-XXX-8399,46,173752,D,3009
107400,Customer_7400,cust7400@masked.com,+XXX-XXX-8400,46,116974,A,3112
107401,Customer_7401,cust7401@masked.com,+XXX-XXX-8401,37,172318,A,3138
107402,Customer_7402,cust7402@masked.com,+XXX-XXX-8402,47,82885,A,3011
107403,Customer_7403,cust7403@masked.com,+XXX-XXX-8403,49,144061,C,3137
107404,Customer_7404,cust7404@masked.com,+XXX-XXX-8404,63,154413,C,3010
107405,Customer_7405,cust7405@masked.com,+XXX-XXX-8405,59,133457,B,3117
107406,Customer_7406,cust7406@masked.com,+XXX-XXX-8406,29,27747,A,3038
107407,Customer_7407,cust7407@masked.com,+XXX-XXX-8407,34,120866,C,3052
107408,Customer_7408,cust7408@masked.com,+XXX-XXX-8408,25,101132,B,3055
107409,Customer_7409,cust7409@masked.com,+XXX-XXX-8409,50,83409,B,3103
107410,Customer_7410,cust7410@masked.com,+XXX-XXX-8410,48,181699,C,3128
107411,Customer_7411,cust7411@masked.com,+XXX-XXX-8411,65,103587,C,3055
107412,Customer_7412,cust7412@masked.com,+XXX-XXX-8412,57,91949,B,3117
107413,Customer_7413,cust7413@masked.com,+XXX-XXX-8413,28,104568,C,3131
107414,Customer_7414,cust7414@masked.com,+XXX-XXX-8414,35,91270,B,3029
107415,Customer_7415,cust7415@masked.com,+XXX-XXX-8415,48,61596,D,3011
107416,Customer_7416,cust7416@masked.com,+XXX-XXX-8416,56,50786,B,3034
107417,Customer_7417,cust7417@masked.com,+XXX-XXX-8417,53,142887,A,3076
107418,Customer_7418,cust7418@masked.com,+XXX-XXX-8418,26,103499,D,3101
107419,Customer_7419,cust7419@masked.com,+XXX-XXX-8419,32,43999,C,3086
107420,Customer_7420,cust7420@masked.com,+XXX-XXX-8420,27,167590,A,3051
107421,Customer_7421,cust7421@masked.com,+XXX-XXX-8421,65,179479,A,3079
107422,Customer_7422,cust7422@masked.com,+XXX-XXX-8422,48,84303,D,3134
107423,Customer_7423,cust7423@masked.com,+XXX-XXX-8423,27,49501,D,3021
107424,Customer_7424,cust7424@masked.com,+XXX-XXX-8424,61,122424,B,3074
107425,Customer_7425,cust7425@masked.com,+XXX-XXX-8425,21,55280,C,3057
107426,Customer_7426,cust7426@masked.com,+XXX-XXX-8426,44,49045,A,3092
107427,Customer_7427,cust7427@masked.com,+XXX-XXX-8427,65,44432,C,3102
107428,Customer_7428,cust7428@masked.com,+XXX-XXX-8428,39,46745,A,3139
107429,Customer_7429,cust7429@masked.com,+XXX-XXX-8429,52,180515,B,3006
107430,Customer_7430,cust7430@masked.com,+XXX-XXX-8430,50,140720,A,3127
107431,Customer_7431,cust7431@masked.com,+XXX-XXX-8431,21,195989,B,3054
107432,Customer_7432,cust7432@masked.com,+XXX-XXX-8432,52,185072,B,3105
107433,Customer_7433,cust7433@masked.com,+XXX-XXX-8433,40,195404,B,3061
107434,Customer_7434,cust7434@masked.com,+XXX-XXX-8434,41,115832,A,3089
107435,Customer_7435,cust7435@masked.com,+XXX-XXX-8435,39,128034,B,3097
107436,Customer_7436,cust7436@masked.com,+XXX-XXX-8436,50,134650,D,3076
107437,Customer_7437,cust7437@masked.com,+XXX-XXX-8437,48,79024,B,3118
107438,Customer_7438,cust7438@masked.com,+XXX-XXX-8438,52,156725,C,3035
107439,Customer_7439,cust7439@masked.com,+XXX-XXX-8439,50,89625,B,3088
107440,Customer_7440,cust7440@masked.com,+XXX-XXX-8440,43,45194,B,3144
107441,Customer_7441,cust7441@masked.com,+XXX-XXX-8441,47,142467,C,3129
107442,Customer_7442,cust7442@masked.com,+XXX-XXX-8442,57,63748,E,3140
107443,Customer_7443,cust7443@masked.com,+XXX-XXX-8443,46,141778,A,3092
107444,Customer_7444,cust7444@masked.com,+XXX-XXX-8444,23,71996,A,3113
107445,Customer_7445,cust7445@masked.com,+XXX-XXX-8445,51,122605,C,3027
107446,Customer_7446,cust7446@masked.com,+XXX-XXX-8446,22,151070,E,3142
107447,Customer_7447,cust7447@masked.com,+XXX-XXX-8447,30,65638,E,3032
107448,Customer_7448,cust7448@masked.com,+XXX-XXX-8448,58,100283,B,3019
107449,Customer_7449,cust7449@masked.com,+XXX-XXX-8449,39,47980,B,3139
107450,Customer_7450,cust7450@masked.com,+XXX-XXX-8450,51,178083,C,3100
107451,Customer_7451,cust7451@masked.com,+XXX-XXX-8451,49,177158,C,3022
107452,Customer_7452,cust7452@masked.com,+XXX-XXX-8452,45,90498,C,3111
107453,Customer_7453,cust7453@masked.com,+XXX-XXX-8453,52,194350,D,3013
107454,Customer_7454,cust7454@masked.com,+XXX-XXX-8454,37,86393,C,3090
107455,Customer_7455,cust7455@masked.com,+XXX-XXX-8455,65,85158,B,3076
107456,Customer_7456,cust7456@masked.com,+XXX-XXX-8456,69,113841,B,3084
107457,Customer_7457,cust7457@masked.com,+XXX-XXX-8457,43,137080,C,3108
107458,Customer_7458,cust7458@masked.com,+XXX-XXX-8458,38,146948,B,3030
107459,Customer_7459,cust7459@masked.com,+XXX-XXX-8459,31,83636,B,3121
107460,Customer_7460,cust7460@masked.com,+XXX-XXX-8460,40,125075,A,3106
107461,Customer_7461,cust7461@masked.com,+XXX-XXX-8461,33,167475,A,3053
107462,Customer_7462,cust7462@masked.com,+XXX-XXX-8462,44,22420,B,3132
107463,Customer_7463,cust7463@masked.com,+XXX-XXX-8463,63,162290,D,3140
107464,Customer_7464,cust7464@masked.com,+XXX-XXX-8464,40,191763,B,3042
107465,Customer_7465,cust7465@masked.com,+XXX-XXX-8465,62,181206,C,3088
107466,Customer_7466,cust7466@masked.com,+XXX-XXX-8466,48,23133,B,3114
107467,Customer_7467,cust7467@masked.com,+XXX-XXX-8467,55,80901,A,3098
107468,Customer_7468,cust7468@masked.com,+XXX-XXX-8468,41,119089,E,3046
107469,Customer_7469,cust7469@masked.com,+XXX-XXX-8469,26,85370,D,3070
107470,Customer_7470,cust7470@masked.com,+XXX-XXX-8470,27,198126,A,3066
107471,Customer_7471,cust7471@masked.com,+XXX-XXX-8471,49,60503,C,3061
107472,Customer_7472,cust7472@masked.com,+XXX-XXX-8472,43,144309,B,3108
107473,Customer_7473,cust7473@masked.com,+XXX-XXX-8473,25,101671,E,3036
107474,Customer_7474,cust7474@masked.com,+XXX-XXX-8474,42,70570,B,3118
107475,Customer_7475,cust7475@masked.com,+XXX-XXX-8475,29,119851,B,3085
107476,Customer_7476,cust7476@masked.com,+XXX-XXX-8476,52,65231,C,3125
107477,Customer_7477,cust7477@masked.com,+XXX-XXX-8477,30,102278,D,3135
107478,Customer_7478,cust7478@masked.com,+XXX-XXX-8478,66,67934,A,3051
107479,Customer_7479,cust7479@masked.com,+XXX-XXX-8479,63,21562,C,3090
107480,Customer_7480,cust7480@masked.com,+XXX-XXX-8480,69,38561,A,3032
107481,Customer_7481,cust7481@masked.com,+XXX-XXX-8481,48,184318,D,3080
107482,Customer_7482,cust7482@masked.com,+XXX-XXX-8482,31,151335,A,3041
107483,Customer_7483,cust7483@masked.com,+XXX-XXX-8483,27,142691,D,3111
107484,Customer_7484,cust7484@masked.com,+XXX-XXX-8484,50,26646,B,3125
107485,Customer_7485,cust7485@masked.com,+XXX-XXX-8485,63,117439,B,3135
107486,Customer_7486,cust7486@masked.com,+XXX-XXX-8486,65,96684,E,3105
107487,Customer_7487,cust7487@masked.com,+XXX-XXX-8487,58,134517,E,3124
107488,Customer_7488,cust7488@masked.com,+XXX-XXX-8488,54,111673,C,3112
107489,Customer_7489,cust7489@masked.com,+XXX-XXX-8489,66,177084,A,3063
107490,Customer_7490,cust7490@masked.com,+XXX-XXX-8490,48,198650,C,3122
107491,Customer_7491,cust7491@masked.com,+XXX-XXX-8491,52,169461,C,3113
107492,Customer_7492,cust7492@masked.com,+XXX-XXX-8492,36,99889,C,3019
107493,Customer_7493,cust7493@masked.com,+XXX-XXX-8493,59,72292,C,3015
107494,Customer_7494,cust7494@masked.com,+XXX-XXX-8494,21,45483,A,3144
107495,Customer_7495,cust7495@masked.com,+XXX-XXX-8495,54,183969,C,3018
107496,Customer_7496,cust7496@masked.com,+XXX-XXX-8496,61,192969,C,3119
107497,Customer_7497,cust7497@masked.com,+XXX-XXX-8497,43,171174,A,3135
107498,Customer_7498,cust7498@masked.com,+XXX-XXX-8498,40,114074,C,3037
107499,Customer_7499,cust7499@masked.com,+XXX-XXX-8499,38,91385,C,3092
107500,Customer_7500,cust7500@masked.com,+XXX-XXX-8500,38,113493,C,3104
107501,Customer_7501,cust7501@masked.com,+XXX-XXX-8501,62,140294,A,3099
107502,Customer_7502,cust7502@masked.com,+XXX-XXX-8502,60,33807,C,3089
107503,Customer_7503,cust7503@masked.com,+XXX-XXX-8503,41,95765,B,3043
107504,Customer_7504,cust7504@masked.com,+XXX-XXX-8504,28,66062,C,3075
107505,Customer_7505,cust7505@masked.com,+XXX-XXX-8505,54,45282,D,3144
107506,Customer_7506,cust7506@masked.com,+XXX-XXX-8506,31,119006,C,3078
107507,Customer_7507,cust7507@masked.com,+XXX-XXX-8507,63,139529,A,3072
107508,Customer_7508,cust7508@masked.com,+XXX-XXX-8508,63,133729,C,3139
107509,Customer_7509,cust7509@masked.com,+XXX-XXX-8509,30,34272,E,3095
107510,Customer_7510,cust7510@masked.com,+XXX-XXX-8510,28,73283,A,3088
107511,Customer_7511,cust7511@masked.com,+XXX-XXX-8511,67,73994,D,3102
107512,Customer_7512,cust7512@masked.com,+XXX-XXX-8512,28,108080,C,3145
107513,Customer_7513,cust7513@masked.com,+XXX-XXX-8513,39,99904,D,3005
107514,Customer_7514,cust7514@masked.com,+XXX-XXX-8514,21,190332,B,3121
107515,Customer_7515,cust7515@masked.com,+XXX-XXX-8515,23,156571,B,3115
107516,Customer_7516,cust7516@masked.com,+XXX-XXX-8516,64,104475,D,3061
107517,Customer_7517,cust7517@masked.com,+XXX-XXX-8517,52,180389,B,3143
107518,Customer_7518,cust7518@masked.com,+XXX-XXX-8518,68,31178,A,3135
107519,Customer_7519,cust7519@masked.com,+XXX-XXX-8519,36,23939,C,3088
107520,Customer_7520,cust7520@masked.com,+XXX-XXX-8520,50,139639,A,3095
107521,Customer_7521,cust7521@masked.com,+XXX-XXX-8521,69,138026,D,3125
107522,Customer_7522,cust7522@masked.com,+XXX-XXX-8522,48,135485,C,3089
107523,Customer_7523,cust7523@masked.com,+XXX-XXX-8523,48,116137,D,3085
107524,Customer_7524,cust7524@masked.com,+XXX-XXX-8524,36,101242,D,3137
107525,Customer_7525,cust7525@masked.com,+XXX-XXX-8525,61,178359,A,3120
107526,Customer_7526,cust7526@masked.com,+XXX-XXX-8526,53,126938,B,3075
107527,Customer_7527,cust7527@masked.com,+XXX-XXX-8527,45,119957,D,3091
107528,Customer_7528,cust7528@masked.com,+XXX-XXX-8528,38,160226,B,3069
107529,Customer_7529,cust7529@masked.com,+XXX-XXX-8529,46,77916,E,3147
107530,Customer_7530,cust7530@masked.com,+XXX-XXX-8530,26,131212,C,3132
107531,Customer_7531,cust7531@masked.com,+XXX-XXX-8531,58,32034,A,3022
107532,Customer_7532,cust7532@masked.com,+XXX-XXX-8532,64,115013,D,3136
107533,Customer_7533,cust7533@masked.com,+XXX-XXX-8533,23,180809,A,3057
107534,Customer_7534,cust7534@masked.com,+XXX-XXX-8534,63,151887,A,3045
107535,Customer_7535,cust7535@masked.com,+XXX-XXX-8535,26,149036,C,3021
107536,Customer_7536,cust7536@masked.com,+XXX-XXX-8536,34,59735,D,3007
107537,Customer_7537,cust7537@masked.com,+XXX-XXX-8537,38,70362,C,3122
107538,Customer_7538,cust7538@masked.com,+XXX-XXX-8538,36,72286,B,3019
107539,Customer_7539,cust7539@masked.com,+XXX-XXX-8539,44,102474,B,3077
107540,Customer_7540,cust7540@masked.com,+XXX-XXX-8540,33,125212,B,3038
107541,Customer_7541,cust7541@masked.com,+XXX-XXX-8541,21,180568,B,3036
107542,Customer_7542,cust7542@masked.com,+XXX-XXX-8542,58,98996,B,3074
107543,Customer_7543,cust7543@masked.com,+XXX-XXX-8543,34,97790,C,3117
107544,Customer_7544,cust7544@masked.com,+XXX-XXX-8544,37,31957,D,3103
107545,Customer_7545,cust7545@masked.com,+XXX-XXX-8545,33,27852,B,3030
107546,Customer_7546,cust7546@masked.com,+XXX-XXX-8546,33,86800,A,3122
107547,Customer_7547,cust7547@masked.com,+XXX-XXX-8547,29,43203,D,3053
107548,Customer_7548,cust7548@masked.com,+XXX-XXX-8548,26,198750,C,3033
107549,Customer_7549,cust7549@masked.com,+XXX-XXX-8549,26,192925,E,3121
107550,Customer_7550,cust7550@masked.com,+XXX-XXX-8550,50,199434,A,3112
107551,Customer_7551,cust7551@masked.com,+XXX-XXX-8551,57,30364,A,3061
107552,Customer_7552,cust7552@masked.com,+XXX-XXX-8552,66,178811,C,3022
107553,Customer_7553,cust7553@masked.com,+XXX-XXX-8553,34,82176,C,3045
107554,Customer_7554,cust7554@masked.com,+XXX-XXX-8554,24,199906,B,3055
107555,Customer_7555,cust7555@masked.com,+XXX-XXX-8555,54,58304,C,3134
107556,Customer_7556,cust7556@masked.com,+XXX-XXX-8556,22,45814,A,3117
107557,Customer_7557,cust7557@masked.com,+XXX-XXX-8557,37,36057,B,3130
107558,Customer_7558,cust7558@masked.com,+XXX-XXX-8558,62,100509,C,3112
107559,Customer_7559,cust7559@masked.com,+XXX-XXX-8559,34,38201,B,3043
107560,Customer_7560,cust7560@masked.com,+XXX-XXX-8560,37,69724,C,3127
107561,Customer_7561,cust7561@masked.com,+XXX-XXX-8561,50,197552,B,3107
107562,Customer_7562,cust7562@masked.com,+XXX-XXX-8562,63,189160,B,3016
107563,Customer_7563,cust7563@masked.com,+XXX-XXX-8563,49,63292,B,3058
107564,Customer_7564,cust7564@masked.com,+XXX-XXX-8564,27,144990,B,3137
107565,Customer_7565,cust7565@masked.com,+XXX-XXX-8565,29,114853,A,3098
107566,Customer_7566,cust7566@masked.com,+XXX-XXX-8566,66,69902,C,3083
107567,Customer_7567,cust7567@masked.com,+XXX-XXX-8567,43,139144,D,3145
107568,Customer_7568,cust7568@masked.com,+XXX-XXX-8568,56,174810,B,3044
107569,Customer_7569,cust7569@masked.com,+XXX-XXX-8569,34,139724,A,3107
107570,Customer_7570,cust7570@masked.com,+XXX-XXX-8570,40,55618,E,3061
107571,Customer_7571,cust7571@masked.com,+XXX-XXX-8571,37,50765,B,3058
107572,Customer_7572,cust7572@masked.com,+XXX-XXX-8572,52,197208,A,3137
107573,Customer_7573,cust7573@masked.com,+XXX-XXX-8573,45,45322,B,3010
107574,Customer_7574,cust7574@masked.com,+XXX-XXX-8574,50,162351,C,3101
107575,Customer_7575,cust7575@masked.com,+XXX-XXX-8575,69,173088,B,3069
107576,Customer_7576,cust7576@masked.com,+XXX-XXX-8576,47,100615,C,3122
107577,Customer_7577,cust7577@masked.com,+XXX-XXX-8577,47,44725,B,3033
107578,Customer_7578,cust7578@masked.com,+XXX-XXX-8578,66,93519,A,3100
107579,Customer_7579,cust7579@masked.com,+XXX-XXX-8579,51,141837,B,3144
107580,Customer_7580,cust7580@masked.com,+XXX-XXX-8580,65,42137,C,3103
107581,Customer_7581,cust7581@masked.com,+XXX-XXX-8581,46,32057,C,3039
107582,Customer_7582,cust7582@masked.com,+XXX-XXX-8582,34,41281,A,3018
107583,Customer_7583,cust7583@masked.com,+XXX-XXX-8583,68,131473,A,3066
107584,Customer_7584,cust7584@masked.com,+XXX-XXX-8584,41,125273,C,3081
107585,Customer_7585,cust7585@masked.com,+XXX-XXX-8585,48,172788,D,3063
107586,Customer_7586,cust7586@masked.com,+XXX-XXX-8586,35,157606,B,3082
107587,Customer_7587,cust7587@masked.com,+XXX-XXX-8587,50,79672,C,3046
107588,Customer_7588,cust7588@masked.com,+XXX-XXX-8588,45,126424,A,3005
107589,Customer_7589,cust7589@masked.com,+XXX-XXX-8589,31,128171,B,3015
107590,Customer_7590,cust7590@masked.com,+XXX-XXX-8590,64,189630,A,3145
107591,Customer_7591,cust7591@masked.com,+XXX-XXX-8591,31,134670,D,3038
107592,Customer_7592,cust7592@masked.com,+XXX-XXX-8592,48,145466,B,3112
107593,Customer_7593,cust7593@masked.com,+XXX-XXX-8593,25,46965,D,3139
107594,Customer_7594,cust7594@masked.com,+XXX-XXX-8594,48,56469,C,3137
107595,Customer_7595,cust7595@masked.com,+XXX-XXX-8595,28,103280,D,3070
107596,Customer_7596,cust7596@masked.com,+XXX-XXX-8596,46,162330,B,3109
107597,Customer_7597,cust7597@masked.com,+XXX-XXX-8597,26,129642,A,3054
107598,Customer_7598,cust7598@masked.com,+XXX-XXX-8598,52,83580,E,3128
107599,Customer_7599,cust7599@masked.com,+XXX-XXX-8599,68,23067,C,3048
107600,Customer_7600,cust7600@masked.com,+XXX-XXX-8600,52,112274,D,3020
107601,Customer_7601,cust7601@masked.com,+XXX-XXX-8601,32,54212,A,3036
107602,Customer_7602,cust7602@masked.com,+XXX-XXX-8602,26,163289,B,3115
107603,Customer_7603,cust7603@masked.com,+XXX-XXX-8603,33,172943,C,3023
107604,Customer_7604,cust7604@masked.com,+XXX-XXX-8604,59,25179,A,3054
107605,Customer_7605,cust7605@masked.com,+XXX-XXX-8605,60,43165,C,3024
107606,Customer_7606,cust7606@masked.com,+XXX-XXX-8606,64,156991,B,3134
107607,Customer_7607,cust7607@masked.com,+XXX-XXX-8607,54,75012,A,3126
107608,Customer_7608,cust7608@masked.com,+XXX-XXX-8608,43,101092,B,3092
107609,Customer_7609,cust7609@masked.com,+XXX-XXX-8609,61,198674,B,3093
107610,Customer_7610,cust7610@masked.com,+XXX-XXX-8610,65,197734,A,3070
107611,Customer_7611,cust7611@masked.com,+XXX-XXX-8611,37,173366,C,3121
107612,Customer_7612,cust7612@masked.com,+XXX-XXX-8612,65,98272,B,3023
107613,Customer_7613,cust7613@masked.com,+XXX-XXX-8613,68,193734,B,3010
107614,Customer_7614,cust7614@masked.com,+XXX-XXX-8614,21,99532,D,3072
107615,Customer_7615,cust7615@masked.com,+XXX-XXX-8615,27,110686,B,3011
107616,Customer_7616,cust7616@masked.com,+XXX-XXX-8616,33,149333,B,3034
107617,Customer_7617,cust7617@masked.com,+XXX-XXX-8617,34,42298,C,3140
107618,Customer_7618,cust7618@masked.com,+XXX-XXX-8618,37,181628,D,3022
107619,Customer_7619,cust7619@masked.com,+XXX-XXX-8619,50,188483,A,3082
107620,Customer_7620,cust7620@masked.com,+XXX-XXX-8620,68,33746,B,3087
107621,Customer_7621,cust7621@masked.com,+XXX-XXX-8621,67,184500,C,3079
107622,Customer_7622,cust7622@masked.com,+XXX-XXX-8622,69,41999,B,3096
107623,Customer_7623,cust7623@masked.com,+XXX-XXX-8623,54,121136,D,3139
107624,Customer_7624,cust7624@masked.com,+XXX-XXX-8624,47,50361,E,3033
107625,Customer_7625,cust7625@masked.com,+XXX-XXX-8625,45,131125,E,3074
107626,Customer_7626,cust7626@masked.com,+XXX-XXX-8626,64,159560,B,3127
107627,Customer_7627,cust7627@masked.com,+XXX-XXX-8627,55,58381,B,3140
107628,Customer_7628,cust7628@masked.com,+XXX-XXX-8628,29,174426,E,3030
107629,Customer_7629,cust7629@masked.com,+XXX-XXX-8629,26,167786,B,3129
107630,Customer_7630,cust7630@masked.com,+XXX-XXX-8630,46,26777,A,3102
107631,Customer_7631,cust7631@masked.com,+XXX-XXX-8631,58,163113,C,3014
107632,Customer_7632,cust7632@masked.com,+XXX-XXX-8632,59,33142,B,3056
107633,Customer_7633,cust7633@masked.com,+XXX-XXX-8633,47,111396,B,3074
107634,Customer_7634,cust7634@masked.com,+XXX-XXX-8634,60,160342,D,3033
107635,Customer_7635,cust7635@masked.com,+XXX-XXX-8635,51,143754,A,3102
107636,Customer_7636,cust7636@masked.com,+XXX-XXX-8636,23,23866,A,3074
107637,Customer_7637,cust7637@masked.com,+XXX-XXX-8637,44,164101,B,3028
107638,Customer_7638,cust7638@masked.com,+XXX-XXX-8638,35,189953,C,3015
107639,Customer_7639,cust7639@masked.com,+XXX-XXX-8639,26,129181,A,3076
107640,Customer_7640,cust7640@masked.com,+XXX-XXX-8640,31,145369,B,3036
107641,Customer_7641,cust7641@masked.com,+XXX-XXX-8641,50,119889,C,3080
107642,Customer_7642,cust7642@masked.com,+XXX-XXX-8642,55,22940,D,3148
107643,Customer_7643,cust7643@masked.com,+XXX-XXX-8643,68,165177,B,3123
107644,Customer_7644,cust7644@masked.com,+XXX-XXX-8644,58,114580,D,3018
107645,Customer_7645,cust7645@masked.com,+XXX-XXX-8645,63,84556,B,3101
107646,Customer_7646,cust7646@masked.com,+XXX-XXX-8646,60,132012,C,3135
107647,Customer_7647,cust7647@masked.com,+XXX-XXX-8647,49,42789,B,3076
107648,Customer_7648,cust7648@masked.com,+XXX-XXX-8648,43,164290,A,3040
107649,Customer_7649,cust7649@masked.com,+XXX-XXX-8649,62,37886,C,3060
107650,Customer_7650,cust7650@masked.com,+XXX-XXX-8650,62,37129,A,3025
107651,Customer_7651,cust7651@masked.com,+XXX-XXX-8651,23,186452,A,3070
107652,Customer_7652,cust7652@masked.com,+XXX-XXX-8652,46,152580,B,3102
107653,Customer_7653,cust7653@masked.com,+XXX-XXX-8653,34,97507,C,3069
107654,Customer_7654,cust7654@masked.com,+XXX-XXX-8654,39,185801,B,3106
107655,Customer_7655,cust7655@masked.com,+XXX-XXX-8655,41,149539,A,3106
107656,Customer_7656,cust7656@masked.com,+XXX-XXX-8656,41,160859,A,3102
107657,Customer_7657,cust7657@masked.com,+XXX-XXX-8657,29,147660,B,3018
107658,Customer_7658,cust7658@masked.com,+XXX-XXX-8658,33,60519,B,3067
107659,Customer_7659,cust7659@masked.com,+XXX-XXX-8659,61,154730,B,3069
107660,Customer_7660,cust7660@masked.com,+XXX-XXX-8660,64,43361,A,3112
107661,Customer_7661,cust7661@masked.com,+XXX-XXX-8661,66,108529,B,3056
107662,Customer_7662,cust7662@masked.com,+XXX-XXX-8662,57,137131,D,3060
107663,Customer_7663,cust7663@masked.com,+XXX-XXX-8663,58,176880,C,3091
107664,Customer_7664,cust7664@masked.com,+XXX-XXX-8664,65,164946,D,3029
107665,Customer_7665,cust7665@masked.com,+XXX-XXX-8665,65,174019,A,3126
107666,Customer_7666,cust7666@masked.com,+XXX-XXX-8666,44,60284,E,3114
107667,Customer_7667,cust7667@masked.com,+XXX-XXX-8667,58,39432,B,3005
107668,Customer_7668,cust7668@masked.com,+XXX-XXX-8668,66,89578,E,3017
107669,Customer_7669,cust7669@masked.com,+XXX-XXX-8669,31,106059,B,3009
107670,Customer_7670,cust7670@masked.com,+XXX-XXX-8670,49,155274,B,3091
107671,Customer_7671,cust7671@masked.com,+XXX-XXX-8671,65,189964,B,3138
107672,Customer_7672,cust7672@masked.com,+XXX-XXX-8672,64,65205,B,3076
107673,Customer_7673,cust7673@masked.com,+XXX-XXX-8673,68,27773,D,3100
107674,Customer_7674,cust7674@masked.com,+XXX-XXX-8674,58,37671,C,3083
107675,Customer_7675,cust7675@masked.com,+XXX-XXX-8675,61,28301,E,3051
107676,Customer_7676,cust7676@masked.com,+XXX-XXX-8676,37,148017,C,3030
107677,Customer_7677,cust7677@masked.com,+XXX-XXX-8677,68,183701,B,3144
107678,Customer_7678,cust7678@masked.com,+XXX-XXX-8678,46,73971,A,3109
107679,Customer_7679,cust7679@masked.com,+XXX-XXX-8679,46,71942,E,3092
107680,Customer_7680,cust7680@masked.com,+XXX-XXX-8680,32,180071,C,3052
107681,Customer_7681,cust7681@masked.com,+XXX-XXX-8681,38,94188,C,3144
107682,Customer_7682,cust7682@masked.com,+XXX-XXX-8682,29,102663,B,3085
107683,Customer_7683,cust7683@masked.com,+XXX-XXX-8683,23,38794,C,3001
107684,Customer_7684,cust7684@masked.com,+XXX-XXX-8684,30,113904,E,3085
107685,Customer_7685,cust7685@masked.com,+XXX-XXX-8685,63,66536,A,3132
107686,Customer_7686,cust7686@masked.com,+XXX-XXX-8686,22,94170,B,3003
107687,Customer_7687,cust7687@masked.com,+XXX-XXX-8687,28,21833,A,3005
107688,Customer_7688,cust7688@masked.com,+XXX-XXX-8688,63,53653,D,3148
107689,Customer_7689,cust7689@masked.com,+XXX-XXX-8689,38,166391,A,3117
107690,Customer_7690,cust7690@masked.com,+XXX-XXX-8690,59,23604,A,3088
107691,Customer_7691,cust7691@masked.com,+XXX-XXX-8691,51,156429,B,3013
107692,Customer_7692,cust7692@masked.com,+XXX-XXX-8692,34,167329,C,3055
107693,Customer_7693,cust7693@masked.com,+XXX-XXX-8693,59,48932,B,3080
107694,Customer_7694,cust7694@masked.com,+XXX-XXX-8694,53,81719,A,3148
107695,Customer_7695,cust7695@masked.com,+XXX-XXX-8695,49,85415,E,3045
107696,Customer_7696,cust7696@masked.com,+XXX-XXX-8696,64,84413,E,3143
107697,Customer_7697,cust7697@masked.com,+XXX-XXX-8697,53,105141,B,3015
107698,Customer_7698,cust7698@masked.com,+XXX-XXX-8698,55,148826,C,3119
107699,Customer_7699,cust7699@masked.com,+XXX-XXX-8699,22,126647,C,3083
107700,Customer_7700,cust7700@masked.com,+XXX-XXX-8700,55,141625,B,3007
107701,Customer_7701,cust7701@masked.com,+XXX-XXX-8701,52,21596,B,3087
107702,Customer_7702,cust7702@masked.com,+XXX-XXX-8702,56,133675,B,3130
107703,Customer_7703,cust7703@masked.com,+XXX-XXX-8703,66,50733,B,3018
107704,Customer_7704,cust7704@masked.com,+XXX-XXX-8704,43,128030,B,3096
107705,Customer_7705,cust7705@masked.com,+XXX-XXX-8705,25,29757,D,3065
107706,Customer_7706,cust7706@masked.com,+XXX-XXX-8706,67,160214,B,3078
107707,Customer_7707,cust7707@masked.com,+XXX-XXX-8707,36,104412,C,3085
107708,Customer_7708,cust7708@masked.com,+XXX-XXX-8708,60,45917,A,3123
107709,Customer_7709,cust7709@masked.com,+XXX-XXX-8709,44,117054,C,3149
107710,Customer_7710,cust7710@masked.com,+XXX-XXX-8710,60,184378,B,3045
107711,Customer_7711,cust7711@masked.com,+XXX-XXX-8711,48,142851,C,3112
107712,Customer_7712,cust7712@masked.com,+XXX-XXX-8712,45,179373,D,3090
107713,Customer_7713,cust7713@masked.com,+XXX-XXX-8713,27,58321,D,3140
107714,Customer_7714,cust7714@masked.com,+XXX-XXX-8714,58,101193,B,3032
107715,Customer_7715,cust7715@masked.com,+XXX-XXX-8715,27,95462,C,3132
107716,Customer_7716,cust7716@masked.com,+XXX-XXX-8716,42,180039,E,3076
107717,Customer_7717,cust7717@masked.com,+XXX-XXX-8717,42,85549,C,3120
107718,Customer_7718,cust7718@masked.com,+XXX-XXX-8718,47,110302,A,3127
107719,Customer_7719,cust7719@masked.com,+XXX-XXX-8719,53,157065,C,3077
107720,Customer_7720,cust7720@masked.com,+XXX-XXX-8720,65,183209,A,3066
107721,Customer_7721,cust7721@masked.com,+XXX-XXX-8721,52,142293,D,3114
107722,Customer_7722,cust7722@masked.com,+XXX-XXX-8722,59,89638,C,3062
107723,Customer_7723,cust7723@masked.com,+XXX-XXX-8723,52,21104,B,3112
107724,Customer_7724,cust7724@masked.com,+XXX-XXX-8724,21,55580,A,3093
107725,Customer_7725,cust7725@masked.com,+XXX-XXX-8725,30,58899,B,3047
107726,Customer_7726,cust7726@masked.com,+XXX-XXX-8726,65,124932,D,3011
107727,Customer_7727,cust7727@masked.com,+XXX-XXX-8727,24,177028,A,3144
107728,Customer_7728,cust7728@masked.com,+XXX-XXX-8728,49,82774,B,3039
107729,Customer_7729,cust7729@masked.com,+XXX-XXX-8729,27,133145,E,3084
107730,Customer_7730,cust7730@masked.com,+XXX-XXX-8730,58,126135,B,3056
107731,Customer_7731,cust7731@masked.com,+XXX-XXX-8731,26,102721,B,3086
107732,Customer_7732,cust7732@masked.com,+XXX-XXX-8732,31,134301,C,3083
107733,Customer_7733,cust7733@masked.com,+XXX-XXX-8733,29,73696,B,3120
107734,Customer_7734,cust7734@masked.com,+XXX-XXX-8734,50,26428,A,3073
107735,Customer_7735,cust7735@masked.com,+XXX-XXX-8735,42,101177,A,3106
107736,Customer_7736,cust7736@masked.com,+XXX-XXX-8736,59,161385,C,3123
107737,Customer_7737,cust7737@masked.com,+XXX-XXX-8737,29,24140,E,3099
107738,Customer_7738,cust7738@masked.com,+XXX-XXX-8738,58,22792,A,3042
107739,Customer_7739,cust7739@masked.com,+XXX-XXX-8739,66,88259,A,3118
107740,Customer_7740,cust7740@masked.com,+XXX-XXX-8740,53,107496,B,3022
107741,Customer_7741,cust7741@masked.com,+XXX-XXX-8741,46,122492,D,3036
107742,Customer_7742,cust7742@masked.com,+XXX-XXX-8742,36,182113,B,3133
107743,Customer_7743,cust7743@masked.com,+XXX-XXX-8743,29,47089,D,3064
107744,Customer_7744,cust7744@masked.com,+XXX-XXX-8744,43,20603,A,3133
107745,Customer_7745,cust7745@masked.com,+XXX-XXX-8745,35,27150,E,3021
107746,Customer_7746,cust7746@masked.com,+XXX-XXX-8746,39,133193,C,3104
107747,Customer_7747,cust7747@masked.com,+XXX-XXX-8747,62,76048,C,3087
107748,Customer_7748,cust7748@masked.com,+XXX-XXX-8748,36,42346,B,3124
107749,Customer_7749,cust7749@masked.com,+XXX-XXX-8749,45,101478,D,3078
107750,Customer_7750,cust7750@masked.com,+XXX-XXX-8750,55,88311,A,3089
107751,Customer_7751,cust7751@masked.com,+XXX-XXX-8751,33,154711,A,3050
107752,Customer_7752,cust7752@masked.com,+XXX-XXX-8752,66,110702,B,3101
107753,Customer_7753,cust7753@masked.com,+XXX-XXX-8753,27,146450,D,3105
107754,Customer_7754,cust7754@masked.com,+XXX-XXX-8754,54,86386,D,3059
107755,Customer_7755,cust7755@masked.com,+XXX-XXX-8755,34,69591,C,3045
107756,Customer_7756,cust7756@masked.com,+XXX-XXX-8756,43,93336,C,3035
107757,Customer_7757,cust7757@masked.com,+XXX-XXX-8757,43,141545,A,3010
107758,Customer_7758,cust7758@masked.com,+XXX-XXX-8758,37,92111,D,3011
107759,Customer_7759,cust7759@masked.com,+XXX-XXX-8759,33,63955,D,3038
107760,Customer_7760,cust7760@masked.com,+XXX-XXX-8760,47,114535,C,3138
107761,Customer_7761,cust7761@masked.com,+XXX-XXX-8761,22,148256,B,3035
107762,Customer_7762,cust7762@masked.com,+XXX-XXX-8762,57,50249,E,3051
107763,Customer_7763,cust7763@masked.com,+XXX-XXX-8763,50,41577,D,3030
107764,Customer_7764,cust7764@masked.com,+XXX-XXX-8764,24,135945,C,3032
107765,Customer_7765,cust7765@masked.com,+XXX-XXX-8765,50,169000,B,3140
107766,Customer_7766,cust7766@masked.com,+XXX-XXX-8766,23,181310,C,3145
107767,Customer_7767,cust7767@masked.com,+XXX-XXX-8767,34,64639,C,3057
107768,Customer_7768,cust7768@masked.com,+XXX-XXX-8768,31,52001,B,3127
107769,Customer_7769,cust7769@masked.com,+XXX-XXX-8769,60,38199,B,3030
107770,Customer_7770,cust7770@masked.com,+XXX-XXX-8770,43,120580,B,3054
107771,Customer_7771,cust7771@masked.com,+XXX-XXX-8771,61,86986,C,3009
107772,Customer_7772,cust7772@masked.com,+XXX-XXX-8772,68,117989,B,3129
107773,Customer_7773,cust7773@masked.com,+XXX-XXX-8773,52,123210,B,3014
107774,Customer_7774,cust7774@masked.com,+XXX-XXX-8774,23,91384,D,3002
107775,Customer_7775,cust7775@masked.com,+XXX-XXX-8775,62,175821,C,3042
107776,Customer_7776,cust7776@masked.com,+XXX-XXX-8776,21,150171,A,3066
107777,Customer_7777,cust7777@masked.com,+XXX-XXX-8777,29,64738,B,3055
107778,Customer_7778,cust7778@masked.com,+XXX-XXX-8778,68,107272,D,3062
107779,Customer_7779,cust7779@masked.com,+XXX-XXX-8779,29,169632,D,3014
107780,Customer_7780,cust7780@masked.com,+XXX-XXX-8780,32,101470,B,3108
107781,Customer_7781,cust7781@masked.com,+XXX-XXX-8781,21,179979,E,3115
107782,Customer_7782,cust7782@masked.com,+XXX-XXX-8782,36,99691,A,3091
107783,Customer_7783,cust7783@masked.com,+XXX-XXX-8783,50,59101,E,3137
107784,Customer_7784,cust7784@masked.com,+XXX-XXX-8784,28,113884,B,3046
107785,Customer_7785,cust7785@masked.com,+XXX-XXX-8785,66,199806,A,3056
107786,Customer_7786,cust7786@masked.com,+XXX-XXX-8786,66,79036,B,3049
107787,Customer_7787,cust7787@masked.com,+XXX-XXX-8787,30,36674,B,3070
107788,Customer_7788,cust7788@masked.com,+XXX-XXX-8788,53,195963,C,3142
107789,Customer_7789,cust7789@masked.com,+XXX-XXX-8789,58,43892,D,3145
107790,Customer_7790,cust7790@masked.com,+XXX-XXX-8790,61,136106,D,3081
107791,Customer_7791,cust7791@masked.com,+XXX-XXX-8791,42,198314,B,3115
107792,Customer_7792,cust7792@masked.com,+XXX-XXX-8792,36,139998,B,3104
107793,Customer_7793,cust7793@masked.com,+XXX-XXX-8793,39,107558,A,3087
107794,Customer_7794,cust7794@masked.com,+XXX-XXX-8794,31,183366,A,3001
107795,Customer_7795,cust7795@masked.com,+XXX-XXX-8795,31,80487,C,3103
107796,Customer_7796,cust7796@masked.com,+XXX-XXX-8796,34,38580,A,3083
107797,Customer_7797,cust7797@masked.com,+XXX-XXX-8797,59,151533,C,3042
107798,Customer_7798,cust7798@masked.com,+XXX-XXX-8798,46,134048,C,3070
107799,Customer_7799,cust7799@masked.com,+XXX-XXX-8799,64,142647,A,3093
107800,Customer_7800,cust7800@masked.com,+XXX-XXX-8800,40,155804,C,3041
107801,Customer_7801,cust7801@masked.com,+XXX-XXX-8801,40,102565,A,3132
107802,Customer_7802,cust7802@masked.com,+XXX-XXX-8802,25,81957,B,3138
107803,Customer_7803,cust7803@masked.com,+XXX-XXX-8803,21,173470,D,3064
107804,Customer_7804,cust7804@masked.com,+XXX-XXX-8804,31,196317,B,3033
107805,Customer_7805,cust7805@masked.com,+XXX-XXX-8805,67,52639,A,3119
107806,Customer_7806,cust7806@masked.com,+XXX-XXX-8806,30,65134,C,3000
107807,Customer_7807,cust7807@masked.com,+XXX-XXX-8807,67,95298,A,3129
107808,Customer_7808,cust7808@masked.com,+XXX-XXX-8808,48,69967,C,3147
107809,Customer_7809,cust7809@masked.com,+XXX-XXX-8809,65,28040,B,3060
107810,Customer_7810,cust7810@masked.com,+XXX-XXX-8810,67,144970,B,3148
107811,Customer_7811,cust7811@masked.com,+XXX-XXX-8811,54,57666,D,3087
107812,Customer_7812,cust7812@masked.com,+XXX-XXX-8812,33,154276,C,3067
107813,Customer_7813,cust7813@masked.com,+XXX-XXX-8813,64,53897,A,3126
107814,Customer_7814,cust7814@masked.com,+XXX-XXX-8814,45,66750,B,3139
107815,Customer_7815,cust7815@masked.com,+XXX-XXX-8815,43,63015,D,3021
107816,Customer_7816,cust7816@masked.com,+XXX-XXX-8816,56,38181,A,3147
107817,Customer_7817,cust7817@masked.com,+XXX-XXX-8817,32,138102,C,3081
107818,Customer_7818,cust7818@masked.com,+XXX-XXX-8818,67,38868,C,3128
107819,Customer_7819,cust7819@masked.com,+XXX-XXX-8819,65,108143,C,3029
107820,Customer_7820,cust7820@masked.com,+XXX-XXX-8820,22,44107,D,3125
107821,Customer_7821,cust7821@masked.com,+XXX-XXX-8821,40,37072,C,3096
107822,Customer_7822,cust7822@masked.com,+XXX-XXX-8822,36,65955,C,3023
107823,Customer_7823,cust7823@masked.com,+XXX-XXX-8823,34,173887,D,3013
107824,Customer_7824,cust7824@masked.com,+XXX-XXX-8824,22,148112,C,3035
107825,Customer_7825,cust7825@masked.com,+XXX-XXX-8825,69,113122,B,3023
107826,Customer_7826,cust7826@masked.com,+XXX-XXX-8826,36,48478,B,3094
107827,Customer_7827,cust7827@masked.com,+XXX-XXX-8827,24,107921,C,3054
107828,Customer_7828,cust7828@masked.com,+XXX-XXX-8828,63,141787,D,3023
107829,Customer_7829,cust7829@masked.com,+XXX-XXX-8829,33,179969,B,3025
107830,Customer_7830,cust7830@masked.com,+XXX-XXX-8830,58,50028,B,3079
107831,Customer_7831,cust7831@masked.com,+XXX-XXX-8831,69,50112,E,3064
107832,Customer_7832,cust7832@masked.com,+XXX-XXX-8832,21,75573,C,3074
107833,Customer_7833,cust7833@masked.com,+XXX-XXX-8833,29,195902,A,3042
107834,Customer_7834,cust7834@masked.com,+XXX-XXX-8834,41,137527,C,3028
107835,Customer_7835,cust7835@masked.com,+XXX-XXX-8835,38,72226,E,3080
107836,Customer_7836,cust7836@masked.com,+XXX-XXX-8836,63,56146,D,3053
107837,Customer_7837,cust7837@masked.com,+XXX-XXX-8837,52,145981,C,3038
107838,Customer_7838,cust7838@masked.com,+XXX-XXX-8838,66,64568,A,3041
107839,Customer_7839,cust7839@masked.com,+XXX-XXX-8839,54,114816,D,3028
107840,Customer_7840,cust7840@masked.com,+XXX-XXX-8840,40,178087,C,3130
107841,Customer_7841,cust7841@masked.com,+XXX-XXX-8841,63,100224,D,3137
107842,Customer_7842,cust7842@masked.com,+XXX-XXX-8842,22,34350,B,3141
107843,Customer_7843,cust7843@masked.com,+XXX-XXX-8843,24,124752,A,3041
107844,Customer_7844,cust7844@masked.com,+XXX-XXX-8844,65,54045,B,3093
107845,Customer_7845,cust7845@masked.com,+XXX-XXX-8845,58,140758,B,3031
107846,Customer_7846,cust7846@masked.com,+XXX-XXX-8846,27,141684,C,3025
107847,Customer_7847,cust7847@masked.com,+XXX-XXX-8847,42,149663,E,3114
107848,Customer_7848,cust7848@masked.com,+XXX-XXX-8848,40,27353,C,3128
107849,Customer_7849,cust7849@masked.com,+XXX-XXX-8849,55,28578,D,3055
107850,Customer_7850,cust7850@masked.com,+XXX-XXX-8850,24,199080,B,3121
107851,Customer_7851,cust7851@masked.com,+XXX-XXX-8851,40,93203,D,3105
107852,Customer_7852,cust7852@masked.com,+XXX-XXX-8852,55,20013,D,3129
107853,Customer_7853,cust7853@masked.com,+XXX-XXX-8853,53,76549,C,3080
107854,Customer_7854,cust7854@masked.com,+XXX-XXX-8854,41,171642,C,3119
107855,Customer_7855,cust7855@masked.com,+XXX-XXX-8855,65,138163,C,3051
107856,Customer_7856,cust7856@masked.com,+XXX-XXX-8856,34,69155,C,3090
107857,Customer_7857,cust7857@masked.com,+XXX-XXX-8857,51,113181,B,3136
107858,Customer_7858,cust7858@masked.com,+XXX-XXX-8858,42,183479,D,3021
107859,Customer_7859,cust7859@masked.com,+XXX-XXX-8859,68,154362,E,3033
107860,Customer_7860,cust7860@masked.com,+XXX-XXX-8860,50,147771,B,3109
107861,Customer_7861,cust7861@masked.com,+XXX-XXX-8861,49,81282,C,3048
107862,Customer_7862,cust7862@masked.com,+XXX-XXX-8862,56,147191,C,3128
107863,Customer_7863,cust7863@masked.com,+XXX-XXX-8863,69,191770,C,3072
107864,Customer_7864,cust7864@masked.com,+XXX-XXX-8864,62,78946,C,3083
107865,Customer_7865,cust7865@masked.com,+XXX-XXX-8865,49,196831,D,3052
107866,Customer_7866,cust7866@masked.com,+XXX-XXX-8866,27,89509,B,3099
107867,Customer_7867,cust7867@masked.com,+XXX-XXX-8867,52,47118,A,3123
107868,Customer_7868,cust7868@masked.com,+XXX-XXX-8868,33,46218,D,3044
107869,Customer_7869,cust7869@masked.com,+XXX-XXX-8869,33,46065,C,3136
107870,Customer_7870,cust7870@masked.com,+XXX-XXX-8870,34,108507,D,3104
107871,Customer_7871,cust7871@masked.com,+XXX-XXX-8871,26,65018,A,3149
107872,Customer_7872,cust7872@masked.com,+XXX-XXX-8872,36,182570,A,3145
107873,Customer_7873,cust7873@masked.com,+XXX-XXX-8873,61,170689,E,3105
107874,Customer_7874,cust7874@masked.com,+XXX-XXX-8874,68,116430,A,3042
107875,Customer_7875,cust7875@masked.com,+XXX-XXX-8875,41,168842,D,3133
107876,Customer_7876,cust7876@masked.com,+XXX-XXX-8876,64,168653,D,3047
107877,Customer_7877,cust7877@masked.com,+XXX-XXX-8877,36,169741,C,3125
107878,Customer_7878,cust7878@masked.com,+XXX-XXX-8878,25,101058,A,3006
107879,Customer_7879,cust7879@masked.com,+XXX-XXX-8879,44,131605,C,3015
107880,Customer_7880,cust7880@masked.com,+XXX-XXX-8880,63,130485,D,3128
107881,Customer_7881,cust7881@masked.com,+XXX-XXX-8881,21,39343,B,3114
107882,Customer_7882,cust7882@masked.com,+XXX-XXX-8882,30,70413,B,3036
107883,Customer_7883,cust7883@masked.com,+XXX-XXX-8883,63,147605,B,3124
107884,Customer_7884,cust7884@masked.com,+XXX-XXX-8884,67,37924,A,3080
107885,Customer_7885,cust7885@masked.com,+XXX-XXX-8885,55,127289,D,3061
107886,Customer_7886,cust7886@masked.com,+XXX-XXX-8886,51,84407,D,3071
107887,Customer_7887,cust7887@masked.com,+XXX-XXX-8887,35,52066,E,3124
107888,Customer_7888,cust7888@masked.com,+XXX-XXX-8888,31,83894,C,3065
107889,Customer_7889,cust7889@masked.com,+XXX-XXX-8889,29,142355,D,3029
107890,Customer_7890,cust7890@masked.com,+XXX-XXX-8890,22,144900,A,3019
107891,Customer_7891,cust7891@masked.com,+XXX-XXX-8891,64,192645,C,3081
107892,Customer_7892,cust7892@masked.com,+XXX-XXX-8892,50,180229,C,3106
107893,Customer_7893,cust7893@masked.com,+XXX-XXX-8893,36,99820,D,3131
107894,Customer_7894,cust7894@masked.com,+XXX-XXX-8894,68,148078,D,3036
107895,Customer_7895,cust7895@masked.com,+XXX-XXX-8895,21,114529,E,3131
107896,Customer_7896,cust7896@masked.com,+XXX-XXX-8896,68,73386,D,3076
107897,Customer_7897,cust7897@masked.com,+XXX-XXX-8897,26,93039,D,3088
107898,Customer_7898,cust7898@masked.com,+XXX-XXX-8898,66,162561,A,3145
107899,Customer_7899,cust7899@masked.com,+XXX-XXX-8899,31,98395,D,3087
107900,Customer_7900,cust7900@masked.com,+XXX-XXX-8900,53,31015,C,3032
107901,Customer_7901,cust7901@masked.com,+XXX-XXX-8901,37,104560,B,3057
107902,Customer_7902,cust7902@masked.com,+XXX-XXX-8902,54,164168,A,3027
107903,Customer_7903,cust7903@masked.com,+XXX-XXX-8903,66,45562,C,3034
107904,Customer_7904,cust7904@masked.com,+XXX-XXX-8904,60,99738,B,3124
107905,Customer_7905,cust7905@masked.com,+XXX-XXX-8905,45,45848,B,3137
107906,Customer_7906,cust7906@masked.com,+XXX-XXX-8906,42,68548,C,3064
107907,Customer_7907,cust7907@masked.com,+XXX-XXX-8907,46,77151,D,3041
107908,Customer_7908,cust7908@masked.com,+XXX-XXX-8908,47,161498,D,3084
107909,Customer_7909,cust7909@masked.com,+XXX-XXX-8909,58,163608,B,3136
107910,Customer_7910,cust7910@masked.com,+XXX-XXX-8910,29,132409,B,3110
107911,Customer_7911,cust7911@masked.com,+XXX-XXX-8911,57,100117,B,3014
107912,Customer_7912,cust7912@masked.com,+XXX-XXX-8912,25,68030,B,3068
107913,Customer_7913,cust7913@masked.com,+XXX-XXX-8913,38,27385,A,3104
107914,Customer_7914,cust7914@masked.com,+XXX-XXX-8914,42,76746,E,3149
107915,Customer_7915,cust7915@masked.com,+XXX-XXX-8915,66,42542,C,3063
107916,Customer_7916,cust7916@masked.com,+XXX-XXX-8916,32,171295,A,3040
107917,Customer_7917,cust7917@masked.com,+XXX-XXX-8917,64,135513,B,3070
107918,Customer_7918,cust7918@masked.com,+XXX-XXX-8918,42,186576,C,3055
107919,Customer_7919,cust7919@masked.com,+XXX-XXX-8919,26,73784,C,3024
107920,Customer_7920,cust7920@masked.com,+XXX-XXX-8920,56,176139,A,3104
107921,Customer_7921,cust7921@masked.com,+XXX-XXX-8921,47,30051,E,3133
107922,Customer_7922,cust7922@masked.com,+XXX-XXX-8922,67,194371,B,3118
107923,Customer_7923,cust7923@masked.com,+XXX-XXX-8923,35,176239,A,3008
107924,Customer_7924,cust7924@masked.com,+XXX-XXX-8924,37,186574,A,3059
107925,Customer_7925,cust7925@masked.com,+XXX-XXX-8925,23,76039,C,3124
107926,Customer_7926,cust7926@masked.com,+XXX-XXX-8926,30,127443,A,3048
107927,Customer_7927,cust7927@masked.com,+XXX-XXX-8927,45,111687,A,3050
107928,Customer_7928,cust7928@masked.com,+XXX-XXX-8928,41,151754,B,3069
107929,Customer_7929,cust7929@masked.com,+XXX-XXX-8929,60,176276,C,3036
107930,Customer_7930,cust7930@masked.com,+XXX-XXX-8930,29,147568,A,3030
107931,Customer_7931,cust7931@masked.com,+XXX-XXX-8931,44,171938,B,3061
107932,Customer_7932,cust7932@masked.com,+XXX-XXX-8932,52,66662,B,3092
107933,Customer_7933,cust7933@masked.com,+XXX-XXX-8933,23,41131,A,3013
107934,Customer_7934,cust7934@masked.com,+XXX-XXX-8934,53,195786,C,3078
107935,Customer_7935,cust7935@masked.com,+XXX-XXX-8935,63,152165,A,3007
107936,Customer_7936,cust7936@masked.com,+XXX-XXX-8936,65,99021,A,3035
107937,Customer_7937,cust7937@masked.com,+XXX-XXX-8937,32,30683,C,3047
107938,Customer_7938,cust7938@masked.com,+XXX-XXX-8938,49,105692,B,3084
107939,Customer_7939,cust7939@masked.com,+XXX-XXX-8939,41,192464,A,3027
107940,Customer_7940,cust7940@masked.com,+XXX-XXX-8940,59,156406,B,3050
107941,Customer_7941,cust7941@masked.com,+XXX-XXX-8941,54,135288,D,3103
107942,Customer_7942,cust7942@masked.com,+XXX-XXX-8942,53,128162,C,3100
107943,Customer_7943,cust7943@masked.com,+XXX-XXX-8943,52,121059,D,3028
107944,Customer_7944,cust7944@masked.com,+XXX-XXX-8944,40,94046,D,3126
107945,Customer_7945,cust7945@masked.com,+XXX-XXX-8945,23,174972,E,3081
107946,Customer_7946,cust7946@masked.com,+XXX-XXX-8946,24,182179,D,3009
107947,Customer_7947,cust7947@masked.com,+XXX-XXX-8947,37,76660,C,3105
107948,Customer_7948,cust7948@masked.com,+XXX-XXX-8948,37,62822,B,3000
107949,Customer_7949,cust7949@masked.com,+XXX-XXX-8949,39,44646,A,3038
107950,Customer_7950,cust7950@masked.com,+XXX-XXX-8950,24,74400,C,3020
107951,Customer_7951,cust7951@masked.com,+XXX-XXX-8951,49,85979,E,3064
107952,Customer_7952,cust7952@masked.com,+XXX-XXX-8952,37,68417,B,3014
107953,Customer_7953,cust7953@masked.com,+XXX-XXX-8953,42,83505,C,3131
107954,Customer_7954,cust7954@masked.com,+XXX-XXX-8954,22,91210,B,3060
107955,Customer_7955,cust7955@masked.com,+XXX-XXX-8955,62,123499,B,3147
107956,Customer_7956,cust7956@masked.com,+XXX-XXX-8956,32,152941,B,3137
107957,Customer_7957,cust7957@masked.com,+XXX-XXX-8957,65,73800,C,3086
107958,Customer_7958,cust7958@masked.com,+XXX-XXX-8958,31,62971,B,3104
107959,Customer_7959,cust7959@masked.com,+XXX-XXX-8959,60,178569,C,3033
107960,Customer_7960,cust7960@masked.com,+XXX-XXX-8960,49,195383,D,3123
107961,Customer_7961,cust7961@masked.com,+XXX-XXX-8961,40,20770,D,3109
107962,Customer_7962,cust7962@masked.com,+XXX-XXX-8962,25,107482,B,3032
107963,Customer_7963,cust7963@masked.com,+XXX-XXX-8963,45,70105,D,3097
107964,Customer_7964,cust7964@masked.com,+XXX-XXX-8964,54,180072,B,3060
107965,Customer_7965,cust7965@masked.com,+XXX-XXX-8965,32,21559,B,3009
107966,Customer_7966,cust7966@masked.com,+XXX-XXX-8966,48,112609,C,3083
107967,Customer_7967,cust7967@masked.com,+XXX-XXX-8967,54,72598,B,3064
107968,Customer_7968,cust7968@masked.com,+XXX-XXX-8968,26,195399,A,3076
107969,Customer_7969,cust7969@masked.com,+XXX-XXX-8969,39,113659,B,3000
107970,Customer_7970,cust7970@masked.com,+XXX-XXX-8970,32,26982,C,3132
107971,Customer_7971,cust7971@masked.com,+XXX-XXX-8971,45,169896,B,3079
107972,Customer_7972,cust7972@masked.com,+XXX-XXX-8972,33,118412,C,3014
107973,Customer_7973,cust7973@masked.com,+XXX-XXX-8973,37,139142,C,3027
107974,Customer_7974,cust7974@masked.com,+XXX-XXX-8974,32,29147,C,3022
107975,Customer_7975,cust7975@masked.com,+XXX-XXX-8975,23,158150,D,3108
107976,Customer_7976,cust7976@masked.com,+XXX-XXX-8976,44,105280,B,3106
107977,Customer_7977,cust7977@masked.com,+XXX-XXX-8977,28,105409,A,3144
107978,Customer_7978,cust7978@masked.com,+XXX-XXX-8978,68,85853,B,3112
107979,Customer_7979,cust7979@masked.com,+XXX-XXX-8979,56,118644,B,3097
107980,Customer_7980,cust7980@masked.com,+XXX-XXX-8980,46,188284,C,3140
107981,Customer_7981,cust7981@masked.com,+XXX-XXX-8981,65,103994,A,3141
107982,Customer_7982,cust7982@masked.com,+XXX-XXX-8982,28,143517,B,3138
107983,Customer_7983,cust7983@masked.com,+XXX-XXX-8983,52,65456,D,3027
107984,Customer_7984,cust7984@masked.com,+XXX-XXX-8984,52,42062,C,3041
107985,Customer_7985,cust7985@masked.com,+XXX-XXX-8985,21,65423,C,3098
107986,Customer_7986,cust7986@masked.com,+XXX-XXX-8986,23,128886,D,3060
107987,Customer_7987,cust7987@masked.com,+XXX-XXX-8987,21,149716,D,3122
107988,Customer_7988,cust7988@masked.com,+XXX-XXX-8988,35,140172,C,3063
107989,Customer_7989,cust7989@masked.com,+XXX-XXX-8989,40,97716,B,3030
107990,Customer_7990,cust7990@masked.com,+XXX-XXX-8990,23,164456,E,3080
107991,Customer_7991,cust7991@masked.com,+XXX-XXX-8991,35,32128,C,3009
107992,Customer_7992,cust7992@masked.com,+XXX-XXX-8992,57,32473,A,3007
107993,Customer_7993,cust7993@masked.com,+XXX-XXX-8993,41,22366,B,3148
107994,Customer_7994,cust7994@masked.com,+XXX-XXX-8994,62,47578,C,3058
107995,Customer_7995,cust7995@masked.com,+XXX-XXX-8995,59,196721,E,3029
107996,Customer_7996,cust7996@masked.com,+XXX-XXX-8996,43,35327,A,3144
107997,Customer_7997,cust7997@masked.com,+XXX-XXX-8997,60,122008,A,3019
107998,Customer_7998,cust7998@masked.com,+XXX-XXX-8998,55,188041,D,3047
107999,Customer_7999,cust7999@masked.com,+XXX-XXX-8999,38,146775,D,3129
108000,Customer_8000,cust8000@masked.com,+XXX-XXX-9000,37,131009,B,3036
108001,Customer_8001,cust8001@masked.com,+XXX-XXX-9001,51,97745,B,3128
108002,Customer_8002,cust8002@masked.com,+XXX-XXX-9002,68,32929,C,3131
108003,Customer_8003,cust8003@masked.com,+XXX-XXX-9003,46,161516,B,3099
108004,Customer_8004,cust8004@masked.com,+XXX-XXX-9004,42,159828,D,3053
108005,Customer_8005,cust8005@masked.com,+XXX-XXX-9005,65,154525,A,3121
108006,Customer_8006,cust8006@masked.com,+XXX-XXX-9006,56,199496,A,3024
108007,Customer_8007,cust8007@masked.com,+XXX-XXX-9007,55,193334,A,3130
108008,Customer_8008,cust8008@masked.com,+XXX-XXX-9008,31,67292,B,3008
108009,Customer_8009,cust8009@masked.com,+XXX-XXX-9009,47,46326,A,3033
108010,Customer_8010,cust8010@masked.com,+XXX-XXX-9010,54,109537,A,3042
108011,Customer_8011,cust8011@masked.com,+XXX-XXX-9011,38,184097,D,3073
108012,Customer_8012,cust8012@masked.com,+XXX-XXX-9012,47,34788,A,3093
108013,Customer_8013,cust8013@masked.com,+XXX-XXX-9013,24,21046,D,3021
108014,Customer_8014,cust8014@masked.com,+XXX-XXX-9014,37,157718,B,3069
108015,Customer_8015,cust8015@masked.com,+XXX-XXX-9015,26,71384,C,3129
108016,Customer_8016,cust8016@masked.com,+XXX-XXX-9016,62,79938,B,3093
108017,Customer_8017,cust8017@masked.com,+XXX-XXX-9017,31,73229,B,3031
108018,Customer_8018,cust8018@masked.com,+XXX-XXX-9018,25,177359,C,3105
108019,Customer_8019,cust8019@masked.com,+XXX-XXX-9019,38,101968,C,3143
108020,Customer_8020,cust8020@masked.com,+XXX-XXX-9020,45,120157,D,3000
108021,Customer_8021,cust8021@masked.com,+XXX-XXX-9021,30,171197,D,3071
108022,Customer_8022,cust8022@masked.com,+XXX-XXX-9022,61,185908,C,3049
108023,Customer_8023,cust8023@masked.com,+XXX-XXX-9023,36,145830,B,3140
108024,Customer_8024,cust8024@masked.com,+XXX-XXX-9024,30,131720,D,3014
108025,Customer_8025,cust8025@masked.com,+XXX-XXX-9025,30,91359,C,3052
108026,Customer_8026,cust8026@masked.com,+XXX-XXX-9026,56,177097,E,3007
108027,Customer_8027,cust8027@masked.com,+XXX-XXX-9027,41,184068,D,3073
108028,Customer_8028,cust8028@masked.com,+XXX-XXX-9028,34,187092,A,3045
108029,Customer_8029,cust8029@masked.com,+XXX-XXX-9029,28,118655,B,3068
108030,Customer_8030,cust8030@masked.com,+XXX-XXX-9030,21,171493,C,3113
108031,Customer_8031,cust8031@masked.com,+XXX-XXX-9031,36,44809,C,3146
108032,Customer_8032,cust8032@masked.com,+XXX-XXX-9032,46,77609,C,3122
108033,Customer_8033,cust8033@masked.com,+XXX-XXX-9033,69,168313,D,3138
108034,Customer_8034,cust8034@masked.com,+XXX-XXX-9034,62,198489,B,3116
108035,Customer_8035,cust8035@masked.com,+XXX-XXX-9035,26,143378,A,3042
108036,Customer_8036,cust8036@masked.com,+XXX-XXX-9036,59,29068,A,3019
108037,Customer_8037,cust8037@masked.com,+XXX-XXX-9037,22,84729,C,3147
108038,Customer_8038,cust8038@masked.com,+XXX-XXX-9038,29,46834,C,3020
108039,Customer_8039,cust8039@masked.com,+XXX-XXX-9039,25,89730,B,3081
108040,Customer_8040,cust8040@masked.com,+XXX-XXX-9040,60,111756,C,3056
108041,Customer_8041,cust8041@masked.com,+XXX-XXX-9041,25,99235,A,3073
108042,Customer_8042,cust8042@masked.com,+XXX-XXX-9042,67,71544,A,3097
108043,Customer_8043,cust8043@masked.com,+XXX-XXX-9043,28,88860,C,3109
108044,Customer_8044,cust8044@masked.com,+XXX-XXX-9044,25,63911,B,3114
108045,Customer_8045,cust8045@masked.com,+XXX-XXX-9045,25,59029,C,3041
108046,Customer_8046,cust8046@masked.com,+XXX-XXX-9046,37,145527,D,3067
108047,Customer_8047,cust8047@masked.com,+XXX-XXX-9047,29,177904,D,3069
108048,Customer_8048,cust8048@masked.com,+XXX-XXX-9048,54,21432,A,3077
108049,Customer_8049,cust8049@masked.com,+XXX-XXX-9049,53,20480,B,3089
108050,Customer_8050,cust8050@masked.com,+XXX-XXX-9050,42,142879,C,3110
108051,Customer_8051,cust8051@masked.com,+XXX-XXX-9051,41,88506,D,3111
108052,Customer_8052,cust8052@masked.com,+XXX-XXX-9052,63,185505,D,3102
108053,Customer_8053,cust8053@masked.com,+XXX-XXX-9053,35,135016,B,3144
108054,Customer_8054,cust8054@masked.com,+XXX-XXX-9054,21,72406,A,3018
108055,Customer_8055,cust8055@masked.com,+XXX-XXX-9055,27,165337,C,3069
108056,Customer_8056,cust8056@masked.com,+XXX-XXX-9056,43,94144,C,3062
108057,Customer_8057,cust8057@masked.com,+XXX-XXX-9057,67,136989,B,3074
108058,Customer_8058,cust8058@masked.com,+XXX-XXX-9058,26,20944,A,3103
108059,Customer_8059,cust8059@masked.com,+XXX-XXX-9059,40,54820,C,3074
108060,Customer_8060,cust8060@masked.com,+XXX-XXX-9060,46,161614,B,3127
108061,Customer_8061,cust8061@masked.com,+XXX-XXX-9061,62,93239,A,3055
108062,Customer_8062,cust8062@masked.com,+XXX-XXX-9062,32,79998,A,3021
108063,Customer_8063,cust8063@masked.com,+XXX-XXX-9063,33,63743,B,3088
108064,Customer_8064,cust8064@masked.com,+XXX-XXX-9064,67,180994,C,3018
108065,Customer_8065,cust8065@masked.com,+XXX-XXX-9065,69,33965,B,3025
108066,Customer_8066,cust8066@masked.com,+XXX-XXX-9066,33,40387,A,3022
108067,Customer_8067,cust8067@masked.com,+XXX-XXX-9067,22,54354,A,3046
108068,Customer_8068,cust8068@masked.com,+XXX-XXX-9068,52,69541,B,3012
108069,Customer_8069,cust8069@masked.com,+XXX-XXX-9069,51,23728,C,3065
108070,Customer_8070,cust8070@masked.com,+XXX-XXX-9070,31,78193,A,3143
108071,Customer_8071,cust8071@masked.com,+XXX-XXX-9071,57,109927,C,3072
108072,Customer_8072,cust8072@masked.com,+XXX-XXX-9072,24,45394,A,3076
108073,Customer_8073,cust8073@masked.com,+XXX-XXX-9073,54,138323,A,3030
108074,Customer_8074,cust8074@masked.com,+XXX-XXX-9074,36,97835,A,3084
108075,Customer_8075,cust8075@masked.com,+XXX-XXX-9075,51,157552,A,3058
108076,Customer_8076,cust8076@masked.com,+XXX-XXX-9076,45,67232,C,3040
108077,Customer_8077,cust8077@masked.com,+XXX-XXX-9077,59,104239,B,3111
108078,Customer_8078,cust8078@masked.com,+XXX-XXX-9078,28,96656,D,3095
108079,Customer_8079,cust8079@masked.com,+XXX-XXX-9079,28,58920,A,3121
108080,Customer_8080,cust8080@masked.com,+XXX-XXX-9080,54,104854,A,3104
108081,Customer_8081,cust8081@masked.com,+XXX-XXX-9081,35,111258,B,3073
108082,Customer_8082,cust8082@masked.com,+XXX-XXX-9082,25,88041,D,3131
108083,Customer_8083,cust8083@masked.com,+XXX-XXX-9083,39,100322,B,3098
108084,Customer_8084,cust8084@masked.com,+XXX-XXX-9084,30,93334,B,3125
108085,Customer_8085,cust8085@masked.com,+XXX-XXX-9085,29,84918,B,3137
108086,Customer_8086,cust8086@masked.com,+XXX-XXX-9086,49,175325,A,3074
108087,Customer_8087,cust8087@masked.com,+XXX-XXX-9087,60,125238,E,3013
108088,Customer_8088,cust8088@masked.com,+XXX-XXX-9088,57,160075,C,3037
108089,Customer_8089,cust8089@masked.com,+XXX-XXX-9089,39,34714,D,3139
108090,Customer_8090,cust8090@masked.com,+XXX-XXX-9090,33,166933,C,3044
108091,Customer_8091,cust8091@masked.com,+XXX-XXX-9091,66,135697,C,3144
108092,Customer_8092,cust8092@masked.com,+XXX-XXX-9092,60,113960,A,3074
108093,Customer_8093,cust8093@masked.com,+XXX-XXX-9093,36,23316,C,3028
108094,Customer_8094,cust8094@masked.com,+XXX-XXX-9094,50,187329,A,3017
108095,Customer_8095,cust8095@masked.com,+XXX-XXX-9095,25,40710,B,3019
108096,Customer_8096,cust8096@masked.com,+XXX-XXX-9096,53,138993,C,3013
108097,Customer_8097,cust8097@masked.com,+XXX-XXX-9097,39,127896,D,3053
108098,Customer_8098,cust8098@masked.com,+XXX-XXX-9098,39,37577,C,3030
108099,Customer_8099,cust8099@masked.com,+XXX-XXX-9099,37,158578,C,3057
108100,Customer_8100,cust8100@masked.com,+XXX-XXX-9100,44,77121,A,3103
108101,Customer_8101,cust8101@masked.com,+XXX-XXX-9101,48,160514,B,3127
108102,Customer_8102,cust8102@masked.com,+XXX-XXX-9102,62,78216,A,3024
108103,Customer_8103,cust8103@masked.com,+XXX-XXX-9103,57,22410,C,3018
108104,Customer_8104,cust8104@masked.com,+XXX-XXX-9104,42,46154,E,3135
108105,Customer_8105,cust8105@masked.com,+XXX-XXX-9105,59,94202,B,3002
108106,Customer_8106,cust8106@masked.com,+XXX-XXX-9106,36,172587,A,3085
108107,Customer_8107,cust8107@masked.com,+XXX-XXX-9107,55,83446,B,3144
108108,Customer_8108,cust8108@masked.com,+XXX-XXX-9108,47,190767,D,3141
108109,Customer_8109,cust8109@masked.com,+XXX-XXX-9109,32,166493,C,3008
108110,Customer_8110,cust8110@masked.com,+XXX-XXX-9110,66,41008,A,3093
108111,Customer_8111,cust8111@masked.com,+XXX-XXX-9111,48,108601,E,3148
108112,Customer_8112,cust8112@masked.com,+XXX-XXX-9112,21,115788,D,3138
108113,Customer_8113,cust8113@masked.com,+XXX-XXX-9113,59,189857,A,3019
108114,Customer_8114,cust8114@masked.com,+XXX-XXX-9114,38,83552,E,3034
108115,Customer_8115,cust8115@masked.com,+XXX-XXX-9115,43,27005,B,3052
108116,Customer_8116,cust8116@masked.com,+XXX-XXX-9116,42,138239,B,3109
108117,Customer_8117,cust8117@masked.com,+XXX-XXX-9117,24,132413,B,3135
108118,Customer_8118,cust8118@masked.com,+XXX-XXX-9118,68,73737,D,3003
108119,Customer_8119,cust8119@masked.com,+XXX-XXX-9119,31,51811,C,3101
108120,Customer_8120,cust8120@masked.com,+XXX-XXX-9120,38,138571,A,3046
108121,Customer_8121,cust8121@masked.com,+XXX-XXX-9121,68,117887,E,3093
108122,Customer_8122,cust8122@masked.com,+XXX-XXX-9122,27,94722,A,3047
108123,Customer_8123,cust8123@masked.com,+XXX-XXX-9123,41,45120,C,3090
108124,Customer_8124,cust8124@masked.com,+XXX-XXX-9124,55,90610,C,3083
108125,Customer_8125,cust8125@masked.com,+XXX-XXX-9125,57,160195,A,3067
108126,Customer_8126,cust8126@masked.com,+XXX-XXX-9126,50,175738,A,3138
108127,Customer_8127,cust8127@masked.com,+XXX-XXX-9127,37,149996,D,3124
108128,Customer_8128,cust8128@masked.com,+XXX-XXX-9128,53,132602,B,3072
108129,Customer_8129,cust8129@masked.com,+XXX-XXX-9129,36,106253,C,3003
108130,Customer_8130,cust8130@masked.com,+XXX-XXX-9130,35,67565,C,3075
108131,Customer_8131,cust8131@masked.com,+XXX-XXX-9131,33,125495,C,3072
108132,Customer_8132,cust8132@masked.com,+XXX-XXX-9132,59,125852,B,3076
108133,Customer_8133,cust8133@masked.com,+XXX-XXX-9133,23,39352,B,3047
108134,Customer_8134,cust8134@masked.com,+XXX-XXX-9134,44,51626,B,3101
108135,Customer_8135,cust8135@masked.com,+XXX-XXX-9135,43,116825,D,3105
108136,Customer_8136,cust8136@masked.com,+XXX-XXX-9136,65,153731,B,3076
108137,Customer_8137,cust8137@masked.com,+XXX-XXX-9137,68,151705,A,3038
108138,Customer_8138,cust8138@masked.com,+XXX-XXX-9138,21,35716,E,3057
108139,Customer_8139,cust8139@masked.com,+XXX-XXX-9139,52,111336,D,3018
108140,Customer_8140,cust8140@masked.com,+XXX-XXX-9140,53,168704,A,3087
108141,Customer_8141,cust8141@masked.com,+XXX-XXX-9141,68,37366,E,3112
108142,Customer_8142,cust8142@masked.com,+XXX-XXX-9142,50,186350,C,3076
108143,Customer_8143,cust8143@masked.com,+XXX-XXX-9143,22,105770,A,3076
108144,Customer_8144,cust8144@masked.com,+XXX-XXX-9144,38,40377,B,3027
108145,Customer_8145,cust8145@masked.com,+XXX-XXX-9145,50,133920,C,3065
108146,Customer_8146,cust8146@masked.com,+XXX-XXX-9146,38,119293,D,3009
108147,Customer_8147,cust8147@masked.com,+XXX-XXX-9147,25,87152,B,3125
108148,Customer_8148,cust8148@masked.com,+XXX-XXX-9148,25,116686,B,3057
108149,Customer_8149,cust8149@masked.com,+XXX-XXX-9149,28,28616,B,3141
108150,Customer_8150,cust8150@masked.com,+XXX-XXX-9150,29,160694,C,3124
108151,Customer_8151,cust8151@masked.com,+XXX-XXX-9151,52,103555,A,3111
108152,Customer_8152,cust8152@masked.com,+XXX-XXX-9152,34,65160,A,3083
108153,Customer_8153,cust8153@masked.com,+XXX-XXX-9153,33,59163,C,3142
108154,Customer_8154,cust8154@masked.com,+XXX-XXX-9154,38,123522,D,3095
108155,Customer_8155,cust8155@masked.com,+XXX-XXX-9155,24,99112,C,3032
108156,Customer_8156,cust8156@masked.com,+XXX-XXX-9156,42,90787,B,3144
108157,Customer_8157,cust8157@masked.com,+XXX-XXX-9157,40,197350,B,3140
108158,Customer_8158,cust8158@masked.com,+XXX-XXX-9158,35,174491,B,3046
108159,Customer_8159,cust8159@masked.com,+XXX-XXX-9159,27,114616,E,3111
108160,Customer_8160,cust8160@masked.com,+XXX-XXX-9160,33,178649,D,3143
108161,Customer_8161,cust8161@masked.com,+XXX-XXX-9161,54,186629,A,3042
108162,Customer_8162,cust8162@masked.com,+XXX-XXX-9162,61,173717,B,3007
108163,Customer_8163,cust8163@masked.com,+XXX-XXX-9163,50,195588,C,3002
108164,Customer_8164,cust8164@masked.com,+XXX-XXX-9164,25,35306,C,3124
108165,Customer_8165,cust8165@masked.com,+XXX-XXX-9165,21,47968,B,3011
108166,Customer_8166,cust8166@masked.com,+XXX-XXX-9166,51,98131,D,3083
108167,Customer_8167,cust8167@masked.com,+XXX-XXX-9167,40,176137,D,3015
108168,Customer_8168,cust8168@masked.com,+XXX-XXX-9168,39,45920,C,3077
108169,Customer_8169,cust8169@masked.com,+XXX-XXX-9169,49,183708,D,3058
108170,Customer_8170,cust8170@masked.com,+XXX-XXX-9170,65,142211,D,3062
108171,Customer_8171,cust8171@masked.com,+XXX-XXX-9171,58,118911,D,3048
108172,Customer_8172,cust8172@masked.com,+XXX-XXX-9172,30,187431,E,3050
108173,Customer_8173,cust8173@masked.com,+XXX-XXX-9173,49,189485,B,3032
108174,Customer_8174,cust8174@masked.com,+XXX-XXX-9174,51,90847,B,3029
108175,Customer_8175,cust8175@masked.com,+XXX-XXX-9175,31,28944,D,3075
108176,Customer_8176,cust8176@masked.com,+XXX-XXX-9176,43,154120,D,3014
108177,Customer_8177,cust8177@masked.com,+XXX-XXX-9177,50,57212,E,3081
108178,Customer_8178,cust8178@masked.com,+XXX-XXX-9178,45,36000,A,3091
108179,Customer_8179,cust8179@masked.com,+XXX-XXX-9179,36,196726,C,3022
108180,Customer_8180,cust8180@masked.com,+XXX-XXX-9180,43,108973,A,3093
108181,Customer_8181,cust8181@masked.com,+XXX-XXX-9181,53,45534,C,3044
108182,Customer_8182,cust8182@masked.com,+XXX-XXX-9182,57,119895,A,3061
108183,Customer_8183,cust8183@masked.com,+XXX-XXX-9183,48,195293,A,3014
108184,Customer_8184,cust8184@masked.com,+XXX-XXX-9184,47,164411,A,3045
108185,Customer_8185,cust8185@masked.com,+XXX-XXX-9185,26,120892,C,3063
108186,Customer_8186,cust8186@masked.com,+XXX-XXX-9186,58,186378,B,3074
108187,Customer_8187,cust8187@masked.com,+XXX-XXX-9187,57,100359,A,3051
108188,Customer_8188,cust8188@masked.com,+XXX-XXX-9188,26,32459,B,3087
108189,Customer_8189,cust8189@masked.com,+XXX-XXX-9189,45,91717,A,3056
108190,Customer_8190,cust8190@masked.com,+XXX-XXX-9190,33,163280,E,3082
108191,Customer_8191,cust8191@masked.com,+XXX-XXX-9191,53,73546,B,3065
108192,Customer_8192,cust8192@masked.com,+XXX-XXX-9192,53,137786,B,3149
108193,Customer_8193,cust8193@masked.com,+XXX-XXX-9193,45,98571,D,3019
108194,Customer_8194,cust8194@masked.com,+XXX-XXX-9194,34,156948,C,3032
108195,Customer_8195,cust8195@masked.com,+XXX-XXX-9195,60,87011,C,3071
108196,Customer_8196,cust8196@masked.com,+XXX-XXX-9196,61,147901,C,3024
108197,Customer_8197,cust8197@masked.com,+XXX-XXX-9197,62,177708,E,3045
108198,Customer_8198,cust8198@masked.com,+XXX-XXX-9198,58,109657,A,3072
108199,Customer_8199,cust8199@masked.com,+XXX-XXX-9199,29,50978,E,3097
108200,Customer_8200,cust8200@masked.com,+XXX-XXX-9200,38,123379,D,3056
108201,Customer_8201,cust8201@masked.com,+XXX-XXX-9201,35,78467,C,3086
108202,Customer_8202,cust8202@masked.com,+XXX-XXX-9202,24,176263,C,3132
108203,Customer_8203,cust8203@masked.com,+XXX-XXX-9203,54,177973,C,3054
108204,Customer_8204,cust8204@masked.com,+XXX-XXX-9204,58,31329,A,3060
108205,Customer_8205,cust8205@masked.com,+XXX-XXX-9205,37,171128,A,3088
108206,Customer_8206,cust8206@masked.com,+XXX-XXX-9206,27,48025,E,3007
108207,Customer_8207,cust8207@masked.com,+XXX-XXX-9207,52,123940,C,3015
108208,Customer_8208,cust8208@masked.com,+XXX-XXX-9208,43,161967,B,3115
108209,Customer_8209,cust8209@masked.com,+XXX-XXX-9209,40,160404,D,3060
108210,Customer_8210,cust8210@masked.com,+XXX-XXX-9210,67,126994,C,3014
108211,Customer_8211,cust8211@masked.com,+XXX-XXX-9211,22,24682,A,3149
108212,Customer_8212,cust8212@masked.com,+XXX-XXX-9212,41,121393,C,3130
108213,Customer_8213,cust8213@masked.com,+XXX-XXX-9213,32,122318,C,3101
108214,Customer_8214,cust8214@masked.com,+XXX-XXX-9214,62,20613,A,3053
108215,Customer_8215,cust8215@masked.com,+XXX-XXX-9215,69,102563,E,3013
108216,Customer_8216,cust8216@masked.com,+XXX-XXX-9216,47,168591,B,3035
108217,Customer_8217,cust8217@masked.com,+XXX-XXX-9217,68,131188,B,3104
108218,Customer_8218,cust8218@masked.com,+XXX-XXX-9218,30,167274,A,3081
108219,Customer_8219,cust8219@masked.com,+XXX-XXX-9219,28,171155,C,3066
108220,Customer_8220,cust8220@masked.com,+XXX-XXX-9220,41,63322,B,3009
108221,Customer_8221,cust8221@masked.com,+XXX-XXX-9221,42,134849,B,3048
108222,Customer_8222,cust8222@masked.com,+XXX-XXX-9222,33,30013,D,3110
108223,Customer_8223,cust8223@masked.com,+XXX-XXX-9223,68,81763,A,3064
108224,Customer_8224,cust8224@masked.com,+XXX-XXX-9224,60,178413,D,3056
108225,Customer_8225,cust8225@masked.com,+XXX-XXX-9225,32,121706,C,3026
108226,Customer_8226,cust8226@masked.com,+XXX-XXX-9226,37,161891,E,3112
108227,Customer_8227,cust8227@masked.com,+XXX-XXX-9227,68,56761,C,3132
108228,Customer_8228,cust8228@masked.com,+XXX-XXX-9228,29,74007,A,3070
108229,Customer_8229,cust8229@masked.com,+XXX-XXX-9229,69,180245,A,3082
108230,Customer_8230,cust8230@masked.com,+XXX-XXX-9230,60,151128,D,3056
108231,Customer_8231,cust8231@masked.com,+XXX-XXX-9231,32,139972,D,3119
108232,Customer_8232,cust8232@masked.com,+XXX-XXX-9232,29,46920,B,3092
108233,Customer_8233,cust8233@masked.com,+XXX-XXX-9233,50,82467,C,3014
108234,Customer_8234,cust8234@masked.com,+XXX-XXX-9234,26,83897,B,3110
108235,Customer_8235,cust8235@masked.com,+XXX-XXX-9235,45,139590,E,3100
108236,Customer_8236,cust8236@masked.com,+XXX-XXX-9236,48,184459,E,3118
108237,Customer_8237,cust8237@masked.com,+XXX-XXX-9237,30,167113,E,3075
108238,Customer_8238,cust8238@masked.com,+XXX-XXX-9238,61,172330,D,3019
108239,Customer_8239,cust8239@masked.com,+XXX-XXX-9239,48,164138,D,3130
108240,Customer_8240,cust8240@masked.com,+XXX-XXX-9240,49,153685,A,3072
108241,Customer_8241,cust8241@masked.com,+XXX-XXX-9241,56,39219,D,3121
108242,Customer_8242,cust8242@masked.com,+XXX-XXX-9242,31,110777,C,3040
108243,Customer_8243,cust8243@masked.com,+XXX-XXX-9243,41,156054,E,3129
108244,Customer_8244,cust8244@masked.com,+XXX-XXX-9244,58,125229,C,3022
108245,Customer_8245,cust8245@masked.com,+XXX-XXX-9245,46,72760,A,3022
108246,Customer_8246,cust8246@masked.com,+XXX-XXX-9246,38,76758,C,3143
108247,Customer_8247,cust8247@masked.com,+XXX-XXX-9247,24,68562,C,3008
108248,Customer_8248,cust8248@masked.com,+XXX-XXX-9248,64,81033,B,3012
108249,Customer_8249,cust8249@masked.com,+XXX-XXX-9249,61,196742,B,3050
108250,Customer_8250,cust8250@masked.com,+XXX-XXX-9250,35,111097,C,3063
108251,Customer_8251,cust8251@masked.com,+XXX-XXX-9251,43,109865,B,3051
108252,Customer_8252,cust8252@masked.com,+XXX-XXX-9252,61,170029,B,3037
108253,Customer_8253,cust8253@masked.com,+XXX-XXX-9253,26,147416,A,3099
108254,Customer_8254,cust8254@masked.com,+XXX-XXX-9254,63,84074,E,3145
108255,Customer_8255,cust8255@masked.com,+XXX-XXX-9255,27,154940,D,3050
108256,Customer_8256,cust8256@masked.com,+XXX-XXX-9256,66,141222,A,3136
108257,Customer_8257,cust8257@masked.com,+XXX-XXX-9257,68,168223,D,3140
108258,Customer_8258,cust8258@masked.com,+XXX-XXX-9258,35,159678,C,3054
108259,Customer_8259,cust8259@masked.com,+XXX-XXX-9259,29,59338,A,3108
108260,Customer_8260,cust8260@masked.com,+XXX-XXX-9260,50,97011,B,3043
108261,Customer_8261,cust8261@masked.com,+XXX-XXX-9261,64,196376,C,3109
108262,Customer_8262,cust8262@masked.com,+XXX-XXX-9262,63,129602,B,3127
108263,Customer_8263,cust8263@masked.com,+XXX-XXX-9263,48,55654,D,3104
108264,Customer_8264,cust8264@masked.com,+XXX-XXX-9264,50,116003,B,3009
108265,Customer_8265,cust8265@masked.com,+XXX-XXX-9265,28,74109,A,3099
108266,Customer_8266,cust8266@masked.com,+XXX-XXX-9266,55,130260,E,3147
108267,Customer_8267,cust8267@masked.com,+XXX-XXX-9267,55,134897,B,3108
108268,Customer_8268,cust8268@masked.com,+XXX-XXX-9268,46,136845,C,3107
108269,Customer_8269,cust8269@masked.com,+XXX-XXX-9269,50,136877,A,3139
108270,Customer_8270,cust8270@masked.com,+XXX-XXX-9270,55,143555,B,3145
108271,Customer_8271,cust8271@masked.com,+XXX-XXX-9271,58,190070,B,3093
108272,Customer_8272,cust8272@masked.com,+XXX-XXX-9272,31,108203,A,3062
108273,Customer_8273,cust8273@masked.com,+XXX-XXX-9273,40,133313,B,3083
108274,Customer_8274,cust8274@masked.com,+XXX-XXX-9274,66,77369,A,3024
108275,Customer_8275,cust8275@masked.com,+XXX-XXX-9275,51,129189,C,3011
108276,Customer_8276,cust8276@masked.com,+XXX-XXX-9276,54,121262,C,3148
108277,Customer_8277,cust8277@masked.com,+XXX-XXX-9277,32,106377,A,3024
108278,Customer_8278,cust8278@masked.com,+XXX-XXX-9278,68,157062,D,3010
108279,Customer_8279,cust8279@masked.com,+XXX-XXX-9279,48,136370,A,3063
108280,Customer_8280,cust8280@masked.com,+XXX-XXX-9280,23,98183,B,3125
108281,Customer_8281,cust8281@masked.com,+XXX-XXX-9281,68,38350,C,3049
108282,Customer_8282,cust8282@masked.com,+XXX-XXX-9282,62,154358,B,3088
108283,Customer_8283,cust8283@masked.com,+XXX-XXX-9283,25,70147,B,3098
108284,Customer_8284,cust8284@masked.com,+XXX-XXX-9284,33,119260,A,3115
108285,Customer_8285,cust8285@masked.com,+XXX-XXX-9285,32,178692,D,3095
108286,Customer_8286,cust8286@masked.com,+XXX-XXX-9286,21,20217,C,3013
108287,Customer_8287,cust8287@masked.com,+XXX-XXX-9287,63,73098,A,3000
108288,Customer_8288,cust8288@masked.com,+XXX-XXX-9288,39,120719,B,3024
108289,Customer_8289,cust8289@masked.com,+XXX-XXX-9289,49,108115,D,3071
108290,Customer_8290,cust8290@masked.com,+XXX-XXX-9290,67,195377,C,3068
108291,Customer_8291,cust8291@masked.com,+XXX-XXX-9291,68,119771,A,3132
108292,Customer_8292,cust8292@masked.com,+XXX-XXX-9292,59,65742,B,3104
108293,Customer_8293,cust8293@masked.com,+XXX-XXX-9293,62,39256,B,3146
108294,Customer_8294,cust8294@masked.com,+XXX-XXX-9294,45,36416,C,3022
108295,Customer_8295,cust8295@masked.com,+XXX-XXX-9295,36,39871,D,3008
108296,Customer_8296,cust8296@masked.com,+XXX-XXX-9296,37,174243,B,3117
108297,Customer_8297,cust8297@masked.com,+XXX-XXX-9297,48,110536,B,3093
108298,Customer_8298,cust8298@masked.com,+XXX-XXX-9298,59,23078,D,3143
108299,Customer_8299,cust8299@masked.com,+XXX-XXX-9299,63,114946,C,3032
108300,Customer_8300,cust8300@masked.com,+XXX-XXX-9300,69,188702,C,3129
108301,Customer_8301,cust8301@masked.com,+XXX-XXX-9301,25,136505,B,3013
108302,Customer_8302,cust8302@masked.com,+XXX-XXX-9302,21,97654,C,3000
108303,Customer_8303,cust8303@masked.com,+XXX-XXX-9303,23,97746,C,3089
108304,Customer_8304,cust8304@masked.com,+XXX-XXX-9304,68,100567,B,3088
108305,Customer_8305,cust8305@masked.com,+XXX-XXX-9305,44,188134,E,3143
108306,Customer_8306,cust8306@masked.com,+XXX-XXX-9306,49,119018,D,3089
108307,Customer_8307,cust8307@masked.com,+XXX-XXX-9307,35,187820,C,3013
108308,Customer_8308,cust8308@masked.com,+XXX-XXX-9308,24,188223,C,3110
108309,Customer_8309,cust8309@masked.com,+XXX-XXX-9309,64,71176,B,3142
108310,Customer_8310,cust8310@masked.com,+XXX-XXX-9310,21,64689,A,3082
108311,Customer_8311,cust8311@masked.com,+XXX-XXX-9311,69,59630,B,3071
108312,Customer_8312,cust8312@masked.com,+XXX-XXX-9312,35,170070,D,3129
108313,Customer_8313,cust8313@masked.com,+XXX-XXX-9313,44,86346,B,3026
108314,Customer_8314,cust8314@masked.com,+XXX-XXX-9314,51,30647,D,3073
108315,Customer_8315,cust8315@masked.com,+XXX-XXX-9315,40,120334,A,3098
108316,Customer_8316,cust8316@masked.com,+XXX-XXX-9316,30,98740,C,3071
108317,Customer_8317,cust8317@masked.com,+XXX-XXX-9317,31,26033,C,3022
108318,Customer_8318,cust8318@masked.com,+XXX-XXX-9318,38,177433,C,3067
108319,Customer_8319,cust8319@masked.com,+XXX-XXX-9319,54,126258,D,3141
108320,Customer_8320,cust8320@masked.com,+XXX-XXX-9320,48,185567,E,3116
108321,Customer_8321,cust8321@masked.com,+XXX-XXX-9321,58,169688,A,3105
108322,Customer_8322,cust8322@masked.com,+XXX-XXX-9322,36,156752,A,3092
108323,Customer_8323,cust8323@masked.com,+XXX-XXX-9323,44,158677,A,3064
108324,Customer_8324,cust8324@masked.com,+XXX-XXX-9324,59,184602,C,3067
108325,Customer_8325,cust8325@masked.com,+XXX-XXX-9325,32,57329,B,3127
108326,Customer_8326,cust8326@masked.com,+XXX-XXX-9326,62,141820,C,3062
108327,Customer_8327,cust8327@masked.com,+XXX-XXX-9327,27,154377,B,3112
108328,Customer_8328,cust8328@masked.com,+XXX-XXX-9328,56,191610,C,3089
108329,Customer_8329,cust8329@masked.com,+XXX-XXX-9329,37,182466,D,3080
108330,Customer_8330,cust8330@masked.com,+XXX-XXX-9330,69,74044,C,3102
108331,Customer_8331,cust8331@masked.com,+XXX-XXX-9331,24,160805,C,3115
108332,Customer_8332,cust8332@masked.com,+XXX-XXX-9332,57,28612,A,3012
108333,Customer_8333,cust8333@masked.com,+XXX-XXX-9333,53,130040,B,3123
108334,Customer_8334,cust8334@masked.com,+XXX-XXX-9334,39,24436,C,3146
108335,Customer_8335,cust8335@masked.com,+XXX-XXX-9335,46,125401,B,3087
108336,Customer_8336,cust8336@masked.com,+XXX-XXX-9336,31,177631,D,3010
108337,Customer_8337,cust8337@masked.com,+XXX-XXX-9337,51,93850,D,3014
108338,Customer_8338,cust8338@masked.com,+XXX-XXX-9338,21,139655,D,3009
108339,Customer_8339,cust8339@masked.com,+XXX-XXX-9339,60,61393,B,3040
108340,Customer_8340,cust8340@masked.com,+XXX-XXX-9340,56,36335,C,3072
108341,Customer_8341,cust8341@masked.com,+XXX-XXX-9341,49,42715,B,3051
108342,Customer_8342,cust8342@masked.com,+XXX-XXX-9342,45,148013,B,3127
108343,Customer_8343,cust8343@masked.com,+XXX-XXX-9343,67,24165,B,3027
108344,Customer_8344,cust8344@masked.com,+XXX-XXX-9344,69,147626,A,3064
108345,Customer_8345,cust8345@masked.com,+XXX-XXX-9345,38,138170,B,3016
108346,Customer_8346,cust8346@masked.com,+XXX-XXX-9346,23,137572,B,3094
108347,Customer_8347,cust8347@masked.com,+XXX-XXX-9347,38,71790,E,3137
108348,Customer_8348,cust8348@masked.com,+XXX-XXX-9348,27,116573,B,3062
108349,Customer_8349,cust8349@masked.com,+XXX-XXX-9349,48,37999,D,3037
108350,Customer_8350,cust8350@masked.com,+XXX-XXX-9350,37,35505,B,3069
108351,Customer_8351,cust8351@masked.com,+XXX-XXX-9351,45,42388,A,3103
108352,Customer_8352,cust8352@masked.com,+XXX-XXX-9352,38,122112,C,3052
108353,Customer_8353,cust8353@masked.com,+XXX-XXX-9353,60,66461,C,3118
108354,Customer_8354,cust8354@masked.com,+XXX-XXX-9354,63,132630,A,3073
108355,Customer_8355,cust8355@masked.com,+XXX-XXX-9355,23,118839,B,3053
108356,Customer_8356,cust8356@masked.com,+XXX-XXX-9356,45,184962,B,3019
108357,Customer_8357,cust8357@masked.com,+XXX-XXX-9357,27,59857,B,3078
108358,Customer_8358,cust8358@masked.com,+XXX-XXX-9358,67,99639,C,3030
108359,Customer_8359,cust8359@masked.com,+XXX-XXX-9359,30,150828,C,3134
108360,Customer_8360,cust8360@masked.com,+XXX-XXX-9360,64,102578,A,3057
108361,Customer_8361,cust8361@masked.com,+XXX-XXX-9361,64,68149,D,3104
108362,Customer_8362,cust8362@masked.com,+XXX-XXX-9362,39,34337,B,3009
108363,Customer_8363,cust8363@masked.com,+XXX-XXX-9363,35,149126,C,3009
108364,Customer_8364,cust8364@masked.com,+XXX-XXX-9364,41,47683,D,3038
108365,Customer_8365,cust8365@masked.com,+XXX-XXX-9365,41,83269,E,3036
108366,Customer_8366,cust8366@masked.com,+XXX-XXX-9366,57,92754,B,3118
108367,Customer_8367,cust8367@masked.com,+XXX-XXX-9367,48,127662,C,3066
108368,Customer_8368,cust8368@masked.com,+XXX-XXX-9368,65,99330,B,3042
108369,Customer_8369,cust8369@masked.com,+XXX-XXX-9369,52,128467,C,3051
108370,Customer_8370,cust8370@masked.com,+XXX-XXX-9370,61,136591,B,3100
108371,Customer_8371,cust8371@masked.com,+XXX-XXX-9371,47,156469,B,3055
108372,Customer_8372,cust8372@masked.com,+XXX-XXX-9372,43,130202,D,3075
108373,Customer_8373,cust8373@masked.com,+XXX-XXX-9373,30,143315,A,3067
108374,Customer_8374,cust8374@masked.com,+XXX-XXX-9374,60,196103,D,3136
108375,Customer_8375,cust8375@masked.com,+XXX-XXX-9375,61,88269,D,3105
108376,Customer_8376,cust8376@masked.com,+XXX-XXX-9376,26,139939,C,3124
108377,Customer_8377,cust8377@masked.com,+XXX-XXX-9377,44,175910,B,3091
108378,Customer_8378,cust8378@masked.com,+XXX-XXX-9378,38,42425,B,3022
108379,Customer_8379,cust8379@masked.com,+XXX-XXX-9379,30,59119,E,3108
108380,Customer_8380,cust8380@masked.com,+XXX-XXX-9380,35,150273,A,3060
108381,Customer_8381,cust8381@masked.com,+XXX-XXX-9381,65,134364,C,3043
108382,Customer_8382,cust8382@masked.com,+XXX-XXX-9382,63,53125,C,3015
108383,Customer_8383,cust8383@masked.com,+XXX-XXX-9383,54,158383,E,3021
108384,Customer_8384,cust8384@masked.com,+XXX-XXX-9384,28,186241,D,3056
108385,Customer_8385,cust8385@masked.com,+XXX-XXX-9385,55,185114,C,3061
108386,Customer_8386,cust8386@masked.com,+XXX-XXX-9386,47,130967,A,3106
108387,Customer_8387,cust8387@masked.com,+XXX-XXX-9387,45,184828,B,3070
108388,Customer_8388,cust8388@masked.com,+XXX-XXX-9388,23,101140,A,3089
108389,Customer_8389,cust8389@masked.com,+XXX-XXX-9389,41,36401,D,3071
108390,Customer_8390,cust8390@masked.com,+XXX-XXX-9390,59,157700,C,3069
108391,Customer_8391,cust8391@masked.com,+XXX-XXX-9391,52,133015,D,3029
108392,Customer_8392,cust8392@masked.com,+XXX-XXX-9392,41,70065,C,3102
108393,Customer_8393,cust8393@masked.com,+XXX-XXX-9393,29,192597,C,3031
108394,Customer_8394,cust8394@masked.com,+XXX-XXX-9394,21,137600,A,3085
108395,Customer_8395,cust8395@masked.com,+XXX-XXX-9395,24,111464,B,3056
108396,Customer_8396,cust8396@masked.com,+XXX-XXX-9396,24,52398,A,3108
108397,Customer_8397,cust8397@masked.com,+XXX-XXX-9397,69,185311,C,3008
108398,Customer_8398,cust8398@masked.com,+XXX-XXX-9398,46,88699,A,3030
108399,Customer_8399,cust8399@masked.com,+XXX-XXX-9399,54,199719,C,3070
108400,Customer_8400,cust8400@masked.com,+XXX-XXX-9400,47,41755,C,3136
108401,Customer_8401,cust8401@masked.com,+XXX-XXX-9401,35,127107,B,3012
108402,Customer_8402,cust8402@masked.com,+XXX-XXX-9402,65,111174,A,3130
108403,Customer_8403,cust8403@masked.com,+XXX-XXX-9403,52,110759,B,3034
108404,Customer_8404,cust8404@masked.com,+XXX-XXX-9404,61,161673,B,3020
108405,Customer_8405,cust8405@masked.com,+XXX-XXX-9405,27,24017,C,3063
108406,Customer_8406,cust8406@masked.com,+XXX-XXX-9406,64,52850,A,3094
108407,Customer_8407,cust8407@masked.com,+XXX-XXX-9407,64,120093,D,3033
108408,Customer_8408,cust8408@masked.com,+XXX-XXX-9408,34,66787,D,3120
108409,Customer_8409,cust8409@masked.com,+XXX-XXX-9409,43,193082,A,3014
108410,Customer_8410,cust8410@masked.com,+XXX-XXX-9410,67,159045,C,3119
108411,Customer_8411,cust8411@masked.com,+XXX-XXX-9411,21,122420,C,3095
108412,Customer_8412,cust8412@masked.com,+XXX-XXX-9412,52,49913,C,3005
108413,Customer_8413,cust8413@masked.com,+XXX-XXX-9413,61,33356,A,3108
108414,Customer_8414,cust8414@masked.com,+XXX-XXX-9414,46,131545,A,3096
108415,Customer_8415,cust8415@masked.com,+XXX-XXX-9415,68,123830,B,3031
108416,Customer_8416,cust8416@masked.com,+XXX-XXX-9416,29,71893,B,3082
108417,Customer_8417,cust8417@masked.com,+XXX-XXX-9417,36,182654,D,3117
108418,Customer_8418,cust8418@masked.com,+XXX-XXX-9418,51,41135,C,3078
108419,Customer_8419,cust8419@masked.com,+XXX-XXX-9419,22,142419,E,3077
108420,Customer_8420,cust8420@masked.com,+XXX-XXX-9420,52,192649,A,3146
108421,Customer_8421,cust8421@masked.com,+XXX-XXX-9421,30,163696,A,3106
108422,Customer_8422,cust8422@masked.com,+XXX-XXX-9422,45,40247,C,3125
108423,Customer_8423,cust8423@masked.com,+XXX-XXX-9423,38,35507,B,3014
108424,Customer_8424,cust8424@masked.com,+XXX-XXX-9424,65,138374,B,3133
108425,Customer_8425,cust8425@masked.com,+XXX-XXX-9425,54,148410,C,3072
108426,Customer_8426,cust8426@masked.com,+XXX-XXX-9426,49,85025,A,3100
108427,Customer_8427,cust8427@masked.com,+XXX-XXX-9427,65,168223,C,3097
108428,Customer_8428,cust8428@masked.com,+XXX-XXX-9428,44,183387,B,3025
108429,Customer_8429,cust8429@masked.com,+XXX-XXX-9429,23,133458,C,3091
108430,Customer_8430,cust8430@masked.com,+XXX-XXX-9430,35,182176,D,3124
108431,Customer_8431,cust8431@masked.com,+XXX-XXX-9431,23,107521,A,3072
108432,Customer_8432,cust8432@masked.com,+XXX-XXX-9432,51,181370,E,3122
108433,Customer_8433,cust8433@masked.com,+XXX-XXX-9433,30,55953,C,3052
108434,Customer_8434,cust8434@masked.com,+XXX-XXX-9434,58,78364,E,3077
108435,Customer_8435,cust8435@masked.com,+XXX-XXX-9435,42,76581,A,3091
108436,Customer_8436,cust8436@masked.com,+XXX-XXX-9436,34,80837,C,3087
108437,Customer_8437,cust8437@masked.com,+XXX-XXX-9437,29,37461,B,3012
108438,Customer_8438,cust8438@masked.com,+XXX-XXX-9438,38,195291,D,3042
108439,Customer_8439,cust8439@masked.com,+XXX-XXX-9439,28,128271,C,3075
108440,Customer_8440,cust8440@masked.com,+XXX-XXX-9440,58,33501,B,3050
108441,Customer_8441,cust8441@masked.com,+XXX-XXX-9441,35,31070,D,3018
108442,Customer_8442,cust8442@masked.com,+XXX-XXX-9442,66,120194,B,3148
108443,Customer_8443,cust8443@masked.com,+XXX-XXX-9443,35,152698,A,3121
108444,Customer_8444,cust8444@masked.com,+XXX-XXX-9444,26,84569,C,3023
108445,Customer_8445,cust8445@masked.com,+XXX-XXX-9445,32,59414,C,3025
108446,Customer_8446,cust8446@masked.com,+XXX-XXX-9446,62,48860,B,3119
108447,Customer_8447,cust8447@masked.com,+XXX-XXX-9447,39,181532,B,3081
108448,Customer_8448,cust8448@masked.com,+XXX-XXX-9448,60,136259,E,3099
108449,Customer_8449,cust8449@masked.com,+XXX-XXX-9449,25,138363,C,3016
108450,Customer_8450,cust8450@masked.com,+XXX-XXX-9450,47,144471,A,3067
108451,Customer_8451,cust8451@masked.com,+XXX-XXX-9451,30,79970,A,3043
108452,Customer_8452,cust8452@masked.com,+XXX-XXX-9452,63,74584,E,3060
108453,Customer_8453,cust8453@masked.com,+XXX-XXX-9453,66,84286,C,3122
108454,Customer_8454,cust8454@masked.com,+XXX-XXX-9454,34,90309,D,3092
108455,Customer_8455,cust8455@masked.com,+XXX-XXX-9455,54,57812,B,3073
108456,Customer_8456,cust8456@masked.com,+XXX-XXX-9456,69,114359,C,3066
108457,Customer_8457,cust8457@masked.com,+XXX-XXX-9457,35,197049,C,3110
108458,Customer_8458,cust8458@masked.com,+XXX-XXX-9458,49,193160,B,3001
108459,Customer_8459,cust8459@masked.com,+XXX-XXX-9459,46,162702,C,3088
108460,Customer_8460,cust8460@masked.com,+XXX-XXX-9460,47,62075,C,3025
108461,Customer_8461,cust8461@masked.com,+XXX-XXX-9461,23,139496,B,3098
108462,Customer_8462,cust8462@masked.com,+XXX-XXX-9462,23,161172,D,3026
108463,Customer_8463,cust8463@masked.com,+XXX-XXX-9463,55,49103,D,3088
108464,Customer_8464,cust8464@masked.com,+XXX-XXX-9464,55,148578,D,3145
108465,Customer_8465,cust8465@masked.com,+XXX-XXX-9465,26,54096,D,3000
108466,Customer_8466,cust8466@masked.com,+XXX-XXX-9466,34,122754,B,3102
108467,Customer_8467,cust8467@masked.com,+XXX-XXX-9467,46,97766,B,3130
108468,Customer_8468,cust8468@masked.com,+XXX-XXX-9468,23,31807,D,3040
108469,Customer_8469,cust8469@masked.com,+XXX-XXX-9469,53,76723,B,3050
108470,Customer_8470,cust8470@masked.com,+XXX-XXX-9470,62,54951,B,3014
108471,Customer_8471,cust8471@masked.com,+XXX-XXX-9471,33,35427,C,3007
108472,Customer_8472,cust8472@masked.com,+XXX-XXX-9472,49,20153,A,3037
108473,Customer_8473,cust8473@masked.com,+XXX-XXX-9473,29,74734,C,3113
108474,Customer_8474,cust8474@masked.com,+XXX-XXX-9474,52,83813,B,3082
108475,Customer_8475,cust8475@masked.com,+XXX-XXX-9475,42,86351,B,3055
108476,Customer_8476,cust8476@masked.com,+XXX-XXX-9476,42,152191,E,3102
108477,Customer_8477,cust8477@masked.com,+XXX-XXX-9477,54,189005,D,3137
108478,Customer_8478,cust8478@masked.com,+XXX-XXX-9478,30,86745,D,3101
108479,Customer_8479,cust8479@masked.com,+XXX-XXX-9479,45,83810,C,3077
108480,Customer_8480,cust8480@masked.com,+XXX-XXX-9480,32,119410,D,3082
108481,Customer_8481,cust8481@masked.com,+XXX-XXX-9481,23,181094,D,3029
108482,Customer_8482,cust8482@masked.com,+XXX-XXX-9482,39,47372,C,3004
108483,Customer_8483,cust8483@masked.com,+XXX-XXX-9483,53,147424,E,3118
108484,Customer_8484,cust8484@masked.com,+XXX-XXX-9484,67,123568,A,3030
108485,Customer_8485,cust8485@masked.com,+XXX-XXX-9485,46,98101,E,3022
108486,Customer_8486,cust8486@masked.com,+XXX-XXX-9486,33,47235,B,3047
108487,Customer_8487,cust8487@masked.com,+XXX-XXX-9487,27,86573,C,3108
108488,Customer_8488,cust8488@masked.com,+XXX-XXX-9488,54,88869,A,3039
108489,Customer_8489,cust8489@masked.com,+XXX-XXX-9489,42,129037,C,3005
108490,Customer_8490,cust8490@masked.com,+XXX-XXX-9490,40,179790,C,3037
108491,Customer_8491,cust8491@masked.com,+XXX-XXX-9491,63,120243,E,3099
108492,Customer_8492,cust8492@masked.com,+XXX-XXX-9492,43,35555,E,3026
108493,Customer_8493,cust8493@masked.com,+XXX-XXX-9493,68,182560,E,3068
108494,Customer_8494,cust8494@masked.com,+XXX-XXX-9494,34,38863,B,3056
108495,Customer_8495,cust8495@masked.com,+XXX-XXX-9495,50,146741,E,3016
108496,Customer_8496,cust8496@masked.com,+XXX-XXX-9496,43,173377,B,3070
108497,Customer_8497,cust8497@masked.com,+XXX-XXX-9497,67,117211,D,3046
108498,Customer_8498,cust8498@masked.com,+XXX-XXX-9498,39,134092,A,3078
108499,Customer_8499,cust8499@masked.com,+XXX-XXX-9499,59,141208,C,3109
108500,Customer_8500,cust8500@masked.com,+XXX-XXX-9500,61,187446,E,3012
108501,Customer_8501,cust8501@masked.com,+XXX-XXX-9501,56,25203,E,3138
108502,Customer_8502,cust8502@masked.com,+XXX-XXX-9502,26,81182,C,3123
108503,Customer_8503,cust8503@masked.com,+XXX-XXX-9503,43,182839,D,3108
108504,Customer_8504,cust8504@masked.com,+XXX-XXX-9504,30,122362,A,3089
108505,Customer_8505,cust8505@masked.com,+XXX-XXX-9505,55,188844,C,3085
108506,Customer_8506,cust8506@masked.com,+XXX-XXX-9506,41,126319,C,3091
108507,Customer_8507,cust8507@masked.com,+XXX-XXX-9507,52,167771,A,3023
108508,Customer_8508,cust8508@masked.com,+XXX-XXX-9508,50,52293,A,3072
108509,Customer_8509,cust8509@masked.com,+XXX-XXX-9509,53,143100,A,3003
108510,Customer_8510,cust8510@masked.com,+XXX-XXX-9510,26,173497,C,3112
108511,Customer_8511,cust8511@masked.com,+XXX-XXX-9511,25,142327,A,3045
108512,Customer_8512,cust8512@masked.com,+XXX-XXX-9512,35,185354,B,3017
108513,Customer_8513,cust8513@masked.com,+XXX-XXX-9513,63,107043,B,3042
108514,Customer_8514,cust8514@masked.com,+XXX-XXX-9514,45,88721,C,3092
108515,Customer_8515,cust8515@masked.com,+XXX-XXX-9515,33,37622,C,3102
108516,Customer_8516,cust8516@masked.com,+XXX-XXX-9516,26,156527,C,3123
108517,Customer_8517,cust8517@masked.com,+XXX-XXX-9517,57,186764,C,3009
108518,Customer_8518,cust8518@masked.com,+XXX-XXX-9518,22,157868,B,3072
108519,Customer_8519,cust8519@masked.com,+XXX-XXX-9519,37,78534,B,3030
108520,Customer_8520,cust8520@masked.com,+XXX-XXX-9520,44,147262,D,3059
108521,Customer_8521,cust8521@masked.com,+XXX-XXX-9521,32,42423,B,3130
108522,Customer_8522,cust8522@masked.com,+XXX-XXX-9522,64,47007,B,3117
108523,Customer_8523,cust8523@masked.com,+XXX-XXX-9523,34,199193,C,3013
108524,Customer_8524,cust8524@masked.com,+XXX-XXX-9524,27,113006,B,3142
108525,Customer_8525,cust8525@masked.com,+XXX-XXX-9525,46,133156,D,3001
108526,Customer_8526,cust8526@masked.com,+XXX-XXX-9526,52,116382,B,3023
108527,Customer_8527,cust8527@masked.com,+XXX-XXX-9527,49,136144,C,3063
108528,Customer_8528,cust8528@masked.com,+XXX-XXX-9528,66,178764,A,3099
108529,Customer_8529,cust8529@masked.com,+XXX-XXX-9529,59,198121,B,3113
108530,Customer_8530,cust8530@masked.com,+XXX-XXX-9530,29,102542,B,3023
108531,Customer_8531,cust8531@masked.com,+XXX-XXX-9531,34,169793,D,3090
108532,Customer_8532,cust8532@masked.com,+XXX-XXX-9532,37,185098,E,3025
108533,Customer_8533,cust8533@masked.com,+XXX-XXX-9533,69,140988,B,3064
108534,Customer_8534,cust8534@masked.com,+XXX-XXX-9534,45,155573,D,3119
108535,Customer_8535,cust8535@masked.com,+XXX-XXX-9535,50,148711,C,3003
108536,Customer_8536,cust8536@masked.com,+XXX-XXX-9536,65,158361,E,3000
108537,Customer_8537,cust8537@masked.com,+XXX-XXX-9537,49,95696,D,3049
108538,Customer_8538,cust8538@masked.com,+XXX-XXX-9538,49,103943,A,3109
108539,Customer_8539,cust8539@masked.com,+XXX-XXX-9539,38,27190,C,3138
108540,Customer_8540,cust8540@masked.com,+XXX-XXX-9540,51,71678,C,3073
108541,Customer_8541,cust8541@masked.com,+XXX-XXX-9541,39,110456,A,3061
108542,Customer_8542,cust8542@masked.com,+XXX-XXX-9542,37,187512,B,3080
108543,Customer_8543,cust8543@masked.com,+XXX-XXX-9543,26,162332,E,3055
108544,Customer_8544,cust8544@masked.com,+XXX-XXX-9544,32,169369,E,3110
108545,Customer_8545,cust8545@masked.com,+XXX-XXX-9545,58,22445,D,3020
108546,Customer_8546,cust8546@masked.com,+XXX-XXX-9546,23,160048,E,3140
108547,Customer_8547,cust8547@masked.com,+XXX-XXX-9547,67,41275,D,3008
108548,Customer_8548,cust8548@masked.com,+XXX-XXX-9548,55,74386,A,3138
108549,Customer_8549,cust8549@masked.com,+XXX-XXX-9549,67,100643,B,3069
108550,Customer_8550,cust8550@masked.com,+XXX-XXX-9550,53,185267,A,3128
108551,Customer_8551,cust8551@masked.com,+XXX-XXX-9551,49,91301,A,3117
108552,Customer_8552,cust8552@masked.com,+XXX-XXX-9552,23,195340,A,3055
108553,Customer_8553,cust8553@masked.com,+XXX-XXX-9553,25,94673,C,3030
108554,Customer_8554,cust8554@masked.com,+XXX-XXX-9554,34,102946,D,3036
108555,Customer_8555,cust8555@masked.com,+XXX-XXX-9555,56,88585,D,3090
108556,Customer_8556,cust8556@masked.com,+XXX-XXX-9556,48,75298,C,3113
108557,Customer_8557,cust8557@masked.com,+XXX-XXX-9557,61,113418,E,3127
108558,Customer_8558,cust8558@masked.com,+XXX-XXX-9558,52,190938,C,3121
108559,Customer_8559,cust8559@masked.com,+XXX-XXX-9559,38,68378,D,3068
108560,Customer_8560,cust8560@masked.com,+XXX-XXX-9560,62,82519,B,3035
108561,Customer_8561,cust8561@masked.com,+XXX-XXX-9561,60,175708,B,3031
108562,Customer_8562,cust8562@masked.com,+XXX-XXX-9562,33,132707,D,3063
108563,Customer_8563,cust8563@masked.com,+XXX-XXX-9563,22,31590,B,3047
108564,Customer_8564,cust8564@masked.com,+XXX-XXX-9564,45,117987,C,3080
108565,Customer_8565,cust8565@masked.com,+XXX-XXX-9565,40,139741,B,3148
108566,Customer_8566,cust8566@masked.com,+XXX-XXX-9566,27,113890,C,3059
108567,Customer_8567,cust8567@masked.com,+XXX-XXX-9567,31,171062,E,3140
108568,Customer_8568,cust8568@masked.com,+XXX-XXX-9568,25,157741,A,3000
108569,Customer_8569,cust8569@masked.com,+XXX-XXX-9569,49,36773,D,3064
108570,Customer_8570,cust8570@masked.com,+XXX-XXX-9570,38,35648,A,3032
108571,Customer_8571,cust8571@masked.com,+XXX-XXX-9571,28,90152,B,3037
108572,Customer_8572,cust8572@masked.com,+XXX-XXX-9572,47,29867,A,3024
108573,Customer_8573,cust8573@masked.com,+XXX-XXX-9573,62,85788,D,3058
108574,Customer_8574,cust8574@masked.com,+XXX-XXX-9574,22,118018,A,3100
108575,Customer_8575,cust8575@masked.com,+XXX-XXX-9575,55,93588,C,3126
108576,Customer_8576,cust8576@masked.com,+XXX-XXX-9576,46,193746,B,3040
108577,Customer_8577,cust8577@masked.com,+XXX-XXX-9577,43,107843,A,3056
108578,Customer_8578,cust8578@masked.com,+XXX-XXX-9578,25,139436,D,3047
108579,Customer_8579,cust8579@masked.com,+XXX-XXX-9579,36,194604,A,3071
108580,Customer_8580,cust8580@masked.com,+XXX-XXX-9580,62,158937,B,3055
108581,Customer_8581,cust8581@masked.com,+XXX-XXX-9581,31,70657,B,3064
108582,Customer_8582,cust8582@masked.com,+XXX-XXX-9582,39,64628,C,3011
108583,Customer_8583,cust8583@masked.com,+XXX-XXX-9583,36,32705,C,3068
108584,Customer_8584,cust8584@masked.com,+XXX-XXX-9584,52,197129,A,3133
108585,Customer_8585,cust8585@masked.com,+XXX-XXX-9585,32,182858,B,3088
108586,Customer_8586,cust8586@masked.com,+XXX-XXX-9586,22,188494,B,3024
108587,Customer_8587,cust8587@masked.com,+XXX-XXX-9587,63,98754,B,3000
108588,Customer_8588,cust8588@masked.com,+XXX-XXX-9588,42,64237,D,3130
108589,Customer_8589,cust8589@masked.com,+XXX-XXX-9589,46,109809,D,3048
108590,Customer_8590,cust8590@masked.com,+XXX-XXX-9590,53,139378,C,3146
108591,Customer_8591,cust8591@masked.com,+XXX-XXX-9591,44,49792,B,3059
108592,Customer_8592,cust8592@masked.com,+XXX-XXX-9592,25,129410,C,3001
108593,Customer_8593,cust8593@masked.com,+XXX-XXX-9593,41,101043,D,3072
108594,Customer_8594,cust8594@masked.com,+XXX-XXX-9594,66,83871,C,3144
108595,Customer_8595,cust8595@masked.com,+XXX-XXX-9595,38,129376,D,3109
108596,Customer_8596,cust8596@masked.com,+XXX-XXX-9596,59,31899,C,3060
108597,Customer_8597,cust8597@masked.com,+XXX-XXX-9597,25,183316,C,3016
108598,Customer_8598,cust8598@masked.com,+XXX-XXX-9598,28,85179,B,3048
108599,Customer_8599,cust8599@masked.com,+XXX-XXX-9599,41,43584,C,3075
108600,Customer_8600,cust8600@masked.com,+XXX-XXX-9600,67,31020,A,3147
108601,Customer_8601,cust8601@masked.com,+XXX-XXX-9601,25,52983,D,3130
108602,Customer_8602,cust8602@masked.com,+XXX-XXX-9602,33,165323,D,3042
108603,Customer_8603,cust8603@masked.com,+XXX-XXX-9603,39,184019,D,3056
108604,Customer_8604,cust8604@masked.com,+XXX-XXX-9604,49,71838,B,3049
108605,Customer_8605,cust8605@masked.com,+XXX-XXX-9605,22,133996,A,3036
108606,Customer_8606,cust8606@masked.com,+XXX-XXX-9606,57,74731,A,3045
108607,Customer_8607,cust8607@masked.com,+XXX-XXX-9607,46,36760,C,3014
108608,Customer_8608,cust8608@masked.com,+XXX-XXX-9608,49,141648,D,3079
108609,Customer_8609,cust8609@masked.com,+XXX-XXX-9609,25,84646,C,3138
108610,Customer_8610,cust8610@masked.com,+XXX-XXX-9610,52,169283,A,3147
108611,Customer_8611,cust8611@masked.com,+XXX-XXX-9611,58,44156,E,3023
108612,Customer_8612,cust8612@masked.com,+XXX-XXX-9612,68,175033,E,3124
108613,Customer_8613,cust8613@masked.com,+XXX-XXX-9613,22,195258,B,3117
108614,Customer_8614,cust8614@masked.com,+XXX-XXX-9614,25,169783,C,3079
108615,Customer_8615,cust8615@masked.com,+XXX-XXX-9615,67,49520,D,3093
108616,Customer_8616,cust8616@masked.com,+XXX-XXX-9616,53,110864,C,3064
108617,Customer_8617,cust8617@masked.com,+XXX-XXX-9617,55,109504,E,3087
108618,Customer_8618,cust8618@masked.com,+XXX-XXX-9618,39,146049,A,3087
108619,Customer_8619,cust8619@masked.com,+XXX-XXX-9619,35,175897,C,3144
108620,Customer_8620,cust8620@masked.com,+XXX-XXX-9620,55,133553,C,3125
108621,Customer_8621,cust8621@masked.com,+XXX-XXX-9621,28,188576,D,3088
108622,Customer_8622,cust8622@masked.com,+XXX-XXX-9622,67,59238,D,3060
108623,Customer_8623,cust8623@masked.com,+XXX-XXX-9623,21,140289,E,3014
108624,Customer_8624,cust8624@masked.com,+XXX-XXX-9624,58,139554,C,3093
108625,Customer_8625,cust8625@masked.com,+XXX-XXX-9625,42,66883,D,3050
108626,Customer_8626,cust8626@masked.com,+XXX-XXX-9626,37,50642,B,3026
108627,Customer_8627,cust8627@masked.com,+XXX-XXX-9627,36,92056,B,3073
108628,Customer_8628,cust8628@masked.com,+XXX-XXX-9628,65,179371,B,3060
108629,Customer_8629,cust8629@masked.com,+XXX-XXX-9629,21,195118,D,3030
108630,Customer_8630,cust8630@masked.com,+XXX-XXX-9630,23,24576,E,3011
108631,Customer_8631,cust8631@masked.com,+XXX-XXX-9631,26,27183,B,3045
108632,Customer_8632,cust8632@masked.com,+XXX-XXX-9632,23,150949,A,3031
108633,Customer_8633,cust8633@masked.com,+XXX-XXX-9633,67,96350,D,3060
108634,Customer_8634,cust8634@masked.com,+XXX-XXX-9634,50,46352,C,3045
108635,Customer_8635,cust8635@masked.com,+XXX-XXX-9635,67,81924,E,3084
108636,Customer_8636,cust8636@masked.com,+XXX-XXX-9636,31,199478,B,3079
108637,Customer_8637,cust8637@masked.com,+XXX-XXX-9637,47,97132,A,3134
108638,Customer_8638,cust8638@masked.com,+XXX-XXX-9638,42,149963,B,3003
108639,Customer_8639,cust8639@masked.com,+XXX-XXX-9639,26,75552,A,3051
108640,Customer_8640,cust8640@masked.com,+XXX-XXX-9640,58,166616,B,3111
108641,Customer_8641,cust8641@masked.com,+XXX-XXX-9641,61,79418,A,3035
108642,Customer_8642,cust8642@masked.com,+XXX-XXX-9642,66,152157,B,3053
108643,Customer_8643,cust8643@masked.com,+XXX-XXX-9643,51,116225,A,3118
108644,Customer_8644,cust8644@masked.com,+XXX-XXX-9644,63,56497,E,3126
108645,Customer_8645,cust8645@masked.com,+XXX-XXX-9645,26,106248,B,3016
108646,Customer_8646,cust8646@masked.com,+XXX-XXX-9646,40,152559,B,3074
108647,Customer_8647,cust8647@masked.com,+XXX-XXX-9647,67,94076,D,3104
108648,Customer_8648,cust8648@masked.com,+XXX-XXX-9648,61,176061,C,3149
108649,Customer_8649,cust8649@masked.com,+XXX-XXX-9649,31,101491,C,3116
108650,Customer_8650,cust8650@masked.com,+XXX-XXX-9650,22,148686,C,3042
108651,Customer_8651,cust8651@masked.com,+XXX-XXX-9651,51,112565,D,3111
108652,Customer_8652,cust8652@masked.com,+XXX-XXX-9652,58,129948,D,3114
108653,Customer_8653,cust8653@masked.com,+XXX-XXX-9653,46,60105,C,3026
108654,Customer_8654,cust8654@masked.com,+XXX-XXX-9654,47,66369,D,3036
108655,Customer_8655,cust8655@masked.com,+XXX-XXX-9655,66,27102,C,3045
108656,Customer_8656,cust8656@masked.com,+XXX-XXX-9656,66,145443,B,3112
108657,Customer_8657,cust8657@masked.com,+XXX-XXX-9657,51,86545,D,3034
108658,Customer_8658,cust8658@masked.com,+XXX-XXX-9658,44,171838,C,3131
108659,Customer_8659,cust8659@masked.com,+XXX-XXX-9659,33,83794,D,3079
108660,Customer_8660,cust8660@masked.com,+XXX-XXX-9660,45,108625,A,3079
108661,Customer_8661,cust8661@masked.com,+XXX-XXX-9661,57,23079,B,3120
108662,Customer_8662,cust8662@masked.com,+XXX-XXX-9662,61,32167,E,3146
108663,Customer_8663,cust8663@masked.com,+XXX-XXX-9663,45,87722,B,3121
108664,Customer_8664,cust8664@masked.com,+XXX-XXX-9664,49,64279,E,3080
108665,Customer_8665,cust8665@masked.com,+XXX-XXX-9665,51,29398,E,3149
108666,Customer_8666,cust8666@masked.com,+XXX-XXX-9666,63,81140,D,3118
108667,Customer_8667,cust8667@masked.com,+XXX-XXX-9667,59,155590,C,3057
108668,Customer_8668,cust8668@masked.com,+XXX-XXX-9668,22,196524,C,3062
108669,Customer_8669,cust8669@masked.com,+XXX-XXX-9669,32,69456,D,3099
108670,Customer_8670,cust8670@masked.com,+XXX-XXX-9670,25,56222,D,3065
108671,Customer_8671,cust8671@masked.com,+XXX-XXX-9671,47,26082,C,3144
108672,Customer_8672,cust8672@masked.com,+XXX-XXX-9672,54,119154,E,3084
108673,Customer_8673,cust8673@masked.com,+XXX-XXX-9673,34,173183,C,3136
108674,Customer_8674,cust8674@masked.com,+XXX-XXX-9674,27,110606,E,3143
108675,Customer_8675,cust8675@masked.com,+XXX-XXX-9675,57,39939,A,3122
108676,Customer_8676,cust8676@masked.com,+XXX-XXX-9676,56,72582,A,3001
108677,Customer_8677,cust8677@masked.com,+XXX-XXX-9677,30,68819,B,3105
108678,Customer_8678,cust8678@masked.com,+XXX-XXX-9678,49,39533,B,3107
108679,Customer_8679,cust8679@masked.com,+XXX-XXX-9679,36,198502,D,3071
108680,Customer_8680,cust8680@masked.com,+XXX-XXX-9680,58,154419,A,3125
108681,Customer_8681,cust8681@masked.com,+XXX-XXX-9681,41,199551,E,3056
108682,Customer_8682,cust8682@masked.com,+XXX-XXX-9682,58,23949,B,3080
108683,Customer_8683,cust8683@masked.com,+XXX-XXX-9683,61,115413,B,3140
108684,Customer_8684,cust8684@masked.com,+XXX-XXX-9684,53,167960,B,3018
108685,Customer_8685,cust8685@masked.com,+XXX-XXX-9685,49,114814,C,3006
108686,Customer_8686,cust8686@masked.com,+XXX-XXX-9686,68,181156,A,3136
108687,Customer_8687,cust8687@masked.com,+XXX-XXX-9687,37,56174,A,3053
108688,Customer_8688,cust8688@masked.com,+XXX-XXX-9688,33,150027,C,3103
108689,Customer_8689,cust8689@masked.com,+XXX-XXX-9689,26,63664,A,3085
108690,Customer_8690,cust8690@masked.com,+XXX-XXX-9690,22,117527,B,3081
108691,Customer_8691,cust8691@masked.com,+XXX-XXX-9691,28,130260,D,3060
108692,Customer_8692,cust8692@masked.com,+XXX-XXX-9692,52,67634,A,3086
108693,Customer_8693,cust8693@masked.com,+XXX-XXX-9693,56,90793,B,3001
108694,Customer_8694,cust8694@masked.com,+XXX-XXX-9694,29,144641,A,3030
108695,Customer_8695,cust8695@masked.com,+XXX-XXX-9695,43,120991,B,3032
108696,Customer_8696,cust8696@masked.com,+XXX-XXX-9696,27,141998,C,3079
108697,Customer_8697,cust8697@masked.com,+XXX-XXX-9697,51,58291,A,3010
108698,Customer_8698,cust8698@masked.com,+XXX-XXX-9698,41,160982,D,3127
108699,Customer_8699,cust8699@masked.com,+XXX-XXX-9699,21,50604,D,3134
108700,Customer_8700,cust8700@masked.com,+XXX-XXX-9700,66,171955,A,3127
108701,Customer_8701,cust8701@masked.com,+XXX-XXX-9701,22,113738,E,3030
108702,Customer_8702,cust8702@masked.com,+XXX-XXX-9702,60,73726,B,3125
108703,Customer_8703,cust8703@masked.com,+XXX-XXX-9703,31,109647,A,3046
108704,Customer_8704,cust8704@masked.com,+XXX-XXX-9704,57,188155,A,3106
108705,Customer_8705,cust8705@masked.com,+XXX-XXX-9705,38,120718,B,3018
108706,Customer_8706,cust8706@masked.com,+XXX-XXX-9706,64,164343,C,3080
108707,Customer_8707,cust8707@masked.com,+XXX-XXX-9707,44,84456,B,3122
108708,Customer_8708,cust8708@masked.com,+XXX-XXX-9708,39,58574,D,3133
108709,Customer_8709,cust8709@masked.com,+XXX-XXX-9709,25,71121,C,3106
108710,Customer_8710,cust8710@masked.com,+XXX-XXX-9710,49,47679,B,3048
108711,Customer_8711,cust8711@masked.com,+XXX-XXX-9711,59,96794,C,3072
108712,Customer_8712,cust8712@masked.com,+XXX-XXX-9712,22,21759,E,3049
108713,Customer_8713,cust8713@masked.com,+XXX-XXX-9713,37,75718,A,3080
108714,Customer_8714,cust8714@masked.com,+XXX-XXX-9714,65,179700,B,3094
108715,Customer_8715,cust8715@masked.com,+XXX-XXX-9715,31,180747,B,3011
108716,Customer_8716,cust8716@masked.com,+XXX-XXX-9716,57,169737,B,3022
108717,Customer_8717,cust8717@masked.com,+XXX-XXX-9717,33,82268,C,3053
108718,Customer_8718,cust8718@masked.com,+XXX-XXX-9718,49,123533,B,3117
108719,Customer_8719,cust8719@masked.com,+XXX-XXX-9719,52,162298,C,3058
108720,Customer_8720,cust8720@masked.com,+XXX-XXX-9720,65,199054,C,3002
108721,Customer_8721,cust8721@masked.com,+XXX-XXX-9721,60,168579,C,3057
108722,Customer_8722,cust8722@masked.com,+XXX-XXX-9722,63,91367,A,3056
108723,Customer_8723,cust8723@masked.com,+XXX-XXX-9723,28,152306,B,3144
108724,Customer_8724,cust8724@masked.com,+XXX-XXX-9724,30,125874,B,3089
108725,Customer_8725,cust8725@masked.com,+XXX-XXX-9725,45,157028,B,3054
108726,Customer_8726,cust8726@masked.com,+XXX-XXX-9726,31,169761,E,3044
108727,Customer_8727,cust8727@masked.com,+XXX-XXX-9727,48,41481,B,3000
108728,Customer_8728,cust8728@masked.com,+XXX-XXX-9728,53,105141,A,3020
108729,Customer_8729,cust8729@masked.com,+XXX-XXX-9729,59,155266,B,3020
108730,Customer_8730,cust8730@masked.com,+XXX-XXX-9730,46,179442,D,3051
108731,Customer_8731,cust8731@masked.com,+XXX-XXX-9731,28,30251,D,3081
108732,Customer_8732,cust8732@masked.com,+XXX-XXX-9732,58,83356,C,3066
108733,Customer_8733,cust8733@masked.com,+XXX-XXX-9733,46,103169,B,3112
108734,Customer_8734,cust8734@masked.com,+XXX-XXX-9734,52,24029,B,3043
108735,Customer_8735,cust8735@masked.com,+XXX-XXX-9735,66,88396,C,3009
108736,Customer_8736,cust8736@masked.com,+XXX-XXX-9736,48,89049,E,3063
108737,Customer_8737,cust8737@masked.com,+XXX-XXX-9737,27,187059,C,3068
108738,Customer_8738,cust8738@masked.com,+XXX-XXX-9738,55,61138,C,3067
108739,Customer_8739,cust8739@masked.com,+XXX-XXX-9739,22,90466,B,3027
108740,Customer_8740,cust8740@masked.com,+XXX-XXX-9740,42,155749,B,3115
108741,Customer_8741,cust8741@masked.com,+XXX-XXX-9741,42,25472,D,3050
108742,Customer_8742,cust8742@masked.com,+XXX-XXX-9742,23,190548,B,3003
108743,Customer_8743,cust8743@masked.com,+XXX-XXX-9743,66,164800,E,3078
108744,Customer_8744,cust8744@masked.com,+XXX-XXX-9744,65,175286,B,3016
108745,Customer_8745,cust8745@masked.com,+XXX-XXX-9745,28,197721,A,3107
108746,Customer_8746,cust8746@masked.com,+XXX-XXX-9746,24,55297,C,3073
108747,Customer_8747,cust8747@masked.com,+XXX-XXX-9747,35,148298,A,3022
108748,Customer_8748,cust8748@masked.com,+XXX-XXX-9748,64,111068,B,3017
108749,Customer_8749,cust8749@masked.com,+XXX-XXX-9749,66,88009,B,3128
108750,Customer_8750,cust8750@masked.com,+XXX-XXX-9750,59,119389,C,3034
108751,Customer_8751,cust8751@masked.com,+XXX-XXX-9751,32,125666,B,3063
108752,Customer_8752,cust8752@masked.com,+XXX-XXX-9752,49,155734,A,3058
108753,Customer_8753,cust8753@masked.com,+XXX-XXX-9753,29,121738,C,3000
108754,Customer_8754,cust8754@masked.com,+XXX-XXX-9754,62,191568,B,3130
108755,Customer_8755,cust8755@masked.com,+XXX-XXX-9755,60,153737,E,3066
108756,Customer_8756,cust8756@masked.com,+XXX-XXX-9756,40,96720,B,3036
108757,Customer_8757,cust8757@masked.com,+XXX-XXX-9757,54,197014,C,3028
108758,Customer_8758,cust8758@masked.com,+XXX-XXX-9758,46,159547,A,3088
108759,Customer_8759,cust8759@masked.com,+XXX-XXX-9759,68,57239,D,3099
108760,Customer_8760,cust8760@masked.com,+XXX-XXX-9760,41,173975,C,3121
108761,Customer_8761,cust8761@masked.com,+XXX-XXX-9761,43,168243,D,3089
108762,Customer_8762,cust8762@masked.com,+XXX-XXX-9762,38,32660,A,3131
108763,Customer_8763,cust8763@masked.com,+XXX-XXX-9763,44,78200,B,3013
108764,Customer_8764,cust8764@masked.com,+XXX-XXX-9764,62,193730,C,3149
108765,Customer_8765,cust8765@masked.com,+XXX-XXX-9765,49,149267,A,3130
108766,Customer_8766,cust8766@masked.com,+XXX-XXX-9766,58,43289,B,3084
108767,Customer_8767,cust8767@masked.com,+XXX-XXX-9767,58,159060,E,3020
108768,Customer_8768,cust8768@masked.com,+XXX-XXX-9768,33,59974,B,3025
108769,Customer_8769,cust8769@masked.com,+XXX-XXX-9769,52,183124,E,3040
108770,Customer_8770,cust8770@masked.com,+XXX-XXX-9770,39,120437,A,3121
108771,Customer_8771,cust8771@masked.com,+XXX-XXX-9771,37,65154,C,3037
108772,Customer_8772,cust8772@masked.com,+XXX-XXX-9772,22,22421,C,3087
108773,Customer_8773,cust8773@masked.com,+XXX-XXX-9773,38,80149,C,3010
108774,Customer_8774,cust8774@masked.com,+XXX-XXX-9774,59,89467,E,3028
108775,Customer_8775,cust8775@masked.com,+XXX-XXX-9775,47,192656,A,3059
108776,Customer_8776,cust8776@masked.com,+XXX-XXX-9776,34,147058,D,3060
108777,Customer_8777,cust8777@masked.com,+XXX-XXX-9777,35,46176,C,3146
108778,Customer_8778,cust8778@masked.com,+XXX-XXX-9778,28,142880,B,3021
108779,Customer_8779,cust8779@masked.com,+XXX-XXX-9779,29,67540,D,3077
108780,Customer_8780,cust8780@masked.com,+XXX-XXX-9780,41,196377,B,3112
108781,Customer_8781,cust8781@masked.com,+XXX-XXX-9781,63,188345,D,3122
108782,Customer_8782,cust8782@masked.com,+XXX-XXX-9782,55,193441,B,3141
108783,Customer_8783,cust8783@masked.com,+XXX-XXX-9783,34,64827,D,3043
108784,Customer_8784,cust8784@masked.com,+XXX-XXX-9784,47,114697,C,3143
108785,Customer_8785,cust8785@masked.com,+XXX-XXX-9785,28,149262,A,3096
108786,Customer_8786,cust8786@masked.com,+XXX-XXX-9786,55,63930,C,3076
108787,Customer_8787,cust8787@masked.com,+XXX-XXX-9787,38,141211,A,3139
108788,Customer_8788,cust8788@masked.com,+XXX-XXX-9788,34,86334,B,3054
108789,Customer_8789,cust8789@masked.com,+XXX-XXX-9789,28,154534,A,3050
108790,Customer_8790,cust8790@masked.com,+XXX-XXX-9790,69,125799,A,3101
108791,Customer_8791,cust8791@masked.com,+XXX-XXX-9791,28,132095,A,3028
108792,Customer_8792,cust8792@masked.com,+XXX-XXX-9792,57,116202,C,3068
108793,Customer_8793,cust8793@masked.com,+XXX-XXX-9793,64,70479,B,3079
108794,Customer_8794,cust8794@masked.com,+XXX-XXX-9794,22,27449,C,3030
108795,Customer_8795,cust8795@masked.com,+XXX-XXX-9795,37,65190,B,3111
108796,Customer_8796,cust8796@masked.com,+XXX-XXX-9796,33,181235,C,3045
108797,Customer_8797,cust8797@masked.com,+XXX-XXX-9797,34,199314,C,3096
108798,Customer_8798,cust8798@masked.com,+XXX-XXX-9798,61,52953,B,3051
108799,Customer_8799,cust8799@masked.com,+XXX-XXX-9799,61,59799,D,3137
108800,Customer_8800,cust8800@masked.com,+XXX-XXX-9800,29,32288,C,3073
108801,Customer_8801,cust8801@masked.com,+XXX-XXX-9801,47,178545,C,3040
108802,Customer_8802,cust8802@masked.com,+XXX-XXX-9802,40,178663,B,3076
108803,Customer_8803,cust8803@masked.com,+XXX-XXX-9803,58,179463,A,3130
108804,Customer_8804,cust8804@masked.com,+XXX-XXX-9804,32,29877,D,3113
108805,Customer_8805,cust8805@masked.com,+XXX-XXX-9805,62,93127,D,3051
108806,Customer_8806,cust8806@masked.com,+XXX-XXX-9806,42,121053,A,3086
108807,Customer_8807,cust8807@masked.com,+XXX-XXX-9807,57,147245,B,3108
108808,Customer_8808,cust8808@masked.com,+XXX-XXX-9808,59,108482,C,3140
108809,Customer_8809,cust8809@masked.com,+XXX-XXX-9809,51,72550,C,3068
108810,Customer_8810,cust8810@masked.com,+XXX-XXX-9810,33,126364,D,3119
108811,Customer_8811,cust8811@masked.com,+XXX-XXX-9811,21,161566,A,3066
108812,Customer_8812,cust8812@masked.com,+XXX-XXX-9812,58,20078,B,3060
108813,Customer_8813,cust8813@masked.com,+XXX-XXX-9813,60,97674,A,3070
108814,Customer_8814,cust8814@masked.com,+XXX-XXX-9814,29,103041,B,3029
108815,Customer_8815,cust8815@masked.com,+XXX-XXX-9815,59,121525,A,3145
108816,Customer_8816,cust8816@masked.com,+XXX-XXX-9816,30,28977,D,3095
108817,Customer_8817,cust8817@masked.com,+XXX-XXX-9817,49,137549,C,3055
108818,Customer_8818,cust8818@masked.com,+XXX-XXX-9818,60,52593,D,3052
108819,Customer_8819,cust8819@masked.com,+XXX-XXX-9819,50,153795,A,3006
108820,Customer_8820,cust8820@masked.com,+XXX-XXX-9820,22,29773,B,3096
108821,Customer_8821,cust8821@masked.com,+XXX-XXX-9821,38,184644,B,3112
108822,Customer_8822,cust8822@masked.com,+XXX-XXX-9822,48,104650,B,3124
108823,Customer_8823,cust8823@masked.com,+XXX-XXX-9823,67,189831,D,3131
108824,Customer_8824,cust8824@masked.com,+XXX-XXX-9824,52,34539,B,3120
108825,Customer_8825,cust8825@masked.com,+XXX-XXX-9825,44,60593,A,3037
108826,Customer_8826,cust8826@masked.com,+XXX-XXX-9826,58,196094,A,3121
108827,Customer_8827,cust8827@masked.com,+XXX-XXX-9827,34,118446,A,3025
108828,Customer_8828,cust8828@masked.com,+XXX-XXX-9828,45,145114,D,3128
108829,Customer_8829,cust8829@masked.com,+XXX-XXX-9829,45,113671,B,3003
108830,Customer_8830,cust8830@masked.com,+XXX-XXX-9830,52,145049,C,3038
108831,Customer_8831,cust8831@masked.com,+XXX-XXX-9831,47,80765,C,3053
108832,Customer_8832,cust8832@masked.com,+XXX-XXX-9832,52,184123,A,3032
108833,Customer_8833,cust8833@masked.com,+XXX-XXX-9833,51,116782,A,3019
108834,Customer_8834,cust8834@masked.com,+XXX-XXX-9834,44,113984,D,3015
108835,Customer_8835,cust8835@masked.com,+XXX-XXX-9835,55,196314,C,3148
108836,Customer_8836,cust8836@masked.com,+XXX-XXX-9836,50,53312,B,3126
108837,Customer_8837,cust8837@masked.com,+XXX-XXX-9837,53,27586,A,3086
108838,Customer_8838,cust8838@masked.com,+XXX-XXX-9838,53,102833,A,3081
108839,Customer_8839,cust8839@masked.com,+XXX-XXX-9839,66,145017,B,3061
108840,Customer_8840,cust8840@masked.com,+XXX-XXX-9840,47,104463,A,3030
108841,Customer_8841,cust8841@masked.com,+XXX-XXX-9841,53,130491,B,3041
108842,Customer_8842,cust8842@masked.com,+XXX-XXX-9842,53,169203,B,3011
108843,Customer_8843,cust8843@masked.com,+XXX-XXX-9843,24,35020,A,3064
108844,Customer_8844,cust8844@masked.com,+XXX-XXX-9844,50,118170,A,3072
108845,Customer_8845,cust8845@masked.com,+XXX-XXX-9845,64,79523,D,3130
108846,Customer_8846,cust8846@masked.com,+XXX-XXX-9846,35,95043,C,3114
108847,Customer_8847,cust8847@masked.com,+XXX-XXX-9847,49,83477,E,3136
108848,Customer_8848,cust8848@masked.com,+XXX-XXX-9848,48,113420,B,3105
108849,Customer_8849,cust8849@masked.com,+XXX-XXX-9849,52,110334,C,3015
108850,Customer_8850,cust8850@masked.com,+XXX-XXX-9850,56,182854,A,3077
108851,Customer_8851,cust8851@masked.com,+XXX-XXX-9851,50,130918,C,3124
108852,Customer_8852,cust8852@masked.com,+XXX-XXX-9852,62,49904,A,3130
108853,Customer_8853,cust8853@masked.com,+XXX-XXX-9853,63,104073,A,3140
108854,Customer_8854,cust8854@masked.com,+XXX-XXX-9854,58,186575,E,3129
108855,Customer_8855,cust8855@masked.com,+XXX-XXX-9855,62,102644,C,3111
108856,Customer_8856,cust8856@masked.com,+XXX-XXX-9856,32,142507,E,3126
108857,Customer_8857,cust8857@masked.com,+XXX-XXX-9857,23,82927,B,3020
108858,Customer_8858,cust8858@masked.com,+XXX-XXX-9858,35,72050,B,3146
108859,Customer_8859,cust8859@masked.com,+XXX-XXX-9859,68,54232,B,3088
108860,Customer_8860,cust8860@masked.com,+XXX-XXX-9860,30,100656,C,3046
108861,Customer_8861,cust8861@masked.com,+XXX-XXX-9861,42,84021,C,3149
108862,Customer_8862,cust8862@masked.com,+XXX-XXX-9862,43,62914,E,3084
108863,Customer_8863,cust8863@masked.com,+XXX-XXX-9863,31,83856,A,3127
108864,Customer_8864,cust8864@masked.com,+XXX-XXX-9864,36,131290,C,3071
108865,Customer_8865,cust8865@masked.com,+XXX-XXX-9865,69,66798,B,3041
108866,Customer_8866,cust8866@masked.com,+XXX-XXX-9866,66,199858,A,3008
108867,Customer_8867,cust8867@masked.com,+XXX-XXX-9867,36,58382,C,3024
108868,Customer_8868,cust8868@masked.com,+XXX-XXX-9868,34,43473,C,3001
108869,Customer_8869,cust8869@masked.com,+XXX-XXX-9869,26,183993,A,3018
108870,Customer_8870,cust8870@masked.com,+XXX-XXX-9870,62,141451,A,3019
108871,Customer_8871,cust8871@masked.com,+XXX-XXX-9871,37,181067,B,3069
108872,Customer_8872,cust8872@masked.com,+XXX-XXX-9872,51,171522,B,3016
108873,Customer_8873,cust8873@masked.com,+XXX-XXX-9873,62,35765,B,3123
108874,Customer_8874,cust8874@masked.com,+XXX-XXX-9874,30,112334,A,3088
108875,Customer_8875,cust8875@masked.com,+XXX-XXX-9875,66,86314,A,3093
108876,Customer_8876,cust8876@masked.com,+XXX-XXX-9876,40,197462,E,3083
108877,Customer_8877,cust8877@masked.com,+XXX-XXX-9877,69,171705,E,3130
108878,Customer_8878,cust8878@masked.com,+XXX-XXX-9878,29,73120,B,3086
108879,Customer_8879,cust8879@masked.com,+XXX-XXX-9879,35,60435,E,3050
108880,Customer_8880,cust8880@masked.com,+XXX-XXX-9880,59,99843,C,3081
108881,Customer_8881,cust8881@masked.com,+XXX-XXX-9881,22,122900,A,3007
108882,Customer_8882,cust8882@masked.com,+XXX-XXX-9882,24,27357,A,3120
108883,Customer_8883,cust8883@masked.com,+XXX-XXX-9883,44,88089,D,3003
108884,Customer_8884,cust8884@masked.com,+XXX-XXX-9884,38,48820,C,3085
108885,Customer_8885,cust8885@masked.com,+XXX-XXX-9885,31,40487,D,3127
108886,Customer_8886,cust8886@masked.com,+XXX-XXX-9886,57,99507,D,3109
108887,Customer_8887,cust8887@masked.com,+XXX-XXX-9887,46,42188,B,3098
108888,Customer_8888,cust8888@masked.com,+XXX-XXX-9888,28,98416,A,3036
108889,Customer_8889,cust8889@masked.com,+XXX-XXX-9889,42,51310,A,3070
108890,Customer_8890,cust8890@masked.com,+XXX-XXX-9890,25,155636,A,3032
108891,Customer_8891,cust8891@masked.com,+XXX-XXX-9891,22,114658,A,3030
108892,Customer_8892,cust8892@masked.com,+XXX-XXX-9892,25,40062,B,3124
108893,Customer_8893,cust8893@masked.com,+XXX-XXX-9893,55,99671,A,3011
108894,Customer_8894,cust8894@masked.com,+XXX-XXX-9894,52,163487,A,3010
108895,Customer_8895,cust8895@masked.com,+XXX-XXX-9895,64,89241,B,3087
108896,Customer_8896,cust8896@masked.com,+XXX-XXX-9896,39,29044,B,3071
108897,Customer_8897,cust8897@masked.com,+XXX-XXX-9897,59,188022,B,3031
108898,Customer_8898,cust8898@masked.com,+XXX-XXX-9898,24,171421,B,3056
108899,Customer_8899,cust8899@masked.com,+XXX-XXX-9899,43,189040,C,3085
108900,Customer_8900,cust8900@masked.com,+XXX-XXX-9900,66,173789,E,3018
108901,Customer_8901,cust8901@masked.com,+XXX-XXX-9901,39,82263,A,3115
108902,Customer_8902,cust8902@masked.com,+XXX-XXX-9902,46,76917,A,3013
108903,Customer_8903,cust8903@masked.com,+XXX-XXX-9903,46,189443,D,3032
108904,Customer_8904,cust8904@masked.com,+XXX-XXX-9904,27,28647,C,3009
108905,Customer_8905,cust8905@masked.com,+XXX-XXX-9905,52,165262,D,3079
108906,Customer_8906,cust8906@masked.com,+XXX-XXX-9906,67,125479,A,3063
108907,Customer_8907,cust8907@masked.com,+XXX-XXX-9907,53,118533,D,3067
108908,Customer_8908,cust8908@masked.com,+XXX-XXX-9908,64,43191,E,3091
108909,Customer_8909,cust8909@masked.com,+XXX-XXX-9909,46,148526,C,3124
108910,Customer_8910,cust8910@masked.com,+XXX-XXX-9910,44,118259,A,3079
108911,Customer_8911,cust8911@masked.com,+XXX-XXX-9911,43,140282,D,3058
108912,Customer_8912,cust8912@masked.com,+XXX-XXX-9912,58,188859,D,3096
108913,Customer_8913,cust8913@masked.com,+XXX-XXX-9913,46,121781,D,3018
108914,Customer_8914,cust8914@masked.com,+XXX-XXX-9914,65,100840,A,3148
108915,Customer_8915,cust8915@masked.com,+XXX-XXX-9915,51,128286,D,3021
108916,Customer_8916,cust8916@masked.com,+XXX-XXX-9916,26,81885,A,3008
108917,Customer_8917,cust8917@masked.com,+XXX-XXX-9917,65,185206,B,3008
108918,Customer_8918,cust8918@masked.com,+XXX-XXX-9918,51,175972,C,3026
108919,Customer_8919,cust8919@masked.com,+XXX-XXX-9919,67,85702,B,3016
108920,Customer_8920,cust8920@masked.com,+XXX-XXX-9920,68,77924,C,3044
108921,Customer_8921,cust8921@masked.com,+XXX-XXX-9921,60,189535,C,3007
108922,Customer_8922,cust8922@masked.com,+XXX-XXX-9922,65,144679,A,3145
108923,Customer_8923,cust8923@masked.com,+XXX-XXX-9923,65,64587,C,3124
108924,Customer_8924,cust8924@masked.com,+XXX-XXX-9924,32,80197,E,3122
108925,Customer_8925,cust8925@masked.com,+XXX-XXX-9925,37,176820,A,3032
108926,Customer_8926,cust8926@masked.com,+XXX-XXX-9926,46,192803,C,3000
108927,Customer_8927,cust8927@masked.com,+XXX-XXX-9927,23,86463,B,3005
108928,Customer_8928,cust8928@masked.com,+XXX-XXX-9928,35,96636,B,3040
108929,Customer_8929,cust8929@masked.com,+XXX-XXX-9929,69,98779,B,3004
108930,Customer_8930,cust8930@masked.com,+XXX-XXX-9930,58,181850,B,3079
108931,Customer_8931,cust8931@masked.com,+XXX-XXX-9931,44,192637,A,3017
108932,Customer_8932,cust8932@masked.com,+XXX-XXX-9932,50,138788,E,3081
108933,Customer_8933,cust8933@masked.com,+XXX-XXX-9933,64,73246,C,3064
108934,Customer_8934,cust8934@masked.com,+XXX-XXX-9934,56,198258,C,3082
108935,Customer_8935,cust8935@masked.com,+XXX-XXX-9935,64,141671,B,3135
108936,Customer_8936,cust8936@masked.com,+XXX-XXX-9936,47,150430,C,3130
108937,Customer_8937,cust8937@masked.com,+XXX-XXX-9937,42,198724,B,3024
108938,Customer_8938,cust8938@masked.com,+XXX-XXX-9938,22,66558,B,3068
108939,Customer_8939,cust8939@masked.com,+XXX-XXX-9939,27,51244,B,3081
108940,Customer_8940,cust8940@masked.com,+XXX-XXX-9940,36,176649,B,3116
108941,Customer_8941,cust8941@masked.com,+XXX-XXX-9941,44,49386,A,3094
108942,Customer_8942,cust8942@masked.com,+XXX-XXX-9942,50,42312,C,3032
108943,Customer_8943,cust8943@masked.com,+XXX-XXX-9943,64,127983,D,3110
108944,Customer_8944,cust8944@masked.com,+XXX-XXX-9944,68,28718,A,3145
108945,Customer_8945,cust8945@masked.com,+XXX-XXX-9945,66,85536,A,3124
108946,Customer_8946,cust8946@masked.com,+XXX-XXX-9946,21,126766,B,3015
108947,Customer_8947,cust8947@masked.com,+XXX-XXX-9947,47,168527,E,3079
108948,Customer_8948,cust8948@masked.com,+XXX-XXX-9948,29,67078,D,3037
108949,Customer_8949,cust8949@masked.com,+XXX-XXX-9949,27,35542,C,3134
108950,Customer_8950,cust8950@masked.com,+XXX-XXX-9950,25,137575,E,3077
108951,Customer_8951,cust8951@masked.com,+XXX-XXX-9951,50,141204,B,3062
108952,Customer_8952,cust8952@masked.com,+XXX-XXX-9952,62,149562,E,3111
108953,Customer_8953,cust8953@masked.com,+XXX-XXX-9953,47,162842,B,3088
108954,Customer_8954,cust8954@masked.com,+XXX-XXX-9954,30,142593,B,3037
108955,Customer_8955,cust8955@masked.com,+XXX-XXX-9955,45,120299,C,3149
108956,Customer_8956,cust8956@masked.com,+XXX-XXX-9956,38,154649,B,3143
108957,Customer_8957,cust8957@masked.com,+XXX-XXX-9957,27,133211,C,3051
108958,Customer_8958,cust8958@masked.com,+XXX-XXX-9958,51,140897,B,3028
108959,Customer_8959,cust8959@masked.com,+XXX-XXX-9959,52,185549,C,3143
108960,Customer_8960,cust8960@masked.com,+XXX-XXX-9960,65,34322,B,3075
108961,Customer_8961,cust8961@masked.com,+XXX-XXX-9961,31,189957,A,3144
108962,Customer_8962,cust8962@masked.com,+XXX-XXX-9962,30,77813,D,3063
108963,Customer_8963,cust8963@masked.com,+XXX-XXX-9963,42,71442,D,3090
108964,Customer_8964,cust8964@masked.com,+XXX-XXX-9964,51,159600,E,3088
108965,Customer_8965,cust8965@masked.com,+XXX-XXX-9965,61,168211,C,3012
108966,Customer_8966,cust8966@masked.com,+XXX-XXX-9966,67,129097,C,3071
108967,Customer_8967,cust8967@masked.com,+XXX-XXX-9967,34,95447,C,3004
108968,Customer_8968,cust8968@masked.com,+XXX-XXX-9968,23,27212,A,3011
108969,Customer_8969,cust8969@masked.com,+XXX-XXX-9969,44,54867,A,3002
108970,Customer_8970,cust8970@masked.com,+XXX-XXX-9970,34,84662,B,3032
108971,Customer_8971,cust8971@masked.com,+XXX-XXX-9971,36,118716,D,3120
108972,Customer_8972,cust8972@masked.com,+XXX-XXX-9972,48,67672,A,3049
108973,Customer_8973,cust8973@masked.com,+XXX-XXX-9973,55,101682,E,3136
108974,Customer_8974,cust8974@masked.com,+XXX-XXX-9974,60,80624,C,3028
108975,Customer_8975,cust8975@masked.com,+XXX-XXX-9975,22,154065,C,3038
108976,Customer_8976,cust8976@masked.com,+XXX-XXX-9976,54,31654,A,3090
108977,Customer_8977,cust8977@masked.com,+XXX-XXX-9977,38,20246,B,3099
108978,Customer_8978,cust8978@masked.com,+XXX-XXX-9978,27,76714,E,3016
108979,Customer_8979,cust8979@masked.com,+XXX-XXX-9979,69,64738,B,3055
108980,Customer_8980,cust8980@masked.com,+XXX-XXX-9980,58,190817,B,3045
108981,Customer_8981,cust8981@masked.com,+XXX-XXX-9981,62,76247,A,3066
108982,Customer_8982,cust8982@masked.com,+XXX-XXX-9982,27,166250,A,3141
108983,Customer_8983,cust8983@masked.com,+XXX-XXX-9983,24,138055,B,3066
108984,Customer_8984,cust8984@masked.com,+XXX-XXX-9984,63,48906,C,3022
108985,Customer_8985,cust8985@masked.com,+XXX-XXX-9985,36,153761,B,3093
108986,Customer_8986,cust8986@masked.com,+XXX-XXX-9986,69,184427,C,3053
108987,Customer_8987,cust8987@masked.com,+XXX-XXX-9987,26,87004,A,3137
108988,Customer_8988,cust8988@masked.com,+XXX-XXX-9988,40,85768,D,3076
108989,Customer_8989,cust8989@masked.com,+XXX-XXX-9989,51,190725,D,3015
108990,Customer_8990,cust8990@masked.com,+XXX-XXX-9990,39,142699,A,3040
108991,Customer_8991,cust8991@masked.com,+XXX-XXX-9991,42,148881,B,3097
108992,Customer_8992,cust8992@masked.com,+XXX-XXX-9992,41,165304,A,3127
108993,Customer_8993,cust8993@masked.com,+XXX-XXX-9993,38,109060,D,3060
108994,Customer_8994,cust8994@masked.com,+XXX-XXX-9994,52,120190,C,3085
108995,Customer_8995,cust8995@masked.com,+XXX-XXX-9995,67,36693,D,3117
108996,Customer_8996,cust8996@masked.com,+XXX-XXX-9996,54,176591,B,3099
108997,Customer_8997,cust8997@masked.com,+XXX-XXX-9997,47,111019,B,3048
108998,Customer_8998,cust8998@masked.com,+XXX-XXX-9998,58,194557,A,3001
108999,Customer_8999,cust8999@masked.com,+XXX-XXX-9999,64,87136,B,3119
109000,Customer_9000,cust9000@masked.com,+XXX-XXX-1000,50,138002,C,3122
109001,Customer_9001,cust9001@masked.com,+XXX-XXX-1001,53,49027,A,3085
109002,Customer_9002,cust9002@masked.com,+XXX-XXX-1002,47,84307,C,3076
109003,Customer_9003,cust9003@masked.com,+XXX-XXX-1003,43,188770,C,3135
109004,Customer_9004,cust9004@masked.com,+XXX-XXX-1004,63,25729,D,3058
109005,Customer_9005,cust9005@masked.com,+XXX-XXX-1005,39,77143,B,3011
109006,Customer_9006,cust9006@masked.com,+XXX-XXX-1006,51,65932,D,3003
109007,Customer_9007,cust9007@masked.com,+XXX-XXX-1007,24,166138,E,3116
109008,Customer_9008,cust9008@masked.com,+XXX-XXX-1008,39,136529,D,3094
109009,Customer_9009,cust9009@masked.com,+XXX-XXX-1009,58,169092,D,3124
109010,Customer_9010,cust9010@masked.com,+XXX-XXX-1010,60,136363,D,3040
109011,Customer_9011,cust9011@masked.com,+XXX-XXX-1011,42,87326,C,3122
109012,Customer_9012,cust9012@masked.com,+XXX-XXX-1012,29,130016,A,3006
109013,Customer_9013,cust9013@masked.com,+XXX-XXX-1013,51,190807,C,3068
109014,Customer_9014,cust9014@masked.com,+XXX-XXX-1014,30,174370,C,3068
109015,Customer_9015,cust9015@masked.com,+XXX-XXX-1015,30,61893,E,3080
109016,Customer_9016,cust9016@masked.com,+XXX-XXX-1016,50,144213,C,3029
109017,Customer_9017,cust9017@masked.com,+XXX-XXX-1017,30,122647,B,3072
109018,Customer_9018,cust9018@masked.com,+XXX-XXX-1018,56,62411,C,3005
109019,Customer_9019,cust9019@masked.com,+XXX-XXX-1019,38,172004,E,3088
109020,Customer_9020,cust9020@masked.com,+XXX-XXX-1020,64,189078,A,3146
109021,Customer_9021,cust9021@masked.com,+XXX-XXX-1021,63,98732,B,3065
109022,Customer_9022,cust9022@masked.com,+XXX-XXX-1022,68,152011,C,3009
109023,Customer_9023,cust9023@masked.com,+XXX-XXX-1023,39,162723,A,3143
109024,Customer_9024,cust9024@masked.com,+XXX-XXX-1024,63,29285,A,3036
109025,Customer_9025,cust9025@masked.com,+XXX-XXX-1025,43,92626,B,3076
109026,Customer_9026,cust9026@masked.com,+XXX-XXX-1026,24,47077,D,3076
109027,Customer_9027,cust9027@masked.com,+XXX-XXX-1027,32,198906,A,3031
109028,Customer_9028,cust9028@masked.com,+XXX-XXX-1028,69,79757,B,3046
109029,Customer_9029,cust9029@masked.com,+XXX-XXX-1029,44,64733,D,3109
109030,Customer_9030,cust9030@masked.com,+XXX-XXX-1030,33,175391,E,3119
109031,Customer_9031,cust9031@masked.com,+XXX-XXX-1031,24,45786,E,3009
109032,Customer_9032,cust9032@masked.com,+XXX-XXX-1032,47,170754,B,3096
109033,Customer_9033,cust9033@masked.com,+XXX-XXX-1033,58,26275,E,3004
109034,Customer_9034,cust9034@masked.com,+XXX-XXX-1034,59,63791,A,3076
109035,Customer_9035,cust9035@masked.com,+XXX-XXX-1035,28,90353,C,3000
109036,Customer_9036,cust9036@masked.com,+XXX-XXX-1036,46,171558,C,3130
109037,Customer_9037,cust9037@masked.com,+XXX-XXX-1037,54,163882,B,3066
109038,Customer_9038,cust9038@masked.com,+XXX-XXX-1038,29,124135,C,3014
109039,Customer_9039,cust9039@masked.com,+XXX-XXX-1039,30,69402,A,3092
109040,Customer_9040,cust9040@masked.com,+XXX-XXX-1040,21,166099,D,3029
109041,Customer_9041,cust9041@masked.com,+XXX-XXX-1041,68,181407,B,3102
109042,Customer_9042,cust9042@masked.com,+XXX-XXX-1042,28,96868,C,3081
109043,Customer_9043,cust9043@masked.com,+XXX-XXX-1043,30,181656,A,3074
109044,Customer_9044,cust9044@masked.com,+XXX-XXX-1044,63,62245,A,3059
109045,Customer_9045,cust9045@masked.com,+XXX-XXX-1045,69,35077,E,3039
109046,Customer_9046,cust9046@masked.com,+XXX-XXX-1046,45,128283,D,3073
109047,Customer_9047,cust9047@masked.com,+XXX-XXX-1047,51,168924,E,3120
109048,Customer_9048,cust9048@masked.com,+XXX-XXX-1048,59,138721,B,3146
109049,Customer_9049,cust9049@masked.com,+XXX-XXX-1049,23,70654,A,3002
109050,Customer_9050,cust9050@masked.com,+XXX-XXX-1050,59,81663,C,3035
109051,Customer_9051,cust9051@masked.com,+XXX-XXX-1051,58,26600,B,3042
109052,Customer_9052,cust9052@masked.com,+XXX-XXX-1052,55,195469,A,3142
109053,Customer_9053,cust9053@masked.com,+XXX-XXX-1053,28,90580,C,3114
109054,Customer_9054,cust9054@masked.com,+XXX-XXX-1054,21,36411,B,3108
109055,Customer_9055,cust9055@masked.com,+XXX-XXX-1055,25,84364,A,3089
109056,Customer_9056,cust9056@masked.com,+XXX-XXX-1056,47,61860,B,3083
109057,Customer_9057,cust9057@masked.com,+XXX-XXX-1057,65,192880,C,3076
109058,Customer_9058,cust9058@masked.com,+XXX-XXX-1058,46,85636,C,3004
109059,Customer_9059,cust9059@masked.com,+XXX-XXX-1059,63,35383,B,3077
109060,Customer_9060,cust9060@masked.com,+XXX-XXX-1060,46,76546,C,3090
109061,Customer_9061,cust9061@masked.com,+XXX-XXX-1061,31,187080,A,3086
109062,Customer_9062,cust9062@masked.com,+XXX-XXX-1062,54,199688,D,3013
109063,Customer_9063,cust9063@masked.com,+XXX-XXX-1063,61,162581,E,3103
109064,Customer_9064,cust9064@masked.com,+XXX-XXX-1064,22,197987,C,3082
109065,Customer_9065,cust9065@masked.com,+XXX-XXX-1065,41,183838,A,3053
109066,Customer_9066,cust9066@masked.com,+XXX-XXX-1066,46,150771,C,3131
109067,Customer_9067,cust9067@masked.com,+XXX-XXX-1067,32,149386,C,3094
109068,Customer_9068,cust9068@masked.com,+XXX-XXX-1068,29,54221,E,3008
109069,Customer_9069,cust9069@masked.com,+XXX-XXX-1069,61,179764,E,3052
109070,Customer_9070,cust9070@masked.com,+XXX-XXX-1070,43,114843,D,3076
109071,Customer_9071,cust9071@masked.com,+XXX-XXX-1071,62,195472,A,3059
109072,Customer_9072,cust9072@masked.com,+XXX-XXX-1072,25,122863,E,3045
109073,Customer_9073,cust9073@masked.com,+XXX-XXX-1073,29,93353,C,3053
109074,Customer_9074,cust9074@masked.com,+XXX-XXX-1074,30,119819,D,3073
109075,Customer_9075,cust9075@masked.com,+XXX-XXX-1075,69,130417,B,3111
109076,Customer_9076,cust9076@masked.com,+XXX-XXX-1076,30,101248,B,3094
109077,Customer_9077,cust9077@masked.com,+XXX-XXX-1077,34,35964,B,3022
109078,Customer_9078,cust9078@masked.com,+XXX-XXX-1078,56,178814,A,3026
109079,Customer_9079,cust9079@masked.com,+XXX-XXX-1079,30,54195,B,3069
109080,Customer_9080,cust9080@masked.com,+XXX-XXX-1080,57,195236,D,3108
109081,Customer_9081,cust9081@masked.com,+XXX-XXX-1081,61,168469,A,3076
109082,Customer_9082,cust9082@masked.com,+XXX-XXX-1082,58,191119,A,3049
109083,Customer_9083,cust9083@masked.com,+XXX-XXX-1083,68,88885,A,3123
109084,Customer_9084,cust9084@masked.com,+XXX-XXX-1084,42,198951,B,3018
109085,Customer_9085,cust9085@masked.com,+XXX-XXX-1085,43,32157,E,3000
109086,Customer_9086,cust9086@masked.com,+XXX-XXX-1086,36,142445,A,3039
109087,Customer_9087,cust9087@masked.com,+XXX-XXX-1087,31,82214,A,3021
109088,Customer_9088,cust9088@masked.com,+XXX-XXX-1088,67,33885,D,3111
109089,Customer_9089,cust9089@masked.com,+XXX-XXX-1089,55,127922,D,3039
109090,Customer_9090,cust9090@masked.com,+XXX-XXX-1090,68,158090,A,3037
109091,Customer_9091,cust9091@masked.com,+XXX-XXX-1091,40,99127,D,3047
109092,Customer_9092,cust9092@masked.com,+XXX-XXX-1092,57,20389,C,3074
109093,Customer_9093,cust9093@masked.com,+XXX-XXX-1093,61,190731,D,3106
109094,Customer_9094,cust9094@masked.com,+XXX-XXX-1094,25,36519,B,3007
109095,Customer_9095,cust9095@masked.com,+XXX-XXX-1095,56,55224,E,3085
109096,Customer_9096,cust9096@masked.com,+XXX-XXX-1096,33,77944,A,3067
109097,Customer_9097,cust9097@masked.com,+XXX-XXX-1097,37,43497,B,3074
109098,Customer_9098,cust9098@masked.com,+XXX-XXX-1098,46,176266,B,3136
109099,Customer_9099,cust9099@masked.com,+XXX-XXX-1099,64,160840,B,3089
109100,Customer_9100,cust9100@masked.com,+XXX-XXX-1100,40,179417,E,3129
109101,Customer_9101,cust9101@masked.com,+XXX-XXX-1101,59,140784,C,3079
109102,Customer_9102,cust9102@masked.com,+XXX-XXX-1102,53,162189,A,3094
109103,Customer_9103,cust9103@masked.com,+XXX-XXX-1103,50,58274,B,3069
109104,Customer_9104,cust9104@masked.com,+XXX-XXX-1104,36,94931,B,3089
109105,Customer_9105,cust9105@masked.com,+XXX-XXX-1105,27,29913,E,3058
109106,Customer_9106,cust9106@masked.com,+XXX-XXX-1106,50,159857,C,3146
109107,Customer_9107,cust9107@masked.com,+XXX-XXX-1107,22,127101,C,3027
109108,Customer_9108,cust9108@masked.com,+XXX-XXX-1108,32,54237,C,3071
109109,Customer_9109,cust9109@masked.com,+XXX-XXX-1109,63,99987,D,3013
109110,Customer_9110,cust9110@masked.com,+XXX-XXX-1110,60,50964,C,3023
109111,Customer_9111,cust9111@masked.com,+XXX-XXX-1111,21,119610,B,3111
109112,Customer_9112,cust9112@masked.com,+XXX-XXX-1112,23,25332,D,3043
109113,Customer_9113,cust9113@masked.com,+XXX-XXX-1113,28,46263,C,3055
109114,Customer_9114,cust9114@masked.com,+XXX-XXX-1114,46,67554,C,3119
109115,Customer_9115,cust9115@masked.com,+XXX-XXX-1115,60,171439,E,3031
109116,Customer_9116,cust9116@masked.com,+XXX-XXX-1116,31,162990,D,3024
109117,Customer_9117,cust9117@masked.com,+XXX-XXX-1117,41,127544,D,3115
109118,Customer_9118,cust9118@masked.com,+XXX-XXX-1118,25,73480,E,3065
109119,Customer_9119,cust9119@masked.com,+XXX-XXX-1119,60,170815,A,3041
109120,Customer_9120,cust9120@masked.com,+XXX-XXX-1120,46,91863,B,3075
109121,Customer_9121,cust9121@masked.com,+XXX-XXX-1121,41,67354,C,3136
109122,Customer_9122,cust9122@masked.com,+XXX-XXX-1122,29,177986,B,3037
109123,Customer_9123,cust9123@masked.com,+XXX-XXX-1123,37,59709,D,3060
109124,Customer_9124,cust9124@masked.com,+XXX-XXX-1124,57,87933,D,3088
109125,Customer_9125,cust9125@masked.com,+XXX-XXX-1125,22,35698,C,3017
109126,Customer_9126,cust9126@masked.com,+XXX-XXX-1126,67,173523,E,3069
109127,Customer_9127,cust9127@masked.com,+XXX-XXX-1127,60,125463,B,3081
109128,Customer_9128,cust9128@masked.com,+XXX-XXX-1128,48,163489,C,3115
109129,Customer_9129,cust9129@masked.com,+XXX-XXX-1129,47,52954,C,3079
109130,Customer_9130,cust9130@masked.com,+XXX-XXX-1130,60,82884,B,3014
109131,Customer_9131,cust9131@masked.com,+XXX-XXX-1131,21,183311,A,3012
109132,Customer_9132,cust9132@masked.com,+XXX-XXX-1132,66,87100,D,3118
109133,Customer_9133,cust9133@masked.com,+XXX-XXX-1133,31,190653,C,3042
109134,Customer_9134,cust9134@masked.com,+XXX-XXX-1134,59,120213,D,3056
109135,Customer_9135,cust9135@masked.com,+XXX-XXX-1135,38,126773,C,3016
109136,Customer_9136,cust9136@masked.com,+XXX-XXX-1136,47,168938,A,3031
109137,Customer_9137,cust9137@masked.com,+XXX-XXX-1137,67,41266,B,3149
109138,Customer_9138,cust9138@masked.com,+XXX-XXX-1138,30,131847,B,3054
109139,Customer_9139,cust9139@masked.com,+XXX-XXX-1139,56,193909,E,3012
109140,Customer_9140,cust9140@masked.com,+XXX-XXX-1140,41,163724,A,3046
109141,Customer_9141,cust9141@masked.com,+XXX-XXX-1141,48,33789,E,3086
109142,Customer_9142,cust9142@masked.com,+XXX-XXX-1142,21,134624,E,3061
109143,Customer_9143,cust9143@masked.com,+XXX-XXX-1143,34,163827,E,3028
109144,Customer_9144,cust9144@masked.com,+XXX-XXX-1144,40,62608,B,3021
109145,Customer_9145,cust9145@masked.com,+XXX-XXX-1145,29,185764,E,3064
109146,Customer_9146,cust9146@masked.com,+XXX-XXX-1146,65,50667,B,3028
109147,Customer_9147,cust9147@masked.com,+XXX-XXX-1147,47,88234,A,3047
109148,Customer_9148,cust9148@masked.com,+XXX-XXX-1148,69,67929,B,3004
109149,Customer_9149,cust9149@masked.com,+XXX-XXX-1149,24,144177,E,3100
109150,Customer_9150,cust9150@masked.com,+XXX-XXX-1150,57,100789,A,3070
109151,Customer_9151,cust9151@masked.com,+XXX-XXX-1151,38,99671,C,3140
109152,Customer_9152,cust9152@masked.com,+XXX-XXX-1152,51,78561,A,3137
109153,Customer_9153,cust9153@masked.com,+XXX-XXX-1153,69,102191,B,3065
109154,Customer_9154,cust9154@masked.com,+XXX-XXX-1154,59,136011,A,3071
109155,Customer_9155,cust9155@masked.com,+XXX-XXX-1155,30,126055,D,3024
109156,Customer_9156,cust9156@masked.com,+XXX-XXX-1156,29,35117,C,3059
109157,Customer_9157,cust9157@masked.com,+XXX-XXX-1157,48,104872,D,3039
109158,Customer_9158,cust9158@masked.com,+XXX-XXX-1158,48,36714,C,3006
109159,Customer_9159,cust9159@masked.com,+XXX-XXX-1159,33,189711,E,3045
109160,Customer_9160,cust9160@masked.com,+XXX-XXX-1160,38,161931,C,3085
109161,Customer_9161,cust9161@masked.com,+XXX-XXX-1161,32,161099,C,3140
109162,Customer_9162,cust9162@masked.com,+XXX-XXX-1162,28,109869,C,3020
109163,Customer_9163,cust9163@masked.com,+XXX-XXX-1163,43,131452,B,3000
109164,Customer_9164,cust9164@masked.com,+XXX-XXX-1164,25,150041,D,3122
109165,Customer_9165,cust9165@masked.com,+XXX-XXX-1165,27,27184,C,3146
109166,Customer_9166,cust9166@masked.com,+XXX-XXX-1166,35,175328,D,3124
109167,Customer_9167,cust9167@masked.com,+XXX-XXX-1167,23,68339,D,3032
109168,Customer_9168,cust9168@masked.com,+XXX-XXX-1168,38,64896,A,3003
109169,Customer_9169,cust9169@masked.com,+XXX-XXX-1169,58,38557,C,3002
109170,Customer_9170,cust9170@masked.com,+XXX-XXX-1170,46,181589,A,3090
109171,Customer_9171,cust9171@masked.com,+XXX-XXX-1171,58,122013,C,3051
109172,Customer_9172,cust9172@masked.com,+XXX-XXX-1172,53,75039,C,3027
109173,Customer_9173,cust9173@masked.com,+XXX-XXX-1173,41,105120,E,3069
109174,Customer_9174,cust9174@masked.com,+XXX-XXX-1174,37,164907,A,3056
109175,Customer_9175,cust9175@masked.com,+XXX-XXX-1175,63,56492,A,3107
109176,Customer_9176,cust9176@masked.com,+XXX-XXX-1176,22,72685,A,3143
109177,Customer_9177,cust9177@masked.com,+XXX-XXX-1177,45,139753,B,3023
109178,Customer_9178,cust9178@masked.com,+XXX-XXX-1178,61,144683,D,3076
109179,Customer_9179,cust9179@masked.com,+XXX-XXX-1179,39,24693,D,3075
109180,Customer_9180,cust9180@masked.com,+XXX-XXX-1180,58,68401,C,3068
109181,Customer_9181,cust9181@masked.com,+XXX-XXX-1181,45,176262,D,3100
109182,Customer_9182,cust9182@masked.com,+XXX-XXX-1182,59,146290,B,3091
109183,Customer_9183,cust9183@masked.com,+XXX-XXX-1183,24,183677,A,3091
109184,Customer_9184,cust9184@masked.com,+XXX-XXX-1184,23,172718,A,3029
109185,Customer_9185,cust9185@masked.com,+XXX-XXX-1185,54,196550,D,3017
109186,Customer_9186,cust9186@masked.com,+XXX-XXX-1186,62,46957,C,3043
109187,Customer_9187,cust9187@masked.com,+XXX-XXX-1187,30,136552,C,3098
109188,Customer_9188,cust9188@masked.com,+XXX-XXX-1188,69,130423,B,3120
109189,Customer_9189,cust9189@masked.com,+XXX-XXX-1189,47,190247,B,3114
109190,Customer_9190,cust9190@masked.com,+XXX-XXX-1190,68,57010,E,3059
109191,Customer_9191,cust9191@masked.com,+XXX-XXX-1191,46,30251,A,3145
109192,Customer_9192,cust9192@masked.com,+XXX-XXX-1192,47,42343,D,3055
109193,Customer_9193,cust9193@masked.com,+XXX-XXX-1193,21,107943,B,3030
109194,Customer_9194,cust9194@masked.com,+XXX-XXX-1194,64,91734,A,3100
109195,Customer_9195,cust9195@masked.com,+XXX-XXX-1195,40,116485,C,3058
109196,Customer_9196,cust9196@masked.com,+XXX-XXX-1196,45,134643,B,3123
109197,Customer_9197,cust9197@masked.com,+XXX-XXX-1197,30,197273,C,3129
109198,Customer_9198,cust9198@masked.com,+XXX-XXX-1198,21,54385,C,3096
109199,Customer_9199,cust9199@masked.com,+XXX-XXX-1199,36,58848,C,3106
109200,Customer_9200,cust9200@masked.com,+XXX-XXX-1200,31,130538,D,3017
109201,Customer_9201,cust9201@masked.com,+XXX-XXX-1201,24,132174,C,3144
109202,Customer_9202,cust9202@masked.com,+XXX-XXX-1202,55,152971,B,3070
109203,Customer_9203,cust9203@masked.com,+XXX-XXX-1203,33,120338,C,3105
109204,Customer_9204,cust9204@masked.com,+XXX-XXX-1204,41,33983,C,3053
109205,Customer_9205,cust9205@masked.com,+XXX-XXX-1205,35,42706,A,3093
109206,Customer_9206,cust9206@masked.com,+XXX-XXX-1206,30,40357,D,3075
109207,Customer_9207,cust9207@masked.com,+XXX-XXX-1207,58,47528,C,3034
109208,Customer_9208,cust9208@masked.com,+XXX-XXX-1208,31,49223,D,3010
109209,Customer_9209,cust9209@masked.com,+XXX-XXX-1209,52,69877,D,3060
109210,Customer_9210,cust9210@masked.com,+XXX-XXX-1210,53,64487,B,3043
109211,Customer_9211,cust9211@masked.com,+XXX-XXX-1211,40,134167,C,3120
109212,Customer_9212,cust9212@masked.com,+XXX-XXX-1212,56,159103,B,3067
109213,Customer_9213,cust9213@masked.com,+XXX-XXX-1213,50,176825,B,3024
109214,Customer_9214,cust9214@masked.com,+XXX-XXX-1214,30,114197,D,3083
109215,Customer_9215,cust9215@masked.com,+XXX-XXX-1215,35,97137,D,3113
109216,Customer_9216,cust9216@masked.com,+XXX-XXX-1216,49,30675,A,3131
109217,Customer_9217,cust9217@masked.com,+XXX-XXX-1217,21,190379,C,3000
109218,Customer_9218,cust9218@masked.com,+XXX-XXX-1218,41,65221,E,3130
109219,Customer_9219,cust9219@masked.com,+XXX-XXX-1219,35,179171,C,3085
109220,Customer_9220,cust9220@masked.com,+XXX-XXX-1220,23,109020,D,3061
109221,Customer_9221,cust9221@masked.com,+XXX-XXX-1221,53,70711,D,3063
109222,Customer_9222,cust9222@masked.com,+XXX-XXX-1222,58,167856,B,3144
109223,Customer_9223,cust9223@masked.com,+XXX-XXX-1223,39,56978,B,3125
109224,Customer_9224,cust9224@masked.com,+XXX-XXX-1224,24,49022,C,3104
109225,Customer_9225,cust9225@masked.com,+XXX-XXX-1225,32,105251,B,3061
109226,Customer_9226,cust9226@masked.com,+XXX-XXX-1226,45,57739,C,3034
109227,Customer_9227,cust9227@masked.com,+XXX-XXX-1227,54,103169,C,3012
109228,Customer_9228,cust9228@masked.com,+XXX-XXX-1228,37,24226,D,3042
109229,Customer_9229,cust9229@masked.com,+XXX-XXX-1229,26,173863,B,3129
109230,Customer_9230,cust9230@masked.com,+XXX-XXX-1230,32,120258,A,3110
109231,Customer_9231,cust9231@masked.com,+XXX-XXX-1231,35,108897,B,3127
109232,Customer_9232,cust9232@masked.com,+XXX-XXX-1232,37,126844,C,3050
109233,Customer_9233,cust9233@masked.com,+XXX-XXX-1233,21,63478,B,3143
109234,Customer_9234,cust9234@masked.com,+XXX-XXX-1234,34,61073,C,3145
109235,Customer_9235,cust9235@masked.com,+XXX-XXX-1235,22,26161,A,3134
109236,Customer_9236,cust9236@masked.com,+XXX-XXX-1236,24,117465,C,3044
109237,Customer_9237,cust9237@masked.com,+XXX-XXX-1237,22,58229,B,3041
109238,Customer_9238,cust9238@masked.com,+XXX-XXX-1238,46,21628,C,3134
109239,Customer_9239,cust9239@masked.com,+XXX-XXX-1239,66,93516,B,3014
109240,Customer_9240,cust9240@masked.com,+XXX-XXX-1240,60,122542,B,3059
109241,Customer_9241,cust9241@masked.com,+XXX-XXX-1241,53,182446,D,3039
109242,Customer_9242,cust9242@masked.com,+XXX-XXX-1242,68,66892,A,3111
109243,Customer_9243,cust9243@masked.com,+XXX-XXX-1243,59,97411,C,3076
109244,Customer_9244,cust9244@masked.com,+XXX-XXX-1244,26,42980,E,3104
109245,Customer_9245,cust9245@masked.com,+XXX-XXX-1245,50,185835,C,3106
109246,Customer_9246,cust9246@masked.com,+XXX-XXX-1246,42,161373,D,3121
109247,Customer_9247,cust9247@masked.com,+XXX-XXX-1247,47,70451,A,3079
109248,Customer_9248,cust9248@masked.com,+XXX-XXX-1248,39,146630,B,3124
109249,Customer_9249,cust9249@masked.com,+XXX-XXX-1249,30,41798,B,3133
109250,Customer_9250,cust9250@masked.com,+XXX-XXX-1250,26,121320,A,3031
109251,Customer_9251,cust9251@masked.com,+XXX-XXX-1251,46,29589,B,3107
109252,Customer_9252,cust9252@masked.com,+XXX-XXX-1252,62,131251,B,3113
109253,Customer_9253,cust9253@masked.com,+XXX-XXX-1253,23,100633,C,3145
109254,Customer_9254,cust9254@masked.com,+XXX-XXX-1254,23,127656,E,3067
109255,Customer_9255,cust9255@masked.com,+XXX-XXX-1255,26,68222,A,3126
109256,Customer_9256,cust9256@masked.com,+XXX-XXX-1256,69,26381,B,3134
109257,Customer_9257,cust9257@masked.com,+XXX-XXX-1257,30,110907,B,3113
109258,Customer_9258,cust9258@masked.com,+XXX-XXX-1258,58,76615,B,3007
109259,Customer_9259,cust9259@masked.com,+XXX-XXX-1259,33,181660,D,3063
109260,Customer_9260,cust9260@masked.com,+XXX-XXX-1260,58,88453,B,3134
109261,Customer_9261,cust9261@masked.com,+XXX-XXX-1261,32,47115,A,3040
109262,Customer_9262,cust9262@masked.com,+XXX-XXX-1262,66,24353,C,3039
109263,Customer_9263,cust9263@masked.com,+XXX-XXX-1263,69,96162,D,3002
109264,Customer_9264,cust9264@masked.com,+XXX-XXX-1264,47,89901,C,3144
109265,Customer_9265,cust9265@masked.com,+XXX-XXX-1265,28,46576,C,3109
109266,Customer_9266,cust9266@masked.com,+XXX-XXX-1266,25,133506,A,3113
109267,Customer_9267,cust9267@masked.com,+XXX-XXX-1267,56,105038,B,3111
109268,Customer_9268,cust9268@masked.com,+XXX-XXX-1268,58,174205,B,3149
109269,Customer_9269,cust9269@masked.com,+XXX-XXX-1269,63,63701,B,3003
109270,Customer_9270,cust9270@masked.com,+XXX-XXX-1270,50,111837,E,3133
109271,Customer_9271,cust9271@masked.com,+XXX-XXX-1271,57,144390,C,3025
109272,Customer_9272,cust9272@masked.com,+XXX-XXX-1272,49,193618,A,3138
109273,Customer_9273,cust9273@masked.com,+XXX-XXX-1273,42,103661,B,3016
109274,Customer_9274,cust9274@masked.com,+XXX-XXX-1274,34,47468,B,3091
109275,Customer_9275,cust9275@masked.com,+XXX-XXX-1275,30,144854,C,3030
109276,Customer_9276,cust9276@masked.com,+XXX-XXX-1276,31,59123,B,3143
109277,Customer_9277,cust9277@masked.com,+XXX-XXX-1277,55,92599,B,3106
109278,Customer_9278,cust9278@masked.com,+XXX-XXX-1278,43,157075,C,3145
109279,Customer_9279,cust9279@masked.com,+XXX-XXX-1279,28,162096,B,3110
109280,Customer_9280,cust9280@masked.com,+XXX-XXX-1280,41,37173,A,3100
109281,Customer_9281,cust9281@masked.com,+XXX-XXX-1281,57,157530,A,3111
109282,Customer_9282,cust9282@masked.com,+XXX-XXX-1282,48,81194,B,3061
109283,Customer_9283,cust9283@masked.com,+XXX-XXX-1283,51,141110,A,3111
109284,Customer_9284,cust9284@masked.com,+XXX-XXX-1284,48,73621,B,3115
109285,Customer_9285,cust9285@masked.com,+XXX-XXX-1285,62,84213,D,3034
109286,Customer_9286,cust9286@masked.com,+XXX-XXX-1286,47,125959,C,3027
109287,Customer_9287,cust9287@masked.com,+XXX-XXX-1287,60,153181,C,3102
109288,Customer_9288,cust9288@masked.com,+XXX-XXX-1288,41,141710,D,3124
109289,Customer_9289,cust9289@masked.com,+XXX-XXX-1289,29,164437,B,3101
109290,Customer_9290,cust9290@masked.com,+XXX-XXX-1290,49,49145,D,3136
109291,Customer_9291,cust9291@masked.com,+XXX-XXX-1291,35,97935,B,3142
109292,Customer_9292,cust9292@masked.com,+XXX-XXX-1292,53,90621,B,3020
109293,Customer_9293,cust9293@masked.com,+XXX-XXX-1293,57,174892,B,3051
109294,Customer_9294,cust9294@masked.com,+XXX-XXX-1294,67,100195,A,3096
109295,Customer_9295,cust9295@masked.com,+XXX-XXX-1295,56,184458,E,3050
109296,Customer_9296,cust9296@masked.com,+XXX-XXX-1296,48,41274,A,3082
109297,Customer_9297,cust9297@masked.com,+XXX-XXX-1297,30,160146,B,3054
109298,Customer_9298,cust9298@masked.com,+XXX-XXX-1298,43,126057,B,3076
109299,Customer_9299,cust9299@masked.com,+XXX-XXX-1299,48,30987,A,3126
109300,Customer_9300,cust9300@masked.com,+XXX-XXX-1300,54,148603,A,3092
109301,Customer_9301,cust9301@masked.com,+XXX-XXX-1301,25,180852,A,3087
109302,Customer_9302,cust9302@masked.com,+XXX-XXX-1302,38,82538,B,3079
109303,Customer_9303,cust9303@masked.com,+XXX-XXX-1303,26,147571,D,3091
109304,Customer_9304,cust9304@masked.com,+XXX-XXX-1304,62,130324,B,3046
109305,Customer_9305,cust9305@masked.com,+XXX-XXX-1305,67,108291,A,3037
109306,Customer_9306,cust9306@masked.com,+XXX-XXX-1306,43,84082,C,3138
109307,Customer_9307,cust9307@masked.com,+XXX-XXX-1307,48,161299,E,3014
109308,Customer_9308,cust9308@masked.com,+XXX-XXX-1308,61,189998,B,3000
109309,Customer_9309,cust9309@masked.com,+XXX-XXX-1309,33,27148,B,3134
109310,Customer_9310,cust9310@masked.com,+XXX-XXX-1310,45,186700,E,3000
109311,Customer_9311,cust9311@masked.com,+XXX-XXX-1311,27,50900,A,3048
109312,Customer_9312,cust9312@masked.com,+XXX-XXX-1312,22,31771,C,3095
109313,Customer_9313,cust9313@masked.com,+XXX-XXX-1313,36,86461,B,3025
109314,Customer_9314,cust9314@masked.com,+XXX-XXX-1314,22,58989,E,3086
109315,Customer_9315,cust9315@masked.com,+XXX-XXX-1315,56,52996,E,3092
109316,Customer_9316,cust9316@masked.com,+XXX-XXX-1316,22,46997,D,3101
109317,Customer_9317,cust9317@masked.com,+XXX-XXX-1317,69,49488,B,3070
109318,Customer_9318,cust9318@masked.com,+XXX-XXX-1318,58,129752,B,3139
109319,Customer_9319,cust9319@masked.com,+XXX-XXX-1319,30,42975,B,3094
109320,Customer_9320,cust9320@masked.com,+XXX-XXX-1320,34,57310,D,3117
109321,Customer_9321,cust9321@masked.com,+XXX-XXX-1321,47,84254,D,3147
109322,Customer_9322,cust9322@masked.com,+XXX-XXX-1322,35,113264,B,3118
109323,Customer_9323,cust9323@masked.com,+XXX-XXX-1323,41,123197,C,3050
109324,Customer_9324,cust9324@masked.com,+XXX-XXX-1324,32,45809,A,3080
109325,Customer_9325,cust9325@masked.com,+XXX-XXX-1325,63,125730,B,3035
109326,Customer_9326,cust9326@masked.com,+XXX-XXX-1326,53,63995,C,3066
109327,Customer_9327,cust9327@masked.com,+XXX-XXX-1327,60,144189,B,3128
109328,Customer_9328,cust9328@masked.com,+XXX-XXX-1328,42,77812,B,3113
109329,Customer_9329,cust9329@masked.com,+XXX-XXX-1329,58,79760,A,3110
109330,Customer_9330,cust9330@masked.com,+XXX-XXX-1330,64,146675,D,3141
109331,Customer_9331,cust9331@masked.com,+XXX-XXX-1331,68,124419,D,3099
109332,Customer_9332,cust9332@masked.com,+XXX-XXX-1332,38,37507,E,3108
109333,Customer_9333,cust9333@masked.com,+XXX-XXX-1333,64,54388,C,3119
109334,Customer_9334,cust9334@masked.com,+XXX-XXX-1334,22,82164,C,3078
109335,Customer_9335,cust9335@masked.com,+XXX-XXX-1335,49,105894,B,3133
109336,Customer_9336,cust9336@masked.com,+XXX-XXX-1336,27,77095,E,3018
109337,Customer_9337,cust9337@masked.com,+XXX-XXX-1337,51,100469,C,3126
109338,Customer_9338,cust9338@masked.com,+XXX-XXX-1338,61,197726,C,3028
109339,Customer_9339,cust9339@masked.com,+XXX-XXX-1339,38,119774,C,3023
109340,Customer_9340,cust9340@masked.com,+XXX-XXX-1340,29,133855,D,3009
109341,Customer_9341,cust9341@masked.com,+XXX-XXX-1341,28,96189,A,3104
109342,Customer_9342,cust9342@masked.com,+XXX-XXX-1342,53,135964,B,3144
109343,Customer_9343,cust9343@masked.com,+XXX-XXX-1343,25,166372,C,3054
109344,Customer_9344,cust9344@masked.com,+XXX-XXX-1344,68,180304,D,3146
109345,Customer_9345,cust9345@masked.com,+XXX-XXX-1345,34,160920,C,3001
109346,Customer_9346,cust9346@masked.com,+XXX-XXX-1346,33,122945,B,3146
109347,Customer_9347,cust9347@masked.com,+XXX-XXX-1347,31,27176,B,3134
109348,Customer_9348,cust9348@masked.com,+XXX-XXX-1348,40,93915,C,3110
109349,Customer_9349,cust9349@masked.com,+XXX-XXX-1349,43,65663,C,3037
109350,Customer_9350,cust9350@masked.com,+XXX-XXX-1350,65,26788,C,3130
109351,Customer_9351,cust9351@masked.com,+XXX-XXX-1351,47,26282,B,3101
109352,Customer_9352,cust9352@masked.com,+XXX-XXX-1352,35,132218,E,3094
109353,Customer_9353,cust9353@masked.com,+XXX-XXX-1353,50,25375,C,3091
109354,Customer_9354,cust9354@masked.com,+XXX-XXX-1354,36,183475,D,3070
109355,Customer_9355,cust9355@masked.com,+XXX-XXX-1355,65,38610,A,3023
109356,Customer_9356,cust9356@masked.com,+XXX-XXX-1356,60,138781,B,3067
109357,Customer_9357,cust9357@masked.com,+XXX-XXX-1357,38,145194,D,3127
109358,Customer_9358,cust9358@masked.com,+XXX-XXX-1358,67,152412,A,3092
109359,Customer_9359,cust9359@masked.com,+XXX-XXX-1359,62,192710,C,3043
109360,Customer_9360,cust9360@masked.com,+XXX-XXX-1360,43,93519,B,3132
109361,Customer_9361,cust9361@masked.com,+XXX-XXX-1361,56,127345,D,3054
109362,Customer_9362,cust9362@masked.com,+XXX-XXX-1362,58,199483,B,3028
109363,Customer_9363,cust9363@masked.com,+XXX-XXX-1363,28,52088,A,3036
109364,Customer_9364,cust9364@masked.com,+XXX-XXX-1364,59,131318,E,3114
109365,Customer_9365,cust9365@masked.com,+XXX-XXX-1365,49,178432,C,3002
109366,Customer_9366,cust9366@masked.com,+XXX-XXX-1366,32,94063,A,3121
109367,Customer_9367,cust9367@masked.com,+XXX-XXX-1367,38,110915,A,3042
109368,Customer_9368,cust9368@masked.com,+XXX-XXX-1368,39,82294,E,3006
109369,Customer_9369,cust9369@masked.com,+XXX-XXX-1369,56,66661,A,3124
109370,Customer_9370,cust9370@masked.com,+XXX-XXX-1370,53,94090,C,3048
109371,Customer_9371,cust9371@masked.com,+XXX-XXX-1371,25,169477,B,3120
109372,Customer_9372,cust9372@masked.com,+XXX-XXX-1372,59,66185,D,3072
109373,Customer_9373,cust9373@masked.com,+XXX-XXX-1373,48,88105,D,3040
109374,Customer_9374,cust9374@masked.com,+XXX-XXX-1374,46,109301,C,3105
109375,Customer_9375,cust9375@masked.com,+XXX-XXX-1375,63,113142,A,3076
109376,Customer_9376,cust9376@masked.com,+XXX-XXX-1376,41,198692,D,3126
109377,Customer_9377,cust9377@masked.com,+XXX-XXX-1377,43,31578,B,3090
109378,Customer_9378,cust9378@masked.com,+XXX-XXX-1378,41,124358,E,3007
109379,Customer_9379,cust9379@masked.com,+XXX-XXX-1379,31,199952,B,3031
109380,Customer_9380,cust9380@masked.com,+XXX-XXX-1380,62,50202,C,3063
109381,Customer_9381,cust9381@masked.com,+XXX-XXX-1381,59,99963,A,3137
109382,Customer_9382,cust9382@masked.com,+XXX-XXX-1382,36,44381,C,3012
109383,Customer_9383,cust9383@masked.com,+XXX-XXX-1383,53,188298,B,3092
109384,Customer_9384,cust9384@masked.com,+XXX-XXX-1384,47,104005,B,3060
109385,Customer_9385,cust9385@masked.com,+XXX-XXX-1385,21,148730,A,3007
109386,Customer_9386,cust9386@masked.com,+XXX-XXX-1386,64,170167,A,3028
109387,Customer_9387,cust9387@masked.com,+XXX-XXX-1387,36,59615,A,3094
109388,Customer_9388,cust9388@masked.com,+XXX-XXX-1388,25,182282,B,3040
109389,Customer_9389,cust9389@masked.com,+XXX-XXX-1389,66,25802,D,3148
109390,Customer_9390,cust9390@masked.com,+XXX-XXX-1390,38,123533,B,3010
109391,Customer_9391,cust9391@masked.com,+XXX-XXX-1391,61,134831,C,3001
109392,Customer_9392,cust9392@masked.com,+XXX-XXX-1392,54,31841,A,3130
109393,Customer_9393,cust9393@masked.com,+XXX-XXX-1393,64,121572,C,3079
109394,Customer_9394,cust9394@masked.com,+XXX-XXX-1394,45,84660,B,3086
109395,Customer_9395,cust9395@masked.com,+XXX-XXX-1395,62,132187,E,3105
109396,Customer_9396,cust9396@masked.com,+XXX-XXX-1396,54,120489,D,3138
109397,Customer_9397,cust9397@masked.com,+XXX-XXX-1397,35,38921,B,3016
109398,Customer_9398,cust9398@masked.com,+XXX-XXX-1398,24,198577,D,3022
109399,Customer_9399,cust9399@masked.com,+XXX-XXX-1399,24,157817,A,3047
109400,Customer_9400,cust9400@masked.com,+XXX-XXX-1400,45,51443,C,3019
109401,Customer_9401,cust9401@masked.com,+XXX-XXX-1401,61,35016,A,3001
109402,Customer_9402,cust9402@masked.com,+XXX-XXX-1402,33,98755,B,3087
109403,Customer_9403,cust9403@masked.com,+XXX-XXX-1403,62,133264,B,3030
109404,Customer_9404,cust9404@masked.com,+XXX-XXX-1404,66,49012,C,3129
109405,Customer_9405,cust9405@masked.com,+XXX-XXX-1405,45,107617,B,3077
109406,Customer_9406,cust9406@masked.com,+XXX-XXX-1406,23,169621,D,3003
109407,Customer_9407,cust9407@masked.com,+XXX-XXX-1407,55,120064,C,3140
109408,Customer_9408,cust9408@masked.com,+XXX-XXX-1408,68,97974,A,3127
109409,Customer_9409,cust9409@masked.com,+XXX-XXX-1409,29,186494,C,3133
109410,Customer_9410,cust9410@masked.com,+XXX-XXX-1410,34,41251,D,3030
109411,Customer_9411,cust9411@masked.com,+XXX-XXX-1411,42,181538,D,3137
109412,Customer_9412,cust9412@masked.com,+XXX-XXX-1412,68,57860,C,3020
109413,Customer_9413,cust9413@masked.com,+XXX-XXX-1413,29,157652,D,3022
109414,Customer_9414,cust9414@masked.com,+XXX-XXX-1414,44,68201,D,3130
109415,Customer_9415,cust9415@masked.com,+XXX-XXX-1415,43,97919,A,3147
109416,Customer_9416,cust9416@masked.com,+XXX-XXX-1416,57,114499,A,3028
109417,Customer_9417,cust9417@masked.com,+XXX-XXX-1417,65,166608,A,3104
109418,Customer_9418,cust9418@masked.com,+XXX-XXX-1418,35,89936,B,3051
109419,Customer_9419,cust9419@masked.com,+XXX-XXX-1419,56,71922,B,3114
109420,Customer_9420,cust9420@masked.com,+XXX-XXX-1420,34,45344,E,3100
109421,Customer_9421,cust9421@masked.com,+XXX-XXX-1421,40,143865,B,3083
109422,Customer_9422,cust9422@masked.com,+XXX-XXX-1422,59,133581,C,3060
109423,Customer_9423,cust9423@masked.com,+XXX-XXX-1423,56,183645,C,3124
109424,Customer_9424,cust9424@masked.com,+XXX-XXX-1424,47,44780,A,3070
109425,Customer_9425,cust9425@masked.com,+XXX-XXX-1425,37,78210,A,3069
109426,Customer_9426,cust9426@masked.com,+XXX-XXX-1426,46,20661,C,3138
109427,Customer_9427,cust9427@masked.com,+XXX-XXX-1427,61,86214,C,3107
109428,Customer_9428,cust9428@masked.com,+XXX-XXX-1428,24,184139,E,3020
109429,Customer_9429,cust9429@masked.com,+XXX-XXX-1429,23,77146,B,3130
109430,Customer_9430,cust9430@masked.com,+XXX-XXX-1430,39,72452,D,3081
109431,Customer_9431,cust9431@masked.com,+XXX-XXX-1431,61,64505,B,3087
109432,Customer_9432,cust9432@masked.com,+XXX-XXX-1432,60,174779,C,3110
109433,Customer_9433,cust9433@masked.com,+XXX-XXX-1433,59,136953,C,3009
109434,Customer_9434,cust9434@masked.com,+XXX-XXX-1434,27,122594,A,3011
109435,Customer_9435,cust9435@masked.com,+XXX-XXX-1435,56,25647,A,3006
109436,Customer_9436,cust9436@masked.com,+XXX-XXX-1436,39,165136,A,3144
109437,Customer_9437,cust9437@masked.com,+XXX-XXX-1437,32,77083,B,3113
109438,Customer_9438,cust9438@masked.com,+XXX-XXX-1438,40,125010,C,3025
109439,Customer_9439,cust9439@masked.com,+XXX-XXX-1439,58,196483,A,3014
109440,Customer_9440,cust9440@masked.com,+XXX-XXX-1440,32,182267,C,3032
109441,Customer_9441,cust9441@masked.com,+XXX-XXX-1441,49,48979,B,3061
109442,Customer_9442,cust9442@masked.com,+XXX-XXX-1442,50,190611,D,3046
109443,Customer_9443,cust9443@masked.com,+XXX-XXX-1443,40,175064,D,3094
109444,Customer_9444,cust9444@masked.com,+XXX-XXX-1444,24,53288,D,3034
109445,Customer_9445,cust9445@masked.com,+XXX-XXX-1445,22,156714,C,3075
109446,Customer_9446,cust9446@masked.com,+XXX-XXX-1446,67,66698,B,3122
109447,Customer_9447,cust9447@masked.com,+XXX-XXX-1447,50,23884,D,3082
109448,Customer_9448,cust9448@masked.com,+XXX-XXX-1448,43,136564,A,3024
109449,Customer_9449,cust9449@masked.com,+XXX-XXX-1449,26,199457,B,3056
109450,Customer_9450,cust9450@masked.com,+XXX-XXX-1450,38,55509,A,3031
109451,Customer_9451,cust9451@masked.com,+XXX-XXX-1451,42,51649,C,3062
109452,Customer_9452,cust9452@masked.com,+XXX-XXX-1452,57,187372,C,3011
109453,Customer_9453,cust9453@masked.com,+XXX-XXX-1453,24,116068,C,3062
109454,Customer_9454,cust9454@masked.com,+XXX-XXX-1454,63,118954,B,3076
109455,Customer_9455,cust9455@masked.com,+XXX-XXX-1455,31,31036,A,3091
109456,Customer_9456,cust9456@masked.com,+XXX-XXX-1456,61,104571,D,3000
109457,Customer_9457,cust9457@masked.com,+XXX-XXX-1457,55,29747,C,3069
109458,Customer_9458,cust9458@masked.com,+XXX-XXX-1458,31,66692,B,3135
109459,Customer_9459,cust9459@masked.com,+XXX-XXX-1459,54,191302,C,3132
109460,Customer_9460,cust9460@masked.com,+XXX-XXX-1460,29,76777,A,3085
109461,Customer_9461,cust9461@masked.com,+XXX-XXX-1461,51,82108,A,3038
109462,Customer_9462,cust9462@masked.com,+XXX-XXX-1462,62,190878,B,3022
109463,Customer_9463,cust9463@masked.com,+XXX-XXX-1463,52,127008,B,3067
109464,Customer_9464,cust9464@masked.com,+XXX-XXX-1464,63,70387,B,3003
109465,Customer_9465,cust9465@masked.com,+XXX-XXX-1465,55,156590,D,3125
109466,Customer_9466,cust9466@masked.com,+XXX-XXX-1466,69,26277,C,3020
109467,Customer_9467,cust9467@masked.com,+XXX-XXX-1467,31,95877,B,3104
109468,Customer_9468,cust9468@masked.com,+XXX-XXX-1468,37,137120,C,3065
109469,Customer_9469,cust9469@masked.com,+XXX-XXX-1469,56,198630,E,3006
109470,Customer_9470,cust9470@masked.com,+XXX-XXX-1470,22,43613,A,3048
109471,Customer_9471,cust9471@masked.com,+XXX-XXX-1471,44,152031,D,3015
109472,Customer_9472,cust9472@masked.com,+XXX-XXX-1472,66,72100,C,3144
109473,Customer_9473,cust9473@masked.com,+XXX-XXX-1473,35,157008,A,3083
109474,Customer_9474,cust9474@masked.com,+XXX-XXX-1474,48,179750,B,3086
109475,Customer_9475,cust9475@masked.com,+XXX-XXX-1475,23,174114,B,3097
109476,Customer_9476,cust9476@masked.com,+XXX-XXX-1476,49,162714,C,3074
109477,Customer_9477,cust9477@masked.com,+XXX-XXX-1477,65,126940,B,3033
109478,Customer_9478,cust9478@masked.com,+XXX-XXX-1478,33,39923,C,3025
109479,Customer_9479,cust9479@masked.com,+XXX-XXX-1479,42,29227,C,3065
109480,Customer_9480,cust9480@masked.com,+XXX-XXX-1480,51,88580,B,3124
109481,Customer_9481,cust9481@masked.com,+XXX-XXX-1481,27,133767,D,3062
109482,Customer_9482,cust9482@masked.com,+XXX-XXX-1482,68,142478,D,3086
109483,Customer_9483,cust9483@masked.com,+XXX-XXX-1483,68,119590,B,3040
109484,Customer_9484,cust9484@masked.com,+XXX-XXX-1484,46,95186,E,3097
109485,Customer_9485,cust9485@masked.com,+XXX-XXX-1485,51,161484,A,3123
109486,Customer_9486,cust9486@masked.com,+XXX-XXX-1486,58,119934,A,3078
109487,Customer_9487,cust9487@masked.com,+XXX-XXX-1487,58,182112,B,3009
109488,Customer_9488,cust9488@masked.com,+XXX-XXX-1488,24,105947,C,3014
109489,Customer_9489,cust9489@masked.com,+XXX-XXX-1489,55,199914,C,3041
109490,Customer_9490,cust9490@masked.com,+XXX-XXX-1490,53,39500,B,3092
109491,Customer_9491,cust9491@masked.com,+XXX-XXX-1491,23,189505,A,3016
109492,Customer_9492,cust9492@masked.com,+XXX-XXX-1492,39,113066,A,3008
109493,Customer_9493,cust9493@masked.com,+XXX-XXX-1493,29,33024,D,3113
109494,Customer_9494,cust9494@masked.com,+XXX-XXX-1494,66,49088,D,3035
109495,Customer_9495,cust9495@masked.com,+XXX-XXX-1495,39,173900,C,3035
109496,Customer_9496,cust9496@masked.com,+XXX-XXX-1496,39,188039,C,3047
109497,Customer_9497,cust9497@masked.com,+XXX-XXX-1497,46,139770,C,3050
109498,Customer_9498,cust9498@masked.com,+XXX-XXX-1498,33,147393,A,3096
109499,Customer_9499,cust9499@masked.com,+XXX-XXX-1499,42,62440,B,3118
109500,Customer_9500,cust9500@masked.com,+XXX-XXX-1500,68,118739,C,3094
109501,Customer_9501,cust9501@masked.com,+XXX-XXX-1501,28,108797,C,3069
109502,Customer_9502,cust9502@masked.com,+XXX-XXX-1502,44,198385,A,3073
109503,Customer_9503,cust9503@masked.com,+XXX-XXX-1503,46,148848,E,3079
109504,Customer_9504,cust9504@masked.com,+XXX-XXX-1504,68,37349,D,3067
109505,Customer_9505,cust9505@masked.com,+XXX-XXX-1505,61,151287,B,3149
109506,Customer_9506,cust9506@masked.com,+XXX-XXX-1506,61,162499,C,3076
109507,Customer_9507,cust9507@masked.com,+XXX-XXX-1507,23,40704,E,3115
109508,Customer_9508,cust9508@masked.com,+XXX-XXX-1508,27,181504,A,3005
109509,Customer_9509,cust9509@masked.com,+XXX-XXX-1509,22,148245,C,3074
109510,Customer_9510,cust9510@masked.com,+XXX-XXX-1510,53,153777,B,3087
109511,Customer_9511,cust9511@masked.com,+XXX-XXX-1511,32,101598,B,3002
109512,Customer_9512,cust9512@masked.com,+XXX-XXX-1512,68,61732,D,3051
109513,Customer_9513,cust9513@masked.com,+XXX-XXX-1513,32,171567,B,3073
109514,Customer_9514,cust9514@masked.com,+XXX-XXX-1514,30,150241,A,3124
109515,Customer_9515,cust9515@masked.com,+XXX-XXX-1515,61,51233,A,3064
109516,Customer_9516,cust9516@masked.com,+XXX-XXX-1516,47,141124,A,3051
109517,Customer_9517,cust9517@masked.com,+XXX-XXX-1517,38,113267,B,3075
109518,Customer_9518,cust9518@masked.com,+XXX-XXX-1518,24,93658,C,3141
109519,Customer_9519,cust9519@masked.com,+XXX-XXX-1519,60,146160,A,3088
109520,Customer_9520,cust9520@masked.com,+XXX-XXX-1520,43,93785,C,3071
109521,Customer_9521,cust9521@masked.com,+XXX-XXX-1521,41,180728,C,3067
109522,Customer_9522,cust9522@masked.com,+XXX-XXX-1522,56,156018,B,3137
109523,Customer_9523,cust9523@masked.com,+XXX-XXX-1523,50,181279,C,3114
109524,Customer_9524,cust9524@masked.com,+XXX-XXX-1524,68,24743,C,3056
109525,Customer_9525,cust9525@masked.com,+XXX-XXX-1525,41,169299,B,3065
109526,Customer_9526,cust9526@masked.com,+XXX-XXX-1526,43,140138,B,3089
109527,Customer_9527,cust9527@masked.com,+XXX-XXX-1527,41,69612,C,3049
109528,Customer_9528,cust9528@masked.com,+XXX-XXX-1528,28,94696,E,3013
109529,Customer_9529,cust9529@masked.com,+XXX-XXX-1529,59,52068,B,3015
109530,Customer_9530,cust9530@masked.com,+XXX-XXX-1530,33,164593,B,3041
109531,Customer_9531,cust9531@masked.com,+XXX-XXX-1531,60,158364,B,3109
109532,Customer_9532,cust9532@masked.com,+XXX-XXX-1532,42,27629,A,3021
109533,Customer_9533,cust9533@masked.com,+XXX-XXX-1533,27,151361,C,3067
109534,Customer_9534,cust9534@masked.com,+XXX-XXX-1534,44,113397,B,3018
109535,Customer_9535,cust9535@masked.com,+XXX-XXX-1535,25,35791,A,3065
109536,Customer_9536,cust9536@masked.com,+XXX-XXX-1536,46,193152,B,3072
109537,Customer_9537,cust9537@masked.com,+XXX-XXX-1537,30,84407,A,3146
109538,Customer_9538,cust9538@masked.com,+XXX-XXX-1538,31,108312,B,3143
109539,Customer_9539,cust9539@masked.com,+XXX-XXX-1539,60,183318,A,3053
109540,Customer_9540,cust9540@masked.com,+XXX-XXX-1540,58,45308,A,3111
109541,Customer_9541,cust9541@masked.com,+XXX-XXX-1541,31,141356,D,3017
109542,Customer_9542,cust9542@masked.com,+XXX-XXX-1542,68,171032,D,3116
109543,Customer_9543,cust9543@masked.com,+XXX-XXX-1543,50,142673,A,3084
109544,Customer_9544,cust9544@masked.com,+XXX-XXX-1544,24,100986,C,3138
109545,Customer_9545,cust9545@masked.com,+XXX-XXX-1545,22,125152,B,3038
109546,Customer_9546,cust9546@masked.com,+XXX-XXX-1546,33,190755,B,3104
109547,Customer_9547,cust9547@masked.com,+XXX-XXX-1547,59,196703,B,3067
109548,Customer_9548,cust9548@masked.com,+XXX-XXX-1548,37,24937,B,3024
109549,Customer_9549,cust9549@masked.com,+XXX-XXX-1549,43,96519,C,3122
109550,Customer_9550,cust9550@masked.com,+XXX-XXX-1550,65,161302,A,3120
109551,Customer_9551,cust9551@masked.com,+XXX-XXX-1551,30,116422,A,3060
109552,Customer_9552,cust9552@masked.com,+XXX-XXX-1552,33,51994,D,3099
109553,Customer_9553,cust9553@masked.com,+XXX-XXX-1553,62,162782,C,3050
109554,Customer_9554,cust9554@masked.com,+XXX-XXX-1554,59,149272,B,3097
109555,Customer_9555,cust9555@masked.com,+XXX-XXX-1555,62,64477,B,3136
109556,Customer_9556,cust9556@masked.com,+XXX-XXX-1556,49,51881,B,3001
109557,Customer_9557,cust9557@masked.com,+XXX-XXX-1557,36,142822,B,3004
109558,Customer_9558,cust9558@masked.com,+XXX-XXX-1558,23,198601,B,3085
109559,Customer_9559,cust9559@masked.com,+XXX-XXX-1559,56,148941,B,3132
109560,Customer_9560,cust9560@masked.com,+XXX-XXX-1560,24,24437,C,3067
109561,Customer_9561,cust9561@masked.com,+XXX-XXX-1561,56,89456,C,3008
109562,Customer_9562,cust9562@masked.com,+XXX-XXX-1562,36,165785,C,3092
109563,Customer_9563,cust9563@masked.com,+XXX-XXX-1563,61,86663,B,3149
109564,Customer_9564,cust9564@masked.com,+XXX-XXX-1564,26,75753,B,3137
109565,Customer_9565,cust9565@masked.com,+XXX-XXX-1565,62,94718,B,3124
109566,Customer_9566,cust9566@masked.com,+XXX-XXX-1566,48,105406,C,3060
109567,Customer_9567,cust9567@masked.com,+XXX-XXX-1567,56,84388,B,3050
109568,Customer_9568,cust9568@masked.com,+XXX-XXX-1568,43,57495,D,3009
109569,Customer_9569,cust9569@masked.com,+XXX-XXX-1569,32,193457,C,3133
109570,Customer_9570,cust9570@masked.com,+XXX-XXX-1570,62,156581,D,3061
109571,Customer_9571,cust9571@masked.com,+XXX-XXX-1571,51,177105,C,3112
109572,Customer_9572,cust9572@masked.com,+XXX-XXX-1572,32,187294,E,3132
109573,Customer_9573,cust9573@masked.com,+XXX-XXX-1573,52,70203,C,3121
109574,Customer_9574,cust9574@masked.com,+XXX-XXX-1574,45,50487,E,3122
109575,Customer_9575,cust9575@masked.com,+XXX-XXX-1575,49,137275,A,3062
109576,Customer_9576,cust9576@masked.com,+XXX-XXX-1576,39,170713,A,3110
109577,Customer_9577,cust9577@masked.com,+XXX-XXX-1577,42,24867,C,3088
109578,Customer_9578,cust9578@masked.com,+XXX-XXX-1578,44,94599,E,3050
109579,Customer_9579,cust9579@masked.com,+XXX-XXX-1579,53,75984,B,3131
109580,Customer_9580,cust9580@masked.com,+XXX-XXX-1580,56,175753,A,3103
109581,Customer_9581,cust9581@masked.com,+XXX-XXX-1581,65,67455,C,3122
109582,Customer_9582,cust9582@masked.com,+XXX-XXX-1582,60,81138,C,3047
109583,Customer_9583,cust9583@masked.com,+XXX-XXX-1583,66,138108,B,3031
109584,Customer_9584,cust9584@masked.com,+XXX-XXX-1584,36,173056,C,3119
109585,Customer_9585,cust9585@masked.com,+XXX-XXX-1585,22,195626,E,3098
109586,Customer_9586,cust9586@masked.com,+XXX-XXX-1586,28,101774,D,3073
109587,Customer_9587,cust9587@masked.com,+XXX-XXX-1587,33,28182,B,3033
109588,Customer_9588,cust9588@masked.com,+XXX-XXX-1588,50,118272,B,3069
109589,Customer_9589,cust9589@masked.com,+XXX-XXX-1589,21,29192,B,3109
109590,Customer_9590,cust9590@masked.com,+XXX-XXX-1590,32,97159,B,3015
109591,Customer_9591,cust9591@masked.com,+XXX-XXX-1591,69,60256,A,3058
109592,Customer_9592,cust9592@masked.com,+XXX-XXX-1592,27,25097,D,3018
109593,Customer_9593,cust9593@masked.com,+XXX-XXX-1593,68,187952,B,3094
109594,Customer_9594,cust9594@masked.com,+XXX-XXX-1594,34,136081,D,3112
109595,Customer_9595,cust9595@masked.com,+XXX-XXX-1595,62,87407,E,3040
109596,Customer_9596,cust9596@masked.com,+XXX-XXX-1596,55,168545,A,3080
109597,Customer_9597,cust9597@masked.com,+XXX-XXX-1597,48,98709,E,3102
109598,Customer_9598,cust9598@masked.com,+XXX-XXX-1598,32,180880,C,3053
109599,Customer_9599,cust9599@masked.com,+XXX-XXX-1599,60,167075,C,3094
109600,Customer_9600,cust9600@masked.com,+XXX-XXX-1600,68,138854,B,3146
109601,Customer_9601,cust9601@masked.com,+XXX-XXX-1601,44,198076,C,3061
109602,Customer_9602,cust9602@masked.com,+XXX-XXX-1602,21,47708,B,3098
109603,Customer_9603,cust9603@masked.com,+XXX-XXX-1603,37,57307,C,3092
109604,Customer_9604,cust9604@masked.com,+XXX-XXX-1604,58,63524,A,3064
109605,Customer_9605,cust9605@masked.com,+XXX-XXX-1605,48,86929,C,3067
109606,Customer_9606,cust9606@masked.com,+XXX-XXX-1606,53,83804,B,3027
109607,Customer_9607,cust9607@masked.com,+XXX-XXX-1607,44,47668,A,3017
109608,Customer_9608,cust9608@masked.com,+XXX-XXX-1608,67,30937,C,3025
109609,Customer_9609,cust9609@masked.com,+XXX-XXX-1609,65,37104,C,3103
109610,Customer_9610,cust9610@masked.com,+XXX-XXX-1610,26,24326,B,3146
109611,Customer_9611,cust9611@masked.com,+XXX-XXX-1611,41,89133,A,3054
109612,Customer_9612,cust9612@masked.com,+XXX-XXX-1612,65,57727,D,3118
109613,Customer_9613,cust9613@masked.com,+XXX-XXX-1613,24,60526,C,3123
109614,Customer_9614,cust9614@masked.com,+XXX-XXX-1614,53,48341,A,3133
109615,Customer_9615,cust9615@masked.com,+XXX-XXX-1615,30,80493,C,3128
109616,Customer_9616,cust9616@masked.com,+XXX-XXX-1616,56,85295,B,3007
109617,Customer_9617,cust9617@masked.com,+XXX-XXX-1617,33,172320,A,3050
109618,Customer_9618,cust9618@masked.com,+XXX-XXX-1618,56,174129,C,3084
109619,Customer_9619,cust9619@masked.com,+XXX-XXX-1619,68,131833,D,3024
109620,Customer_9620,cust9620@masked.com,+XXX-XXX-1620,29,52700,C,3082
109621,Customer_9621,cust9621@masked.com,+XXX-XXX-1621,51,26243,A,3092
109622,Customer_9622,cust9622@masked.com,+XXX-XXX-1622,24,59060,D,3116
109623,Customer_9623,cust9623@masked.com,+XXX-XXX-1623,40,101280,B,3137
109624,Customer_9624,cust9624@masked.com,+XXX-XXX-1624,28,150202,E,3055
109625,Customer_9625,cust9625@masked.com,+XXX-XXX-1625,47,44970,A,3011
109626,Customer_9626,cust9626@masked.com,+XXX-XXX-1626,56,20375,B,3119
109627,Customer_9627,cust9627@masked.com,+XXX-XXX-1627,29,124050,C,3070
109628,Customer_9628,cust9628@masked.com,+XXX-XXX-1628,63,172333,B,3016
109629,Customer_9629,cust9629@masked.com,+XXX-XXX-1629,44,169595,D,3121
109630,Customer_9630,cust9630@masked.com,+XXX-XXX-1630,57,194490,C,3123
109631,Customer_9631,cust9631@masked.com,+XXX-XXX-1631,61,194711,A,3009
109632,Customer_9632,cust9632@masked.com,+XXX-XXX-1632,60,173618,C,3030
109633,Customer_9633,cust9633@masked.com,+XXX-XXX-1633,50,197687,B,3059
109634,Customer_9634,cust9634@masked.com,+XXX-XXX-1634,46,112312,A,3069
109635,Customer_9635,cust9635@masked.com,+XXX-XXX-1635,24,181643,E,3016
109636,Customer_9636,cust9636@masked.com,+XXX-XXX-1636,21,110524,D,3049
109637,Customer_9637,cust9637@masked.com,+XXX-XXX-1637,40,157417,B,3036
109638,Customer_9638,cust9638@masked.com,+XXX-XXX-1638,48,100010,C,3117
109639,Customer_9639,cust9639@masked.com,+XXX-XXX-1639,65,83255,B,3079
109640,Customer_9640,cust9640@masked.com,+XXX-XXX-1640,44,198199,D,3010
109641,Customer_9641,cust9641@masked.com,+XXX-XXX-1641,48,58923,E,3133
109642,Customer_9642,cust9642@masked.com,+XXX-XXX-1642,48,108198,B,3122
109643,Customer_9643,cust9643@masked.com,+XXX-XXX-1643,25,35271,D,3034
109644,Customer_9644,cust9644@masked.com,+XXX-XXX-1644,52,149104,B,3032
109645,Customer_9645,cust9645@masked.com,+XXX-XXX-1645,50,168834,B,3017
109646,Customer_9646,cust9646@masked.com,+XXX-XXX-1646,41,135781,E,3012
109647,Customer_9647,cust9647@masked.com,+XXX-XXX-1647,62,82030,C,3089
109648,Customer_9648,cust9648@masked.com,+XXX-XXX-1648,36,43519,B,3109
109649,Customer_9649,cust9649@masked.com,+XXX-XXX-1649,28,151782,C,3000
109650,Customer_9650,cust9650@masked.com,+XXX-XXX-1650,32,48026,B,3062
109651,Customer_9651,cust9651@masked.com,+XXX-XXX-1651,52,109381,B,3033
109652,Customer_9652,cust9652@masked.com,+XXX-XXX-1652,45,138174,E,3102
109653,Customer_9653,cust9653@masked.com,+XXX-XXX-1653,23,24892,C,3009
109654,Customer_9654,cust9654@masked.com,+XXX-XXX-1654,46,138187,D,3127
109655,Customer_9655,cust9655@masked.com,+XXX-XXX-1655,56,55995,B,3006
109656,Customer_9656,cust9656@masked.com,+XXX-XXX-1656,37,168186,C,3055
109657,Customer_9657,cust9657@masked.com,+XXX-XXX-1657,47,148835,E,3079
109658,Customer_9658,cust9658@masked.com,+XXX-XXX-1658,42,108340,B,3011
109659,Customer_9659,cust9659@masked.com,+XXX-XXX-1659,65,125736,A,3144
109660,Customer_9660,cust9660@masked.com,+XXX-XXX-1660,58,190032,C,3047
109661,Customer_9661,cust9661@masked.com,+XXX-XXX-1661,55,145220,B,3025
109662,Customer_9662,cust9662@masked.com,+XXX-XXX-1662,66,37851,A,3111
109663,Customer_9663,cust9663@masked.com,+XXX-XXX-1663,27,54326,D,3121
109664,Customer_9664,cust9664@masked.com,+XXX-XXX-1664,23,63479,E,3011
109665,Customer_9665,cust9665@masked.com,+XXX-XXX-1665,26,58025,C,3148
109666,Customer_9666,cust9666@masked.com,+XXX-XXX-1666,33,43365,D,3041
109667,Customer_9667,cust9667@masked.com,+XXX-XXX-1667,66,91060,D,3060
109668,Customer_9668,cust9668@masked.com,+XXX-XXX-1668,35,130948,C,3057
109669,Customer_9669,cust9669@masked.com,+XXX-XXX-1669,46,192572,A,3033
109670,Customer_9670,cust9670@masked.com,+XXX-XXX-1670,68,88410,A,3006
109671,Customer_9671,cust9671@masked.com,+XXX-XXX-1671,53,126325,A,3108
109672,Customer_9672,cust9672@masked.com,+XXX-XXX-1672,35,146526,A,3034
109673,Customer_9673,cust9673@masked.com,+XXX-XXX-1673,59,92493,B,3014
109674,Customer_9674,cust9674@masked.com,+XXX-XXX-1674,61,39076,B,3024
109675,Customer_9675,cust9675@masked.com,+XXX-XXX-1675,67,31261,B,3058
109676,Customer_9676,cust9676@masked.com,+XXX-XXX-1676,34,189064,A,3078
109677,Customer_9677,cust9677@masked.com,+XXX-XXX-1677,39,178546,C,3085
109678,Customer_9678,cust9678@masked.com,+XXX-XXX-1678,48,98247,B,3133
109679,Customer_9679,cust9679@masked.com,+XXX-XXX-1679,44,59534,D,3087
109680,Customer_9680,cust9680@masked.com,+XXX-XXX-1680,61,30090,A,3148
109681,Customer_9681,cust9681@masked.com,+XXX-XXX-1681,53,52771,D,3070
109682,Customer_9682,cust9682@masked.com,+XXX-XXX-1682,32,98292,E,3120
109683,Customer_9683,cust9683@masked.com,+XXX-XXX-1683,30,90295,C,3092
109684,Customer_9684,cust9684@masked.com,+XXX-XXX-1684,27,113737,C,3095
109685,Customer_9685,cust9685@masked.com,+XXX-XXX-1685,66,188473,E,3031
109686,Customer_9686,cust9686@masked.com,+XXX-XXX-1686,21,158433,A,3052
109687,Customer_9687,cust9687@masked.com,+XXX-XXX-1687,35,71559,E,3058
109688,Customer_9688,cust9688@masked.com,+XXX-XXX-1688,21,153639,D,3068
109689,Customer_9689,cust9689@masked.com,+XXX-XXX-1689,65,95713,C,3131
109690,Customer_9690,cust9690@masked.com,+XXX-XXX-1690,40,55917,B,3085
109691,Customer_9691,cust9691@masked.com,+XXX-XXX-1691,22,175283,C,3017
109692,Customer_9692,cust9692@masked.com,+XXX-XXX-1692,23,125142,C,3080
109693,Customer_9693,cust9693@masked.com,+XXX-XXX-1693,56,108148,C,3113
109694,Customer_9694,cust9694@masked.com,+XXX-XXX-1694,36,107535,C,3023
109695,Customer_9695,cust9695@masked.com,+XXX-XXX-1695,49,142958,A,3065
109696,Customer_9696,cust9696@masked.com,+XXX-XXX-1696,64,177222,B,3140
109697,Customer_9697,cust9697@masked.com,+XXX-XXX-1697,56,142161,B,3061
109698,Customer_9698,cust9698@masked.com,+XXX-XXX-1698,64,21605,B,3053
109699,Customer_9699,cust9699@masked.com,+XXX-XXX-1699,59,130747,A,3142
109700,Customer_9700,cust9700@masked.com,+XXX-XXX-1700,23,92820,A,3130
109701,Customer_9701,cust9701@masked.com,+XXX-XXX-1701,57,74721,B,3036
109702,Customer_9702,cust9702@masked.com,+XXX-XXX-1702,64,66029,B,3036
109703,Customer_9703,cust9703@masked.com,+XXX-XXX-1703,32,37736,A,3130
109704,Customer_9704,cust9704@masked.com,+XXX-XXX-1704,40,154806,E,3034
109705,Customer_9705,cust9705@masked.com,+XXX-XXX-1705,43,27531,D,3123
109706,Customer_9706,cust9706@masked.com,+XXX-XXX-1706,42,53186,C,3017
109707,Customer_9707,cust9707@masked.com,+XXX-XXX-1707,52,65077,A,3121
109708,Customer_9708,cust9708@masked.com,+XXX-XXX-1708,27,61220,C,3047
109709,Customer_9709,cust9709@masked.com,+XXX-XXX-1709,42,104027,C,3016
109710,Customer_9710,cust9710@masked.com,+XXX-XXX-1710,64,195016,E,3134
109711,Customer_9711,cust9711@masked.com,+XXX-XXX-1711,22,91842,C,3056
109712,Customer_9712,cust9712@masked.com,+XXX-XXX-1712,34,68241,C,3007
109713,Customer_9713,cust9713@masked.com,+XXX-XXX-1713,36,155363,D,3127
109714,Customer_9714,cust9714@masked.com,+XXX-XXX-1714,44,100496,A,3116
109715,Customer_9715,cust9715@masked.com,+XXX-XXX-1715,27,94632,A,3055
109716,Customer_9716,cust9716@masked.com,+XXX-XXX-1716,24,120530,C,3125
109717,Customer_9717,cust9717@masked.com,+XXX-XXX-1717,57,60428,A,3058
109718,Customer_9718,cust9718@masked.com,+XXX-XXX-1718,66,32612,A,3057
109719,Customer_9719,cust9719@masked.com,+XXX-XXX-1719,61,78269,C,3139
109720,Customer_9720,cust9720@masked.com,+XXX-XXX-1720,25,178886,B,3107
109721,Customer_9721,cust9721@masked.com,+XXX-XXX-1721,22,76673,C,3073
109722,Customer_9722,cust9722@masked.com,+XXX-XXX-1722,25,97207,D,3147
109723,Customer_9723,cust9723@masked.com,+XXX-XXX-1723,23,70767,B,3100
109724,Customer_9724,cust9724@masked.com,+XXX-XXX-1724,62,67901,A,3047
109725,Customer_9725,cust9725@masked.com,+XXX-XXX-1725,28,54711,A,3070
109726,Customer_9726,cust9726@masked.com,+XXX-XXX-1726,46,71522,A,3115
109727,Customer_9727,cust9727@masked.com,+XXX-XXX-1727,30,191548,A,3121
109728,Customer_9728,cust9728@masked.com,+XXX-XXX-1728,54,126537,A,3077
109729,Customer_9729,cust9729@masked.com,+XXX-XXX-1729,66,163933,B,3028
109730,Customer_9730,cust9730@masked.com,+XXX-XXX-1730,56,44218,B,3092
109731,Customer_9731,cust9731@masked.com,+XXX-XXX-1731,32,148449,C,3072
109732,Customer_9732,cust9732@masked.com,+XXX-XXX-1732,40,28632,D,3099
109733,Customer_9733,cust9733@masked.com,+XXX-XXX-1733,49,49884,D,3073
109734,Customer_9734,cust9734@masked.com,+XXX-XXX-1734,34,67388,C,3094
109735,Customer_9735,cust9735@masked.com,+XXX-XXX-1735,68,61063,A,3016
109736,Customer_9736,cust9736@masked.com,+XXX-XXX-1736,25,151382,C,3136
109737,Customer_9737,cust9737@masked.com,+XXX-XXX-1737,68,54675,B,3096
109738,Customer_9738,cust9738@masked.com,+XXX-XXX-1738,47,29899,A,3008
109739,Customer_9739,cust9739@masked.com,+XXX-XXX-1739,24,136379,D,3134
109740,Customer_9740,cust9740@masked.com,+XXX-XXX-1740,49,125636,B,3143
109741,Customer_9741,cust9741@masked.com,+XXX-XXX-1741,23,24502,A,3018
109742,Customer_9742,cust9742@masked.com,+XXX-XXX-1742,53,168036,D,3133
109743,Customer_9743,cust9743@masked.com,+XXX-XXX-1743,50,71167,D,3113
109744,Customer_9744,cust9744@masked.com,+XXX-XXX-1744,56,148057,B,3138
109745,Customer_9745,cust9745@masked.com,+XXX-XXX-1745,29,92398,B,3124
109746,Customer_9746,cust9746@masked.com,+XXX-XXX-1746,21,24055,C,3060
109747,Customer_9747,cust9747@masked.com,+XXX-XXX-1747,68,169316,C,3041
109748,Customer_9748,cust9748@masked.com,+XXX-XXX-1748,43,31876,A,3012
109749,Customer_9749,cust9749@masked.com,+XXX-XXX-1749,23,125722,C,3139
109750,Customer_9750,cust9750@masked.com,+XXX-XXX-1750,52,178879,E,3084
109751,Customer_9751,cust9751@masked.com,+XXX-XXX-1751,44,143066,B,3019
109752,Customer_9752,cust9752@masked.com,+XXX-XXX-1752,26,32219,D,3049
109753,Customer_9753,cust9753@masked.com,+XXX-XXX-1753,33,128118,E,3091
109754,Customer_9754,cust9754@masked.com,+XXX-XXX-1754,69,178025,B,3087
109755,Customer_9755,cust9755@masked.com,+XXX-XXX-1755,35,174099,D,3068
109756,Customer_9756,cust9756@masked.com,+XXX-XXX-1756,50,169346,B,3036
109757,Customer_9757,cust9757@masked.com,+XXX-XXX-1757,32,114697,C,3139
109758,Customer_9758,cust9758@masked.com,+XXX-XXX-1758,60,68108,D,3098
109759,Customer_9759,cust9759@masked.com,+XXX-XXX-1759,68,94007,B,3124
109760,Customer_9760,cust9760@masked.com,+XXX-XXX-1760,55,53622,C,3053
109761,Customer_9761,cust9761@masked.com,+XXX-XXX-1761,48,116066,D,3129
109762,Customer_9762,cust9762@masked.com,+XXX-XXX-1762,24,49676,B,3040
109763,Customer_9763,cust9763@masked.com,+XXX-XXX-1763,27,36781,A,3044
109764,Customer_9764,cust9764@masked.com,+XXX-XXX-1764,67,100963,A,3102
109765,Customer_9765,cust9765@masked.com,+XXX-XXX-1765,63,180171,C,3105
109766,Customer_9766,cust9766@masked.com,+XXX-XXX-1766,36,23503,E,3136
109767,Customer_9767,cust9767@masked.com,+XXX-XXX-1767,42,52617,D,3127
109768,Customer_9768,cust9768@masked.com,+XXX-XXX-1768,66,171926,B,3085
109769,Customer_9769,cust9769@masked.com,+XXX-XXX-1769,65,97599,C,3046
109770,Customer_9770,cust9770@masked.com,+XXX-XXX-1770,61,174615,B,3004
109771,Customer_9771,cust9771@masked.com,+XXX-XXX-1771,45,72947,A,3000
109772,Customer_9772,cust9772@masked.com,+XXX-XXX-1772,23,53399,B,3043
109773,Customer_9773,cust9773@masked.com,+XXX-XXX-1773,42,101808,B,3149
109774,Customer_9774,cust9774@masked.com,+XXX-XXX-1774,51,137724,C,3037
109775,Customer_9775,cust9775@masked.com,+XXX-XXX-1775,57,32984,E,3018
109776,Customer_9776,cust9776@masked.com,+XXX-XXX-1776,42,82886,C,3114
109777,Customer_9777,cust9777@masked.com,+XXX-XXX-1777,47,20927,C,3086
109778,Customer_9778,cust9778@masked.com,+XXX-XXX-1778,22,79371,A,3122
109779,Customer_9779,cust9779@masked.com,+XXX-XXX-1779,42,111777,E,3081
109780,Customer_9780,cust9780@masked.com,+XXX-XXX-1780,37,126573,D,3140
109781,Customer_9781,cust9781@masked.com,+XXX-XXX-1781,68,113353,D,3057
109782,Customer_9782,cust9782@masked.com,+XXX-XXX-1782,40,168517,B,3145
109783,Customer_9783,cust9783@masked.com,+XXX-XXX-1783,44,125014,C,3066
109784,Customer_9784,cust9784@masked.com,+XXX-XXX-1784,65,166358,C,3121
109785,Customer_9785,cust9785@masked.com,+XXX-XXX-1785,51,114378,A,3086
109786,Customer_9786,cust9786@masked.com,+XXX-XXX-1786,63,41121,C,3130
109787,Customer_9787,cust9787@masked.com,+XXX-XXX-1787,28,70851,D,3054
109788,Customer_9788,cust9788@masked.com,+XXX-XXX-1788,25,134979,A,3088
109789,Customer_9789,cust9789@masked.com,+XXX-XXX-1789,22,36964,A,3057
109790,Customer_9790,cust9790@masked.com,+XXX-XXX-1790,24,24200,C,3062
109791,Customer_9791,cust9791@masked.com,+XXX-XXX-1791,55,117130,B,3090
109792,Customer_9792,cust9792@masked.com,+XXX-XXX-1792,54,161559,C,3051
109793,Customer_9793,cust9793@masked.com,+XXX-XXX-1793,23,158142,C,3125
109794,Customer_9794,cust9794@masked.com,+XXX-XXX-1794,68,179092,B,3023
109795,Customer_9795,cust9795@masked.com,+XXX-XXX-1795,40,144009,D,3071
109796,Customer_9796,cust9796@masked.com,+XXX-XXX-1796,29,91516,C,3008
109797,Customer_9797,cust9797@masked.com,+XXX-XXX-1797,26,122229,D,3109
109798,Customer_9798,cust9798@masked.com,+XXX-XXX-1798,67,63952,D,3093
109799,Customer_9799,cust9799@masked.com,+XXX-XXX-1799,25,82959,D,3116
109800,Customer_9800,cust9800@masked.com,+XXX-XXX-1800,61,142040,A,3082
109801,Customer_9801,cust9801@masked.com,+XXX-XXX-1801,58,175781,B,3079
109802,Customer_9802,cust9802@masked.com,+XXX-XXX-1802,55,88781,A,3148
109803,Customer_9803,cust9803@masked.com,+XXX-XXX-1803,51,46392,B,3099
109804,Customer_9804,cust9804@masked.com,+XXX-XXX-1804,33,57256,D,3039
109805,Customer_9805,cust9805@masked.com,+XXX-XXX-1805,46,121439,B,3102
109806,Customer_9806,cust9806@masked.com,+XXX-XXX-1806,42,51715,D,3061
109807,Customer_9807,cust9807@masked.com,+XXX-XXX-1807,52,139198,B,3068
109808,Customer_9808,cust9808@masked.com,+XXX-XXX-1808,35,26546,B,3141
109809,Customer_9809,cust9809@masked.com,+XXX-XXX-1809,31,152208,D,3108
109810,Customer_9810,cust9810@masked.com,+XXX-XXX-1810,36,108128,B,3003
109811,Customer_9811,cust9811@masked.com,+XXX-XXX-1811,67,169207,D,3071
109812,Customer_9812,cust9812@masked.com,+XXX-XXX-1812,26,59312,B,3016
109813,Customer_9813,cust9813@masked.com,+XXX-XXX-1813,66,191427,E,3113
109814,Customer_9814,cust9814@masked.com,+XXX-XXX-1814,31,99756,C,3084
109815,Customer_9815,cust9815@masked.com,+XXX-XXX-1815,30,35448,D,3056
109816,Customer_9816,cust9816@masked.com,+XXX-XXX-1816,36,133398,A,3106
109817,Customer_9817,cust9817@masked.com,+XXX-XXX-1817,32,63851,B,3047
109818,Customer_9818,cust9818@masked.com,+XXX-XXX-1818,27,100532,D,3116
109819,Customer_9819,cust9819@masked.com,+XXX-XXX-1819,59,59268,D,3030
109820,Customer_9820,cust9820@masked.com,+XXX-XXX-1820,47,57741,A,3111
109821,Customer_9821,cust9821@masked.com,+XXX-XXX-1821,44,168207,B,3046
109822,Customer_9822,cust9822@masked.com,+XXX-XXX-1822,35,20748,B,3133
109823,Customer_9823,cust9823@masked.com,+XXX-XXX-1823,26,102186,A,3107
109824,Customer_9824,cust9824@masked.com,+XXX-XXX-1824,39,150895,C,3071
109825,Customer_9825,cust9825@masked.com,+XXX-XXX-1825,28,130997,A,3070
109826,Customer_9826,cust9826@masked.com,+XXX-XXX-1826,67,62148,B,3107
109827,Customer_9827,cust9827@masked.com,+XXX-XXX-1827,56,42297,C,3052
109828,Customer_9828,cust9828@masked.com,+XXX-XXX-1828,33,83160,B,3141
109829,Customer_9829,cust9829@masked.com,+XXX-XXX-1829,53,59577,C,3015
109830,Customer_9830,cust9830@masked.com,+XXX-XXX-1830,52,187017,E,3115
109831,Customer_9831,cust9831@masked.com,+XXX-XXX-1831,48,72372,A,3072
109832,Customer_9832,cust9832@masked.com,+XXX-XXX-1832,60,74681,C,3073
109833,Customer_9833,cust9833@masked.com,+XXX-XXX-1833,69,178478,B,3080
109834,Customer_9834,cust9834@masked.com,+XXX-XXX-1834,30,168158,B,3011
109835,Customer_9835,cust9835@masked.com,+XXX-XXX-1835,53,29890,A,3127
109836,Customer_9836,cust9836@masked.com,+XXX-XXX-1836,21,133546,A,3069
109837,Customer_9837,cust9837@masked.com,+XXX-XXX-1837,41,52968,B,3146
109838,Customer_9838,cust9838@masked.com,+XXX-XXX-1838,25,179446,B,3040
109839,Customer_9839,cust9839@masked.com,+XXX-XXX-1839,21,167267,D,3058
109840,Customer_9840,cust9840@masked.com,+XXX-XXX-1840,41,67323,C,3088
109841,Customer_9841,cust9841@masked.com,+XXX-XXX-1841,45,98680,E,3023
109842,Customer_9842,cust9842@masked.com,+XXX-XXX-1842,40,187381,C,3143
109843,Customer_9843,cust9843@masked.com,+XXX-XXX-1843,65,92691,B,3079
109844,Customer_9844,cust9844@masked.com,+XXX-XXX-1844,29,95737,B,3133
109845,Customer_9845,cust9845@masked.com,+XXX-XXX-1845,36,154577,B,3131
109846,Customer_9846,cust9846@masked.com,+XXX-XXX-1846,48,80444,B,3091
109847,Customer_9847,cust9847@masked.com,+XXX-XXX-1847,60,187999,C,3091
109848,Customer_9848,cust9848@masked.com,+XXX-XXX-1848,66,27080,C,3080
109849,Customer_9849,cust9849@masked.com,+XXX-XXX-1849,69,164479,B,3141
109850,Customer_9850,cust9850@masked.com,+XXX-XXX-1850,56,179385,A,3070
109851,Customer_9851,cust9851@masked.com,+XXX-XXX-1851,59,92189,A,3064
109852,Customer_9852,cust9852@masked.com,+XXX-XXX-1852,69,82803,A,3051
109853,Customer_9853,cust9853@masked.com,+XXX-XXX-1853,44,144591,A,3029
109854,Customer_9854,cust9854@masked.com,+XXX-XXX-1854,36,196378,D,3098
109855,Customer_9855,cust9855@masked.com,+XXX-XXX-1855,34,146230,A,3097
109856,Customer_9856,cust9856@masked.com,+XXX-XXX-1856,68,65094,C,3041
109857,Customer_9857,cust9857@masked.com,+XXX-XXX-1857,54,167524,B,3138
109858,Customer_9858,cust9858@masked.com,+XXX-XXX-1858,44,31383,A,3026
109859,Customer_9859,cust9859@masked.com,+XXX-XXX-1859,67,75472,D,3071
109860,Customer_9860,cust9860@masked.com,+XXX-XXX-1860,31,154090,C,3017
109861,Customer_9861,cust9861@masked.com,+XXX-XXX-1861,65,22653,B,3076
109862,Customer_9862,cust9862@masked.com,+XXX-XXX-1862,56,83568,D,3044
109863,Customer_9863,cust9863@masked.com,+XXX-XXX-1863,21,44916,A,3114
109864,Customer_9864,cust9864@masked.com,+XXX-XXX-1864,67,159684,A,3086
109865,Customer_9865,cust9865@masked.com,+XXX-XXX-1865,32,104195,D,3139
109866,Customer_9866,cust9866@masked.com,+XXX-XXX-1866,41,118776,C,3091
109867,Customer_9867,cust9867@masked.com,+XXX-XXX-1867,29,101535,B,3021
109868,Customer_9868,cust9868@masked.com,+XXX-XXX-1868,59,173385,A,3091
109869,Customer_9869,cust9869@masked.com,+XXX-XXX-1869,23,132829,D,3076
109870,Customer_9870,cust9870@masked.com,+XXX-XXX-1870,36,131458,B,3024
109871,Customer_9871,cust9871@masked.com,+XXX-XXX-1871,24,147956,A,3107
109872,Customer_9872,cust9872@masked.com,+XXX-XXX-1872,46,185927,C,3134
109873,Customer_9873,cust9873@masked.com,+XXX-XXX-1873,66,60585,D,3108
109874,Customer_9874,cust9874@masked.com,+XXX-XXX-1874,33,179006,A,3133
109875,Customer_9875,cust9875@masked.com,+XXX-XXX-1875,40,44569,D,3023
109876,Customer_9876,cust9876@masked.com,+XXX-XXX-1876,39,171325,C,3018
109877,Customer_9877,cust9877@masked.com,+XXX-XXX-1877,47,117202,B,3082
109878,Customer_9878,cust9878@masked.com,+XXX-XXX-1878,22,74868,C,3114
109879,Customer_9879,cust9879@masked.com,+XXX-XXX-1879,30,177091,E,3008
109880,Customer_9880,cust9880@masked.com,+XXX-XXX-1880,45,27996,B,3111
109881,Customer_9881,cust9881@masked.com,+XXX-XXX-1881,39,50437,A,3101
109882,Customer_9882,cust9882@masked.com,+XXX-XXX-1882,35,84802,D,3047
109883,Customer_9883,cust9883@masked.com,+XXX-XXX-1883,59,39771,C,3068
109884,Customer_9884,cust9884@masked.com,+XXX-XXX-1884,67,70009,B,3118
109885,Customer_9885,cust9885@masked.com,+XXX-XXX-1885,69,151203,C,3044
109886,Customer_9886,cust9886@masked.com,+XXX-XXX-1886,44,39299,C,3124
109887,Customer_9887,cust9887@masked.com,+XXX-XXX-1887,36,185871,D,3013
109888,Customer_9888,cust9888@masked.com,+XXX-XXX-1888,37,54693,D,3133
109889,Customer_9889,cust9889@masked.com,+XXX-XXX-1889,36,185841,B,3134
109890,Customer_9890,cust9890@masked.com,+XXX-XXX-1890,38,155449,B,3036
109891,Customer_9891,cust9891@masked.com,+XXX-XXX-1891,69,43019,C,3052
109892,Customer_9892,cust9892@masked.com,+XXX-XXX-1892,24,177975,B,3017
109893,Customer_9893,cust9893@masked.com,+XXX-XXX-1893,22,31763,C,3037
109894,Customer_9894,cust9894@masked.com,+XXX-XXX-1894,69,25494,B,3128
109895,Customer_9895,cust9895@masked.com,+XXX-XXX-1895,69,31563,A,3043
109896,Customer_9896,cust9896@masked.com,+XXX-XXX-1896,51,53433,B,3046
109897,Customer_9897,cust9897@masked.com,+XXX-XXX-1897,22,49994,C,3034
109898,Customer_9898,cust9898@masked.com,+XXX-XXX-1898,22,108618,D,3059
109899,Customer_9899,cust9899@masked.com,+XXX-XXX-1899,35,140129,B,3089
109900,Customer_9900,cust9900@masked.com,+XXX-XXX-1900,68,82573,A,3051
109901,Customer_9901,cust9901@masked.com,+XXX-XXX-1901,63,38030,B,3007
109902,Customer_9902,cust9902@masked.com,+XXX-XXX-1902,49,98294,D,3106
109903,Customer_9903,cust9903@masked.com,+XXX-XXX-1903,54,81952,B,3130
109904,Customer_9904,cust9904@masked.com,+XXX-XXX-1904,60,21163,C,3141
109905,Customer_9905,cust9905@masked.com,+XXX-XXX-1905,52,43217,C,3095
109906,Customer_9906,cust9906@masked.com,+XXX-XXX-1906,41,175127,B,3025
109907,Customer_9907,cust9907@masked.com,+XXX-XXX-1907,50,99931,D,3110
109908,Customer_9908,cust9908@masked.com,+XXX-XXX-1908,44,99030,A,3122
109909,Customer_9909,cust9909@masked.com,+XXX-XXX-1909,64,180162,C,3050
109910,Customer_9910,cust9910@masked.com,+XXX-XXX-1910,34,57820,A,3122
109911,Customer_9911,cust9911@masked.com,+XXX-XXX-1911,48,124217,A,3004
109912,Customer_9912,cust9912@masked.com,+XXX-XXX-1912,34,32190,C,3076
109913,Customer_9913,cust9913@masked.com,+XXX-XXX-1913,64,65963,B,3000
109914,Customer_9914,cust9914@masked.com,+XXX-XXX-1914,54,34212,C,3010
109915,Customer_9915,cust9915@masked.com,+XXX-XXX-1915,34,73638,C,3007
109916,Customer_9916,cust9916@masked.com,+XXX-XXX-1916,45,191151,C,3031
109917,Customer_9917,cust9917@masked.com,+XXX-XXX-1917,32,52794,B,3027
109918,Customer_9918,cust9918@masked.com,+XXX-XXX-1918,61,109831,C,3130
109919,Customer_9919,cust9919@masked.com,+XXX-XXX-1919,60,104590,C,3127
109920,Customer_9920,cust9920@masked.com,+XXX-XXX-1920,40,91446,B,3061
109921,Customer_9921,cust9921@masked.com,+XXX-XXX-1921,68,69278,C,3026
109922,Customer_9922,cust9922@masked.com,+XXX-XXX-1922,62,103399,E,3044
109923,Customer_9923,cust9923@masked.com,+XXX-XXX-1923,27,145208,A,3104
109924,Customer_9924,cust9924@masked.com,+XXX-XXX-1924,35,66474,D,3091
109925,Customer_9925,cust9925@masked.com,+XXX-XXX-1925,29,175966,A,3024
109926,Customer_9926,cust9926@masked.com,+XXX-XXX-1926,24,169944,B,3043
109927,Customer_9927,cust9927@masked.com,+XXX-XXX-1927,51,65749,B,3141
109928,Customer_9928,cust9928@masked.com,+XXX-XXX-1928,43,32406,C,3135
109929,Customer_9929,cust9929@masked.com,+XXX-XXX-1929,26,90409,A,3141
109930,Customer_9930,cust9930@masked.com,+XXX-XXX-1930,48,100561,D,3079
109931,Customer_9931,cust9931@masked.com,+XXX-XXX-1931,32,179743,D,3081
109932,Customer_9932,cust9932@masked.com,+XXX-XXX-1932,67,148367,C,3134
109933,Customer_9933,cust9933@masked.com,+XXX-XXX-1933,42,130976,B,3087
109934,Customer_9934,cust9934@masked.com,+XXX-XXX-1934,44,91637,E,3126
109935,Customer_9935,cust9935@masked.com,+XXX-XXX-1935,54,119909,D,3054
109936,Customer_9936,cust9936@masked.com,+XXX-XXX-1936,39,107197,B,3140
109937,Customer_9937,cust9937@masked.com,+XXX-XXX-1937,44,167254,C,3055
109938,Customer_9938,cust9938@masked.com,+XXX-XXX-1938,40,189676,C,3014
109939,Customer_9939,cust9939@masked.com,+XXX-XXX-1939,54,81525,C,3057
109940,Customer_9940,cust9940@masked.com,+XXX-XXX-1940,67,55176,B,3087
109941,Customer_9941,cust9941@masked.com,+XXX-XXX-1941,47,145933,B,3096
109942,Customer_9942,cust9942@masked.com,+XXX-XXX-1942,64,153911,A,3143
109943,Customer_9943,cust9943@masked.com,+XXX-XXX-1943,49,89990,B,3007
109944,Customer_9944,cust9944@masked.com,+XXX-XXX-1944,21,141558,C,3039
109945,Customer_9945,cust9945@masked.com,+XXX-XXX-1945,66,165286,E,3013
109946,Customer_9946,cust9946@masked.com,+XXX-XXX-1946,56,175010,E,3052
109947,Customer_9947,cust9947@masked.com,+XXX-XXX-1947,63,113324,C,3126
109948,Customer_9948,cust9948@masked.com,+XXX-XXX-1948,59,185765,C,3079
109949,Customer_9949,cust9949@masked.com,+XXX-XXX-1949,65,166529,A,3114
109950,Customer_9950,cust9950@masked.com,+XXX-XXX-1950,66,58862,C,3133
109951,Customer_9951,cust9951@masked.com,+XXX-XXX-1951,27,109553,A,3054
109952,Customer_9952,cust9952@masked.com,+XXX-XXX-1952,63,139088,B,3043
109953,Customer_9953,cust9953@masked.com,+XXX-XXX-1953,40,153048,C,3017
109954,Customer_9954,cust9954@masked.com,+XXX-XXX-1954,40,30921,B,3015
109955,Customer_9955,cust9955@masked.com,+XXX-XXX-1955,45,143894,A,3011
109956,Customer_9956,cust9956@masked.com,+XXX-XXX-1956,63,114848,D,3147
109957,Customer_9957,cust9957@masked.com,+XXX-XXX-1957,41,82563,B,3044
109958,Customer_9958,cust9958@masked.com,+XXX-XXX-1958,29,51709,A,3092
109959,Customer_9959,cust9959@masked.com,+XXX-XXX-1959,47,23444,A,3021
109960,Customer_9960,cust9960@masked.com,+XXX-XXX-1960,48,53526,B,3096
109961,Customer_9961,cust9961@masked.com,+XXX-XXX-1961,45,39478,A,3046
109962,Customer_9962,cust9962@masked.com,+XXX-XXX-1962,56,83332,D,3028
109963,Customer_9963,cust9963@masked.com,+XXX-XXX-1963,54,24379,B,3044
109964,Customer_9964,cust9964@masked.com,+XXX-XXX-1964,22,167568,D,3076
109965,Customer_9965,cust9965@masked.com,+XXX-XXX-1965,29,71572,A,3008
109966,Customer_9966,cust9966@masked.com,+XXX-XXX-1966,39,179940,B,3023
109967,Customer_9967,cust9967@masked.com,+XXX-XXX-1967,35,25283,C,3014
109968,Customer_9968,cust9968@masked.com,+XXX-XXX-1968,41,37205,C,3012
109969,Customer_9969,cust9969@masked.com,+XXX-XXX-1969,36,65246,C,3090
109970,Customer_9970,cust9970@masked.com,+XXX-XXX-1970,22,70971,E,3100
109971,Customer_9971,cust9971@masked.com,+XXX-XXX-1971,46,67596,B,3070
109972,Customer_9972,cust9972@masked.com,+XXX-XXX-1972,64,176914,B,3121
109973,Customer_9973,cust9973@masked.com,+XXX-XXX-1973,49,43015,D,3075
109974,Customer_9974,cust9974@masked.com,+XXX-XXX-1974,53,175467,A,3115
109975,Customer_9975,cust9975@masked.com,+XXX-XXX-1975,54,178559,A,3060
109976,Customer_9976,cust9976@masked.com,+XXX-XXX-1976,66,176978,B,3125
109977,Customer_9977,cust9977@masked.com,+XXX-XXX-1977,47,136581,C,3000
109978,Customer_9978,cust9978@masked.com,+XXX-XXX-1978,27,161607,B,3067
109979,Customer_9979,cust9979@masked.com,+XXX-XXX-1979,69,112500,A,3087
109980,Customer_9980,cust9980@masked.com,+XXX-XXX-1980,35,118896,B,3020
109981,Customer_9981,cust9981@masked.com,+XXX-XXX-1981,37,70539,C,3134
109982,Customer_9982,cust9982@masked.com,+XXX-XXX-1982,29,174549,B,3002
109983,Customer_9983,cust9983@masked.com,+XXX-XXX-1983,33,182049,B,3050
109984,Customer_9984,cust9984@masked.com,+XXX-XXX-1984,52,123376,C,3078
109985,Customer_9985,cust9985@masked.com,+XXX-XXX-1985,22,111646,E,3094
109986,Customer_9986,cust9986@masked.com,+XXX-XXX-1986,52,97837,C,3122
109987,Customer_9987,cust9987@masked.com,+XXX-XXX-1987,67,139821,D,3005
109988,Customer_9988,cust9988@masked.com,+XXX-XXX-1988,40,33295,B,3016
109989,Customer_9989,cust9989@masked.com,+XXX-XXX-1989,63,62023,B,3116
109990,Customer_9990,cust9990@masked.com,+XXX-XXX-1990,39,121409,B,3059
109991,Customer_9991,cust9991@masked.com,+XXX-XXX-1991,66,64265,D,3149
109992,Customer_9992,cust9992@masked.com,+XXX-XXX-1992,47,189745,B,3124
109993,Customer_9993,cust9993@masked.com,+XXX-XXX-1993,56,71055,D,3080
109994,Customer_9994,cust9994@masked.com,+XXX-XXX-1994,50,23361,E,3084
109995,Customer_9995,cust9995@masked.com,+XXX-XXX-1995,31,48626,A,3050
109996,Customer_9996,cust9996@masked.com,+XXX-XXX-1996,36,48388,A,3138
109997,Customer_9997,cust9997@masked.com,+XXX-XXX-1997,46,104918,A,3070
109998,Customer_9998,cust9998@masked.com,+XXX-XXX-1998,50,37725,B,3038
109999,Customer_9999,cust9999@masked.com,+XXX-XXX-1999,22,120165,A,3068
110000,Customer_10000,cust10000@masked.com,+XXX-XXX-2000,54,153527,D,3047
110001,Customer_10001,cust10001@masked.com,+XXX-XXX-2001,61,23792,A,3124
110002,Customer_10002,cust10002@masked.com,+XXX-XXX-2002,42,178799,B,3056
110003,Customer_10003,cust10003@masked.com,+XXX-XXX-2003,51,195910,A,3020
110004,Customer_10004,cust10004@masked.com,+XXX-XXX-2004,41,189704,E,3081
110005,Customer_10005,cust10005@masked.com,+XXX-XXX-2005,56,101733,C,3098
110006,Customer_10006,cust10006@masked.com,+XXX-XXX-2006,60,152380,D,3147
110007,Customer_10007,cust10007@masked.com,+XXX-XXX-2007,43,126435,E,3014
110008,Customer_10008,cust10008@masked.com,+XXX-XXX-2008,46,167387,B,3068
110009,Customer_10009,cust10009@masked.com,+XXX-XXX-2009,38,60857,B,3075
110010,Customer_10010,cust10010@masked.com,+XXX-XXX-2010,35,109717,A,3061
110011,Customer_10011,cust10011@masked.com,+XXX-XXX-2011,54,160965,B,3118
110012,Customer_10012,cust10012@masked.com,+XXX-XXX-2012,42,147293,C,3036
110013,Customer_10013,cust10013@masked.com,+XXX-XXX-2013,48,98233,A,3133
110014,Customer_10014,cust10014@masked.com,+XXX-XXX-2014,63,28438,A,3025
110015,Customer_10015,cust10015@masked.com,+XXX-XXX-2015,69,54992,C,3007
110016,Customer_10016,cust10016@masked.com,+XXX-XXX-2016,27,180007,C,3003
110017,Customer_10017,cust10017@masked.com,+XXX-XXX-2017,60,95651,C,3020
110018,Customer_10018,cust10018@masked.com,+XXX-XXX-2018,62,103253,B,3148
110019,Customer_10019,cust10019@masked.com,+XXX-XXX-2019,44,116283,D,3024
110020,Customer_10020,cust10020@masked.com,+XXX-XXX-2020,55,70950,C,3142
110021,Customer_10021,cust10021@masked.com,+XXX-XXX-2021,33,88901,A,3042
110022,Customer_10022,cust10022@masked.com,+XXX-XXX-2022,69,150526,D,3036
110023,Customer_10023,cust10023@masked.com,+XXX-XXX-2023,33,185924,E,3041
110024,Customer_10024,cust10024@masked.com,+XXX-XXX-2024,51,145815,A,3091
110025,Customer_10025,cust10025@masked.com,+XXX-XXX-2025,39,81986,B,3060
110026,Customer_10026,cust10026@masked.com,+XXX-XXX-2026,49,114853,B,3141
110027,Customer_10027,cust10027@masked.com,+XXX-XXX-2027,42,147648,A,3067
110028,Customer_10028,cust10028@masked.com,+XXX-XXX-2028,61,65427,D,3052
110029,Customer_10029,cust10029@masked.com,+XXX-XXX-2029,41,132237,B,3083
110030,Customer_10030,cust10030@masked.com,+XXX-XXX-2030,36,136837,D,3033
110031,Customer_10031,cust10031@masked.com,+XXX-XXX-2031,50,56194,C,3075
110032,Customer_10032,cust10032@masked.com,+XXX-XXX-2032,25,36863,C,3096
110033,Customer_10033,cust10033@masked.com,+XXX-XXX-2033,61,178605,A,3147
110034,Customer_10034,cust10034@masked.com,+XXX-XXX-2034,61,105650,B,3029
110035,Customer_10035,cust10035@masked.com,+XXX-XXX-2035,26,75511,A,3087
110036,Customer_10036,cust10036@masked.com,+XXX-XXX-2036,41,109062,B,3006
110037,Customer_10037,cust10037@masked.com,+XXX-XXX-2037,62,136038,B,3035
110038,Customer_10038,cust10038@masked.com,+XXX-XXX-2038,31,176347,D,3037
110039,Customer_10039,cust10039@masked.com,+XXX-XXX-2039,44,55415,B,3051
110040,Customer_10040,cust10040@masked.com,+XXX-XXX-2040,48,41750,D,3142
110041,Customer_10041,cust10041@masked.com,+XXX-XXX-2041,35,57876,B,3139
110042,Customer_10042,cust10042@masked.com,+XXX-XXX-2042,59,54489,D,3142
110043,Customer_10043,cust10043@masked.com,+XXX-XXX-2043,66,102253,E,3092
110044,Customer_10044,cust10044@masked.com,+XXX-XXX-2044,60,159927,B,3106
110045,Customer_10045,cust10045@masked.com,+XXX-XXX-2045,67,110890,D,3125
110046,Customer_10046,cust10046@masked.com,+XXX-XXX-2046,39,86759,C,3048
110047,Customer_10047,cust10047@masked.com,+XXX-XXX-2047,37,64459,D,3020
110048,Customer_10048,cust10048@masked.com,+XXX-XXX-2048,23,66414,C,3014
110049,Customer_10049,cust10049@masked.com,+XXX-XXX-2049,23,140565,B,3013
110050,Customer_10050,cust10050@masked.com,+XXX-XXX-2050,59,47073,B,3041
110051,Customer_10051,cust10051@masked.com,+XXX-XXX-2051,48,192972,A,3014
110052,Customer_10052,cust10052@masked.com,+XXX-XXX-2052,51,120937,C,3062
110053,Customer_10053,cust10053@masked.com,+XXX-XXX-2053,62,43199,E,3026
110054,Customer_10054,cust10054@masked.com,+XXX-XXX-2054,69,74526,C,3092
110055,Customer_10055,cust10055@masked.com,+XXX-XXX-2055,67,52272,B,3104
110056,Customer_10056,cust10056@masked.com,+XXX-XXX-2056,28,188373,D,3052
110057,Customer_10057,cust10057@masked.com,+XXX-XXX-2057,37,130217,D,3051
110058,Customer_10058,cust10058@masked.com,+XXX-XXX-2058,55,83957,B,3062
110059,Customer_10059,cust10059@masked.com,+XXX-XXX-2059,56,20005,A,3056
110060,Customer_10060,cust10060@masked.com,+XXX-XXX-2060,47,63226,A,3119
110061,Customer_10061,cust10061@masked.com,+XXX-XXX-2061,60,122291,D,3051
110062,Customer_10062,cust10062@masked.com,+XXX-XXX-2062,65,50208,D,3106
110063,Customer_10063,cust10063@masked.com,+XXX-XXX-2063,53,174175,B,3042
110064,Customer_10064,cust10064@masked.com,+XXX-XXX-2064,31,138480,B,3134
110065,Customer_10065,cust10065@masked.com,+XXX-XXX-2065,41,94240,D,3116
110066,Customer_10066,cust10066@masked.com,+XXX-XXX-2066,26,139652,E,3003
110067,Customer_10067,cust10067@masked.com,+XXX-XXX-2067,68,31452,D,3132
110068,Customer_10068,cust10068@masked.com,+XXX-XXX-2068,41,119278,C,3079
110069,Customer_10069,cust10069@masked.com,+XXX-XXX-2069,48,33558,B,3040
110070,Customer_10070,cust10070@masked.com,+XXX-XXX-2070,37,162080,C,3131
110071,Customer_10071,cust10071@masked.com,+XXX-XXX-2071,38,61936,B,3001
110072,Customer_10072,cust10072@masked.com,+XXX-XXX-2072,31,86156,D,3148
110073,Customer_10073,cust10073@masked.com,+XXX-XXX-2073,66,183387,B,3042
110074,Customer_10074,cust10074@masked.com,+XXX-XXX-2074,64,65610,D,3081
110075,Customer_10075,cust10075@masked.com,+XXX-XXX-2075,45,158667,B,3107
110076,Customer_10076,cust10076@masked.com,+XXX-XXX-2076,50,130337,D,3136
110077,Customer_10077,cust10077@masked.com,+XXX-XXX-2077,45,28785,B,3025
110078,Customer_10078,cust10078@masked.com,+XXX-XXX-2078,27,127915,B,3081
110079,Customer_10079,cust10079@masked.com,+XXX-XXX-2079,69,91388,C,3082
110080,Customer_10080,cust10080@masked.com,+XXX-XXX-2080,57,30134,A,3130
110081,Customer_10081,cust10081@masked.com,+XXX-XXX-2081,66,28814,E,3072
110082,Customer_10082,cust10082@masked.com,+XXX-XXX-2082,47,97576,C,3099
110083,Customer_10083,cust10083@masked.com,+XXX-XXX-2083,46,174759,C,3048
110084,Customer_10084,cust10084@masked.com,+XXX-XXX-2084,33,24529,D,3144
110085,Customer_10085,cust10085@masked.com,+XXX-XXX-2085,44,56687,D,3062
110086,Customer_10086,cust10086@masked.com,+XXX-XXX-2086,32,126813,C,3054
110087,Customer_10087,cust10087@masked.com,+XXX-XXX-2087,34,137270,E,3033
110088,Customer_10088,cust10088@masked.com,+XXX-XXX-2088,29,134012,A,3104
110089,Customer_10089,cust10089@masked.com,+XXX-XXX-2089,51,191066,A,3104
110090,Customer_10090,cust10090@masked.com,+XXX-XXX-2090,24,182569,C,3068
110091,Customer_10091,cust10091@masked.com,+XXX-XXX-2091,39,83627,B,3014
110092,Customer_10092,cust10092@masked.com,+XXX-XXX-2092,21,134621,B,3002
110093,Customer_10093,cust10093@masked.com,+XXX-XXX-2093,49,28819,B,3002
110094,Customer_10094,cust10094@masked.com,+XXX-XXX-2094,65,107243,B,3101
110095,Customer_10095,cust10095@masked.com,+XXX-XXX-2095,26,196285,D,3003
110096,Customer_10096,cust10096@masked.com,+XXX-XXX-2096,21,82793,C,3087
110097,Customer_10097,cust10097@masked.com,+XXX-XXX-2097,45,181987,E,3044
110098,Customer_10098,cust10098@masked.com,+XXX-XXX-2098,47,80115,D,3044
110099,Customer_10099,cust10099@masked.com,+XXX-XXX-2099,42,151624,B,3074
110100,Customer_10100,cust10100@masked.com,+XXX-XXX-2100,37,99718,B,3008
110101,Customer_10101,cust10101@masked.com,+XXX-XXX-2101,49,130086,B,3144
110102,Customer_10102,cust10102@masked.com,+XXX-XXX-2102,23,164221,D,3117
110103,Customer_10103,cust10103@masked.com,+XXX-XXX-2103,37,117139,A,3064
110104,Customer_10104,cust10104@masked.com,+XXX-XXX-2104,22,115848,B,3130
110105,Customer_10105,cust10105@masked.com,+XXX-XXX-2105,52,35155,D,3025
110106,Customer_10106,cust10106@masked.com,+XXX-XXX-2106,42,150092,C,3025
110107,Customer_10107,cust10107@masked.com,+XXX-XXX-2107,59,95813,B,3022
110108,Customer_10108,cust10108@masked.com,+XXX-XXX-2108,53,126064,A,3029
110109,Customer_10109,cust10109@masked.com,+XXX-XXX-2109,42,100212,D,3009
110110,Customer_10110,cust10110@masked.com,+XXX-XXX-2110,67,29785,D,3071
110111,Customer_10111,cust10111@masked.com,+XXX-XXX-2111,24,171853,B,3063
110112,Customer_10112,cust10112@masked.com,+XXX-XXX-2112,58,31970,B,3149
110113,Customer_10113,cust10113@masked.com,+XXX-XXX-2113,33,88800,D,3142
110114,Customer_10114,cust10114@masked.com,+XXX-XXX-2114,43,123297,D,3122
110115,Customer_10115,cust10115@masked.com,+XXX-XXX-2115,33,94343,D,3104
110116,Customer_10116,cust10116@masked.com,+XXX-XXX-2116,40,181391,C,3073
110117,Customer_10117,cust10117@masked.com,+XXX-XXX-2117,53,46207,D,3147
110118,Customer_10118,cust10118@masked.com,+XXX-XXX-2118,54,181362,B,3104
110119,Customer_10119,cust10119@masked.com,+XXX-XXX-2119,58,29136,A,3046
110120,Customer_10120,cust10120@masked.com,+XXX-XXX-2120,49,24980,C,3086
110121,Customer_10121,cust10121@masked.com,+XXX-XXX-2121,52,197416,C,3052
110122,Customer_10122,cust10122@masked.com,+XXX-XXX-2122,31,131898,D,3128
110123,Customer_10123,cust10123@masked.com,+XXX-XXX-2123,38,146356,A,3001
110124,Customer_10124,cust10124@masked.com,+XXX-XXX-2124,65,123970,D,3057
110125,Customer_10125,cust10125@masked.com,+XXX-XXX-2125,41,118135,B,3146
110126,Customer_10126,cust10126@masked.com,+XXX-XXX-2126,32,71107,C,3071
110127,Customer_10127,cust10127@masked.com,+XXX-XXX-2127,59,153468,A,3139
110128,Customer_10128,cust10128@masked.com,+XXX-XXX-2128,40,130402,C,3026
110129,Customer_10129,cust10129@masked.com,+XXX-XXX-2129,27,153162,C,3028
110130,Customer_10130,cust10130@masked.com,+XXX-XXX-2130,47,71975,B,3014
110131,Customer_10131,cust10131@masked.com,+XXX-XXX-2131,27,104449,A,3128
110132,Customer_10132,cust10132@masked.com,+XXX-XXX-2132,22,109464,C,3059
110133,Customer_10133,cust10133@masked.com,+XXX-XXX-2133,63,188013,D,3106
110134,Customer_10134,cust10134@masked.com,+XXX-XXX-2134,53,29251,B,3002
110135,Customer_10135,cust10135@masked.com,+XXX-XXX-2135,41,52126,B,3114
110136,Customer_10136,cust10136@masked.com,+XXX-XXX-2136,49,190799,B,3145
110137,Customer_10137,cust10137@masked.com,+XXX-XXX-2137,52,99021,E,3051
110138,Customer_10138,cust10138@masked.com,+XXX-XXX-2138,65,127142,B,3059
110139,Customer_10139,cust10139@masked.com,+XXX-XXX-2139,32,29545,A,3033
110140,Customer_10140,cust10140@masked.com,+XXX-XXX-2140,33,47275,D,3095
110141,Customer_10141,cust10141@masked.com,+XXX-XXX-2141,59,160027,C,3088
110142,Customer_10142,cust10142@masked.com,+XXX-XXX-2142,64,179719,A,3059
110143,Customer_10143,cust10143@masked.com,+XXX-XXX-2143,69,143571,E,3018
110144,Customer_10144,cust10144@masked.com,+XXX-XXX-2144,60,186412,C,3110
110145,Customer_10145,cust10145@masked.com,+XXX-XXX-2145,23,134379,C,3021
110146,Customer_10146,cust10146@masked.com,+XXX-XXX-2146,59,197606,B,3127
110147,Customer_10147,cust10147@masked.com,+XXX-XXX-2147,28,68702,D,3034
110148,Customer_10148,cust10148@masked.com,+XXX-XXX-2148,66,132070,B,3106
110149,Customer_10149,cust10149@masked.com,+XXX-XXX-2149,66,160082,B,3127
110150,Customer_10150,cust10150@masked.com,+XXX-XXX-2150,22,26073,A,3082
110151,Customer_10151,cust10151@masked.com,+XXX-XXX-2151,26,81594,D,3137
110152,Customer_10152,cust10152@masked.com,+XXX-XXX-2152,68,110630,C,3142
110153,Customer_10153,cust10153@masked.com,+XXX-XXX-2153,61,139158,C,3138
110154,Customer_10154,cust10154@masked.com,+XXX-XXX-2154,35,110454,A,3110
110155,Customer_10155,cust10155@masked.com,+XXX-XXX-2155,67,108107,C,3089
110156,Customer_10156,cust10156@masked.com,+XXX-XXX-2156,32,93144,D,3023
110157,Customer_10157,cust10157@masked.com,+XXX-XXX-2157,61,33408,B,3076
110158,Customer_10158,cust10158@masked.com,+XXX-XXX-2158,68,42692,D,3100
110159,Customer_10159,cust10159@masked.com,+XXX-XXX-2159,52,47369,B,3131
110160,Customer_10160,cust10160@masked.com,+XXX-XXX-2160,26,129670,D,3012
110161,Customer_10161,cust10161@masked.com,+XXX-XXX-2161,47,199580,A,3097
110162,Customer_10162,cust10162@masked.com,+XXX-XXX-2162,67,165854,C,3119
110163,Customer_10163,cust10163@masked.com,+XXX-XXX-2163,33,25126,E,3036
110164,Customer_10164,cust10164@masked.com,+XXX-XXX-2164,43,23704,E,3047
110165,Customer_10165,cust10165@masked.com,+XXX-XXX-2165,30,193549,B,3000
110166,Customer_10166,cust10166@masked.com,+XXX-XXX-2166,34,37940,B,3059
110167,Customer_10167,cust10167@masked.com,+XXX-XXX-2167,23,44673,A,3139
110168,Customer_10168,cust10168@masked.com,+XXX-XXX-2168,32,102964,D,3148
110169,Customer_10169,cust10169@masked.com,+XXX-XXX-2169,45,99079,C,3138
110170,Customer_10170,cust10170@masked.com,+XXX-XXX-2170,21,28659,B,3043
110171,Customer_10171,cust10171@masked.com,+XXX-XXX-2171,52,159617,A,3114
110172,Customer_10172,cust10172@masked.com,+XXX-XXX-2172,44,69223,E,3107
110173,Customer_10173,cust10173@masked.com,+XXX-XXX-2173,68,29567,C,3043
110174,Customer_10174,cust10174@masked.com,+XXX-XXX-2174,62,86611,B,3077
110175,Customer_10175,cust10175@masked.com,+XXX-XXX-2175,29,29437,B,3024
110176,Customer_10176,cust10176@masked.com,+XXX-XXX-2176,21,160287,B,3131
110177,Customer_10177,cust10177@masked.com,+XXX-XXX-2177,62,128316,C,3115
110178,Customer_10178,cust10178@masked.com,+XXX-XXX-2178,59,52068,E,3118
110179,Customer_10179,cust10179@masked.com,+XXX-XXX-2179,30,143869,D,3143
110180,Customer_10180,cust10180@masked.com,+XXX-XXX-2180,64,73707,B,3009
110181,Customer_10181,cust10181@masked.com,+XXX-XXX-2181,63,107206,D,3108
110182,Customer_10182,cust10182@masked.com,+XXX-XXX-2182,61,82746,B,3034
110183,Customer_10183,cust10183@masked.com,+XXX-XXX-2183,50,131308,B,3133
110184,Customer_10184,cust10184@masked.com,+XXX-XXX-2184,25,155534,E,3018
110185,Customer_10185,cust10185@masked.com,+XXX-XXX-2185,24,122025,B,3007
110186,Customer_10186,cust10186@masked.com,+XXX-XXX-2186,65,23107,B,3009
110187,Customer_10187,cust10187@masked.com,+XXX-XXX-2187,28,172158,E,3028
110188,Customer_10188,cust10188@masked.com,+XXX-XXX-2188,36,135436,A,3014
110189,Customer_10189,cust10189@masked.com,+XXX-XXX-2189,21,169155,D,3086
110190,Customer_10190,cust10190@masked.com,+XXX-XXX-2190,69,68723,E,3022
110191,Customer_10191,cust10191@masked.com,+XXX-XXX-2191,35,61214,C,3045
110192,Customer_10192,cust10192@masked.com,+XXX-XXX-2192,44,162241,A,3027
110193,Customer_10193,cust10193@masked.com,+XXX-XXX-2193,35,137412,B,3025
110194,Customer_10194,cust10194@masked.com,+XXX-XXX-2194,26,74471,A,3009
110195,Customer_10195,cust10195@masked.com,+XXX-XXX-2195,22,102755,B,3003
110196,Customer_10196,cust10196@masked.com,+XXX-XXX-2196,25,152922,D,3054
110197,Customer_10197,cust10197@masked.com,+XXX-XXX-2197,59,73916,B,3065
110198,Customer_10198,cust10198@masked.com,+XXX-XXX-2198,61,72254,B,3066
110199,Customer_10199,cust10199@masked.com,+XXX-XXX-2199,54,108664,C,3134
110200,Customer_10200,cust10200@masked.com,+XXX-XXX-2200,59,55074,C,3054
110201,Customer_10201,cust10201@masked.com,+XXX-XXX-2201,52,196380,D,3030
110202,Customer_10202,cust10202@masked.com,+XXX-XXX-2202,49,86029,B,3073
110203,Customer_10203,cust10203@masked.com,+XXX-XXX-2203,49,80649,D,3018
110204,Customer_10204,cust10204@masked.com,+XXX-XXX-2204,44,78474,C,3080
110205,Customer_10205,cust10205@masked.com,+XXX-XXX-2205,66,107620,B,3146
110206,Customer_10206,cust10206@masked.com,+XXX-XXX-2206,51,163695,B,3086
110207,Customer_10207,cust10207@masked.com,+XXX-XXX-2207,44,48360,B,3019
110208,Customer_10208,cust10208@masked.com,+XXX-XXX-2208,35,30292,C,3012
110209,Customer_10209,cust10209@masked.com,+XXX-XXX-2209,32,32207,B,3076
110210,Customer_10210,cust10210@masked.com,+XXX-XXX-2210,40,120080,E,3042
110211,Customer_10211,cust10211@masked.com,+XXX-XXX-2211,24,186574,C,3138
110212,Customer_10212,cust10212@masked.com,+XXX-XXX-2212,33,51785,E,3142
110213,Customer_10213,cust10213@masked.com,+XXX-XXX-2213,61,88867,A,3144
110214,Customer_10214,cust10214@masked.com,+XXX-XXX-2214,64,69361,B,3049
110215,Customer_10215,cust10215@masked.com,+XXX-XXX-2215,30,52209,A,3027
110216,Customer_10216,cust10216@masked.com,+XXX-XXX-2216,61,44490,B,3003
110217,Customer_10217,cust10217@masked.com,+XXX-XXX-2217,43,188948,D,3021
110218,Customer_10218,cust10218@masked.com,+XXX-XXX-2218,27,197504,A,3118
110219,Customer_10219,cust10219@masked.com,+XXX-XXX-2219,32,32261,B,3100
110220,Customer_10220,cust10220@masked.com,+XXX-XXX-2220,68,181162,A,3038
110221,Customer_10221,cust10221@masked.com,+XXX-XXX-2221,35,51568,B,3033
110222,Customer_10222,cust10222@masked.com,+XXX-XXX-2222,27,56968,D,3096
110223,Customer_10223,cust10223@masked.com,+XXX-XXX-2223,28,147678,C,3043
110224,Customer_10224,cust10224@masked.com,+XXX-XXX-2224,27,94875,C,3039
110225,Customer_10225,cust10225@masked.com,+XXX-XXX-2225,63,195813,B,3096
110226,Customer_10226,cust10226@masked.com,+XXX-XXX-2226,24,51842,E,3139
110227,Customer_10227,cust10227@masked.com,+XXX-XXX-2227,27,198181,C,3129
110228,Customer_10228,cust10228@masked.com,+XXX-XXX-2228,65,141631,B,3073
110229,Customer_10229,cust10229@masked.com,+XXX-XXX-2229,61,72266,B,3085
110230,Customer_10230,cust10230@masked.com,+XXX-XXX-2230,50,130374,D,3089
110231,Customer_10231,cust10231@masked.com,+XXX-XXX-2231,38,199117,C,3066
110232,Customer_10232,cust10232@masked.com,+XXX-XXX-2232,50,176321,C,3075
110233,Customer_10233,cust10233@masked.com,+XXX-XXX-2233,27,180962,B,3091
110234,Customer_10234,cust10234@masked.com,+XXX-XXX-2234,68,63331,B,3009
110235,Customer_10235,cust10235@masked.com,+XXX-XXX-2235,43,156256,C,3085
110236,Customer_10236,cust10236@masked.com,+XXX-XXX-2236,57,188136,C,3101
110237,Customer_10237,cust10237@masked.com,+XXX-XXX-2237,27,35366,C,3107
110238,Customer_10238,cust10238@masked.com,+XXX-XXX-2238,58,80245,C,3090
110239,Customer_10239,cust10239@masked.com,+XXX-XXX-2239,49,62447,A,3078
110240,Customer_10240,cust10240@masked.com,+XXX-XXX-2240,54,160231,D,3085
110241,Customer_10241,cust10241@masked.com,+XXX-XXX-2241,59,154084,E,3106
110242,Customer_10242,cust10242@masked.com,+XXX-XXX-2242,61,38736,D,3100
110243,Customer_10243,cust10243@masked.com,+XXX-XXX-2243,65,89945,B,3107
110244,Customer_10244,cust10244@masked.com,+XXX-XXX-2244,69,43005,B,3059
110245,Customer_10245,cust10245@masked.com,+XXX-XXX-2245,69,186683,D,3047
110246,Customer_10246,cust10246@masked.com,+XXX-XXX-2246,67,52154,C,3116
110247,Customer_10247,cust10247@masked.com,+XXX-XXX-2247,38,183421,C,3105
110248,Customer_10248,cust10248@masked.com,+XXX-XXX-2248,67,97156,E,3146
110249,Customer_10249,cust10249@masked.com,+XXX-XXX-2249,63,75366,C,3032
110250,Customer_10250,cust10250@masked.com,+XXX-XXX-2250,45,54673,C,3043
110251,Customer_10251,cust10251@masked.com,+XXX-XXX-2251,47,34741,A,3111
110252,Customer_10252,cust10252@masked.com,+XXX-XXX-2252,47,116202,A,3088
110253,Customer_10253,cust10253@masked.com,+XXX-XXX-2253,32,109109,A,3035
110254,Customer_10254,cust10254@masked.com,+XXX-XXX-2254,43,169454,D,3080
110255,Customer_10255,cust10255@masked.com,+XXX-XXX-2255,37,117150,B,3087
110256,Customer_10256,cust10256@masked.com,+XXX-XXX-2256,64,103252,B,3148
110257,Customer_10257,cust10257@masked.com,+XXX-XXX-2257,27,39750,D,3129
110258,Customer_10258,cust10258@masked.com,+XXX-XXX-2258,44,95300,C,3030
110259,Customer_10259,cust10259@masked.com,+XXX-XXX-2259,27,99902,C,3107
110260,Customer_10260,cust10260@masked.com,+XXX-XXX-2260,49,158301,B,3029
110261,Customer_10261,cust10261@masked.com,+XXX-XXX-2261,48,191366,D,3011
110262,Customer_10262,cust10262@masked.com,+XXX-XXX-2262,43,23816,A,3050
110263,Customer_10263,cust10263@masked.com,+XXX-XXX-2263,30,156709,A,3120
110264,Customer_10264,cust10264@masked.com,+XXX-XXX-2264,36,185200,A,3138
110265,Customer_10265,cust10265@masked.com,+XXX-XXX-2265,63,140993,B,3012
110266,Customer_10266,cust10266@masked.com,+XXX-XXX-2266,68,157046,B,3090
110267,Customer_10267,cust10267@masked.com,+XXX-XXX-2267,54,69715,C,3073
110268,Customer_10268,cust10268@masked.com,+XXX-XXX-2268,45,59069,A,3019
110269,Customer_10269,cust10269@masked.com,+XXX-XXX-2269,22,173612,C,3071
110270,Customer_10270,cust10270@masked.com,+XXX-XXX-2270,25,164569,A,3072
110271,Customer_10271,cust10271@masked.com,+XXX-XXX-2271,34,45328,A,3070
110272,Customer_10272,cust10272@masked.com,+XXX-XXX-2272,51,130739,C,3077
110273,Customer_10273,cust10273@masked.com,+XXX-XXX-2273,60,132517,E,3027
110274,Customer_10274,cust10274@masked.com,+XXX-XXX-2274,26,115228,D,3129
110275,Customer_10275,cust10275@masked.com,+XXX-XXX-2275,48,74326,E,3120
110276,Customer_10276,cust10276@masked.com,+XXX-XXX-2276,29,125018,C,3042
110277,Customer_10277,cust10277@masked.com,+XXX-XXX-2277,26,155058,C,3007
110278,Customer_10278,cust10278@masked.com,+XXX-XXX-2278,37,140517,C,3012
110279,Customer_10279,cust10279@masked.com,+XXX-XXX-2279,60,63675,C,3110
110280,Customer_10280,cust10280@masked.com,+XXX-XXX-2280,55,167340,A,3034
110281,Customer_10281,cust10281@masked.com,+XXX-XXX-2281,32,170089,C,3022
110282,Customer_10282,cust10282@masked.com,+XXX-XXX-2282,65,59848,B,3045
110283,Customer_10283,cust10283@masked.com,+XXX-XXX-2283,38,60582,B,3014
110284,Customer_10284,cust10284@masked.com,+XXX-XXX-2284,63,34033,C,3129
110285,Customer_10285,cust10285@masked.com,+XXX-XXX-2285,54,193837,A,3060
110286,Customer_10286,cust10286@masked.com,+XXX-XXX-2286,66,31555,B,3114
110287,Customer_10287,cust10287@masked.com,+XXX-XXX-2287,21,114471,A,3063
110288,Customer_10288,cust10288@masked.com,+XXX-XXX-2288,35,109355,E,3051
110289,Customer_10289,cust10289@masked.com,+XXX-XXX-2289,38,47631,A,3068
110290,Customer_10290,cust10290@masked.com,+XXX-XXX-2290,42,70400,B,3066
110291,Customer_10291,cust10291@masked.com,+XXX-XXX-2291,38,122249,D,3082
110292,Customer_10292,cust10292@masked.com,+XXX-XXX-2292,69,48902,B,3001
110293,Customer_10293,cust10293@masked.com,+XXX-XXX-2293,21,152797,A,3077
110294,Customer_10294,cust10294@masked.com,+XXX-XXX-2294,66,146514,B,3027
110295,Customer_10295,cust10295@masked.com,+XXX-XXX-2295,40,100573,A,3053
110296,Customer_10296,cust10296@masked.com,+XXX-XXX-2296,68,124146,A,3066
110297,Customer_10297,cust10297@masked.com,+XXX-XXX-2297,56,139490,A,3101
110298,Customer_10298,cust10298@masked.com,+XXX-XXX-2298,58,135200,B,3119
110299,Customer_10299,cust10299@masked.com,+XXX-XXX-2299,45,60039,D,3047
110300,Customer_10300,cust10300@masked.com,+XXX-XXX-2300,36,132488,C,3046
110301,Customer_10301,cust10301@masked.com,+XXX-XXX-2301,40,159245,C,3020
110302,Customer_10302,cust10302@masked.com,+XXX-XXX-2302,58,132528,A,3091
110303,Customer_10303,cust10303@masked.com,+XXX-XXX-2303,67,189928,B,3120
110304,Customer_10304,cust10304@masked.com,+XXX-XXX-2304,53,130942,D,3115
110305,Customer_10305,cust10305@masked.com,+XXX-XXX-2305,27,119106,A,3149
110306,Customer_10306,cust10306@masked.com,+XXX-XXX-2306,43,196578,D,3148
110307,Customer_10307,cust10307@masked.com,+XXX-XXX-2307,31,156460,B,3000
110308,Customer_10308,cust10308@masked.com,+XXX-XXX-2308,53,174995,D,3076
110309,Customer_10309,cust10309@masked.com,+XXX-XXX-2309,60,134509,B,3084
110310,Customer_10310,cust10310@masked.com,+XXX-XXX-2310,66,119205,B,3045
110311,Customer_10311,cust10311@masked.com,+XXX-XXX-2311,25,149785,D,3136
110312,Customer_10312,cust10312@masked.com,+XXX-XXX-2312,65,157948,D,3144
110313,Customer_10313,cust10313@masked.com,+XXX-XXX-2313,67,38172,B,3046
110314,Customer_10314,cust10314@masked.com,+XXX-XXX-2314,61,51664,E,3058
110315,Customer_10315,cust10315@masked.com,+XXX-XXX-2315,28,128808,A,3053
110316,Customer_10316,cust10316@masked.com,+XXX-XXX-2316,37,87235,A,3085
110317,Customer_10317,cust10317@masked.com,+XXX-XXX-2317,38,75830,C,3011
110318,Customer_10318,cust10318@masked.com,+XXX-XXX-2318,47,25749,C,3005
110319,Customer_10319,cust10319@masked.com,+XXX-XXX-2319,51,121297,E,3052
110320,Customer_10320,cust10320@masked.com,+XXX-XXX-2320,24,30734,B,3143
110321,Customer_10321,cust10321@masked.com,+XXX-XXX-2321,22,152666,A,3089
110322,Customer_10322,cust10322@masked.com,+XXX-XXX-2322,25,166310,C,3004
110323,Customer_10323,cust10323@masked.com,+XXX-XXX-2323,37,65819,B,3072
110324,Customer_10324,cust10324@masked.com,+XXX-XXX-2324,59,48248,B,3013
110325,Customer_10325,cust10325@masked.com,+XXX-XXX-2325,52,191748,B,3105
110326,Customer_10326,cust10326@masked.com,+XXX-XXX-2326,49,22902,A,3051
110327,Customer_10327,cust10327@masked.com,+XXX-XXX-2327,36,67434,B,3115
110328,Customer_10328,cust10328@masked.com,+XXX-XXX-2328,21,134103,B,3025
110329,Customer_10329,cust10329@masked.com,+XXX-XXX-2329,32,158477,C,3052
110330,Customer_10330,cust10330@masked.com,+XXX-XXX-2330,39,59815,C,3108
110331,Customer_10331,cust10331@masked.com,+XXX-XXX-2331,29,169795,A,3028
110332,Customer_10332,cust10332@masked.com,+XXX-XXX-2332,68,24521,A,3018
110333,Customer_10333,cust10333@masked.com,+XXX-XXX-2333,27,128838,B,3046
110334,Customer_10334,cust10334@masked.com,+XXX-XXX-2334,50,123232,A,3135
110335,Customer_10335,cust10335@masked.com,+XXX-XXX-2335,35,105547,C,3022
110336,Customer_10336,cust10336@masked.com,+XXX-XXX-2336,64,160108,E,3116
110337,Customer_10337,cust10337@masked.com,+XXX-XXX-2337,24,134349,C,3105
110338,Customer_10338,cust10338@masked.com,+XXX-XXX-2338,26,160324,C,3052
110339,Customer_10339,cust10339@masked.com,+XXX-XXX-2339,58,74797,B,3095
110340,Customer_10340,cust10340@masked.com,+XXX-XXX-2340,67,71833,B,3004
110341,Customer_10341,cust10341@masked.com,+XXX-XXX-2341,55,193452,D,3015
110342,Customer_10342,cust10342@masked.com,+XXX-XXX-2342,22,78093,E,3016
110343,Customer_10343,cust10343@masked.com,+XXX-XXX-2343,25,116651,B,3101
110344,Customer_10344,cust10344@masked.com,+XXX-XXX-2344,28,99414,B,3019
110345,Customer_10345,cust10345@masked.com,+XXX-XXX-2345,50,161211,D,3111
110346,Customer_10346,cust10346@masked.com,+XXX-XXX-2346,68,90126,A,3119
110347,Customer_10347,cust10347@masked.com,+XXX-XXX-2347,39,121778,D,3110
110348,Customer_10348,cust10348@masked.com,+XXX-XXX-2348,50,22973,D,3000
110349,Customer_10349,cust10349@masked.com,+XXX-XXX-2349,51,144249,A,3057
110350,Customer_10350,cust10350@masked.com,+XXX-XXX-2350,36,102958,E,3092
110351,Customer_10351,cust10351@masked.com,+XXX-XXX-2351,58,131645,E,3005
110352,Customer_10352,cust10352@masked.com,+XXX-XXX-2352,42,166460,E,3107
110353,Customer_10353,cust10353@masked.com,+XXX-XXX-2353,53,34495,B,3102
110354,Customer_10354,cust10354@masked.com,+XXX-XXX-2354,42,198845,B,3049
110355,Customer_10355,cust10355@masked.com,+XXX-XXX-2355,28,139410,C,3117
110356,Customer_10356,cust10356@masked.com,+XXX-XXX-2356,57,180015,B,3109
110357,Customer_10357,cust10357@masked.com,+XXX-XXX-2357,32,137585,A,3087
110358,Customer_10358,cust10358@masked.com,+XXX-XXX-2358,25,173775,B,3019
110359,Customer_10359,cust10359@masked.com,+XXX-XXX-2359,45,56070,C,3013
110360,Customer_10360,cust10360@masked.com,+XXX-XXX-2360,49,53563,A,3132
110361,Customer_10361,cust10361@masked.com,+XXX-XXX-2361,33,39193,B,3039
110362,Customer_10362,cust10362@masked.com,+XXX-XXX-2362,46,167922,A,3033
110363,Customer_10363,cust10363@masked.com,+XXX-XXX-2363,42,32727,C,3123
110364,Customer_10364,cust10364@masked.com,+XXX-XXX-2364,49,144234,C,3044
110365,Customer_10365,cust10365@masked.com,+XXX-XXX-2365,32,134960,A,3079
110366,Customer_10366,cust10366@masked.com,+XXX-XXX-2366,68,75460,E,3070
110367,Customer_10367,cust10367@masked.com,+XXX-XXX-2367,66,35218,A,3077
110368,Customer_10368,cust10368@masked.com,+XXX-XXX-2368,63,48444,C,3077
110369,Customer_10369,cust10369@masked.com,+XXX-XXX-2369,48,89187,D,3032
110370,Customer_10370,cust10370@masked.com,+XXX-XXX-2370,29,43519,D,3032
110371,Customer_10371,cust10371@masked.com,+XXX-XXX-2371,30,70107,A,3043
110372,Customer_10372,cust10372@masked.com,+XXX-XXX-2372,68,44281,D,3019
110373,Customer_10373,cust10373@masked.com,+XXX-XXX-2373,62,170865,D,3110
110374,Customer_10374,cust10374@masked.com,+XXX-XXX-2374,46,185759,C,3006
110375,Customer_10375,cust10375@masked.com,+XXX-XXX-2375,56,39316,B,3023
110376,Customer_10376,cust10376@masked.com,+XXX-XXX-2376,60,93915,A,3069
110377,Customer_10377,cust10377@masked.com,+XXX-XXX-2377,31,66554,C,3111
110378,Customer_10378,cust10378@masked.com,+XXX-XXX-2378,26,20207,B,3103
110379,Customer_10379,cust10379@masked.com,+XXX-XXX-2379,24,20073,D,3053
110380,Customer_10380,cust10380@masked.com,+XXX-XXX-2380,47,44427,B,3037
110381,Customer_10381,cust10381@masked.com,+XXX-XXX-2381,44,191401,C,3073
110382,Customer_10382,cust10382@masked.com,+XXX-XXX-2382,25,149513,A,3079
110383,Customer_10383,cust10383@masked.com,+XXX-XXX-2383,23,96347,A,3031
110384,Customer_10384,cust10384@masked.com,+XXX-XXX-2384,27,94777,A,3044
110385,Customer_10385,cust10385@masked.com,+XXX-XXX-2385,44,90505,A,3060
110386,Customer_10386,cust10386@masked.com,+XXX-XXX-2386,42,60472,C,3052
110387,Customer_10387,cust10387@masked.com,+XXX-XXX-2387,32,156961,D,3127
110388,Customer_10388,cust10388@masked.com,+XXX-XXX-2388,55,177529,C,3075
110389,Customer_10389,cust10389@masked.com,+XXX-XXX-2389,37,191859,C,3026
110390,Customer_10390,cust10390@masked.com,+XXX-XXX-2390,23,159778,C,3061
110391,Customer_10391,cust10391@masked.com,+XXX-XXX-2391,31,189759,B,3017
110392,Customer_10392,cust10392@masked.com,+XXX-XXX-2392,26,31520,B,3126
110393,Customer_10393,cust10393@masked.com,+XXX-XXX-2393,63,151351,B,3108
110394,Customer_10394,cust10394@masked.com,+XXX-XXX-2394,56,84305,C,3102
110395,Customer_10395,cust10395@masked.com,+XXX-XXX-2395,37,113098,A,3076
110396,Customer_10396,cust10396@masked.com,+XXX-XXX-2396,42,176203,A,3116
110397,Customer_10397,cust10397@masked.com,+XXX-XXX-2397,21,191301,C,3103
110398,Customer_10398,cust10398@masked.com,+XXX-XXX-2398,64,113491,E,3048
110399,Customer_10399,cust10399@masked.com,+XXX-XXX-2399,23,151362,C,3115
110400,Customer_10400,cust10400@masked.com,+XXX-XXX-2400,36,188720,D,3140
110401,Customer_10401,cust10401@masked.com,+XXX-XXX-2401,55,162137,C,3099
110402,Customer_10402,cust10402@masked.com,+XXX-XXX-2402,34,150351,B,3124
110403,Customer_10403,cust10403@masked.com,+XXX-XXX-2403,69,166474,C,3024
110404,Customer_10404,cust10404@masked.com,+XXX-XXX-2404,27,109903,D,3127
110405,Customer_10405,cust10405@masked.com,+XXX-XXX-2405,46,44107,B,3099
110406,Customer_10406,cust10406@masked.com,+XXX-XXX-2406,63,103542,B,3145
110407,Customer_10407,cust10407@masked.com,+XXX-XXX-2407,68,164101,B,3004
110408,Customer_10408,cust10408@masked.com,+XXX-XXX-2408,51,39935,B,3018
110409,Customer_10409,cust10409@masked.com,+XXX-XXX-2409,44,128507,D,3017
110410,Customer_10410,cust10410@masked.com,+XXX-XXX-2410,39,80033,B,3120
110411,Customer_10411,cust10411@masked.com,+XXX-XXX-2411,57,25257,B,3031
110412,Customer_10412,cust10412@masked.com,+XXX-XXX-2412,21,175730,D,3148
110413,Customer_10413,cust10413@masked.com,+XXX-XXX-2413,45,122299,C,3009
110414,Customer_10414,cust10414@masked.com,+XXX-XXX-2414,30,124110,C,3036
110415,Customer_10415,cust10415@masked.com,+XXX-XXX-2415,38,114358,D,3085
110416,Customer_10416,cust10416@masked.com,+XXX-XXX-2416,62,197071,B,3012
110417,Customer_10417,cust10417@masked.com,+XXX-XXX-2417,21,121996,C,3144
110418,Customer_10418,cust10418@masked.com,+XXX-XXX-2418,49,152829,A,3008
110419,Customer_10419,cust10419@masked.com,+XXX-XXX-2419,33,172411,A,3087
110420,Customer_10420,cust10420@masked.com,+XXX-XXX-2420,24,42846,B,3045
110421,Customer_10421,cust10421@masked.com,+XXX-XXX-2421,32,140652,B,3135
110422,Customer_10422,cust10422@masked.com,+XXX-XXX-2422,68,47915,E,3118
110423,Customer_10423,cust10423@masked.com,+XXX-XXX-2423,39,64617,E,3018
110424,Customer_10424,cust10424@masked.com,+XXX-XXX-2424,46,196242,D,3093
110425,Customer_10425,cust10425@masked.com,+XXX-XXX-2425,64,96880,B,3025
110426,Customer_10426,cust10426@masked.com,+XXX-XXX-2426,58,184565,E,3045
110427,Customer_10427,cust10427@masked.com,+XXX-XXX-2427,36,148526,C,3117
110428,Customer_10428,cust10428@masked.com,+XXX-XXX-2428,64,183151,B,3045
110429,Customer_10429,cust10429@masked.com,+XXX-XXX-2429,45,53875,C,3013
110430,Customer_10430,cust10430@masked.com,+XXX-XXX-2430,30,49558,A,3084
110431,Customer_10431,cust10431@masked.com,+XXX-XXX-2431,57,162089,A,3062
110432,Customer_10432,cust10432@masked.com,+XXX-XXX-2432,48,115017,D,3071
110433,Customer_10433,cust10433@masked.com,+XXX-XXX-2433,48,144720,C,3002
110434,Customer_10434,cust10434@masked.com,+XXX-XXX-2434,45,40732,B,3027
110435,Customer_10435,cust10435@masked.com,+XXX-XXX-2435,45,133141,C,3124
110436,Customer_10436,cust10436@masked.com,+XXX-XXX-2436,32,77238,D,3086
110437,Customer_10437,cust10437@masked.com,+XXX-XXX-2437,28,79839,C,3145
110438,Customer_10438,cust10438@masked.com,+XXX-XXX-2438,56,115504,B,3076
110439,Customer_10439,cust10439@masked.com,+XXX-XXX-2439,59,43457,A,3075
110440,Customer_10440,cust10440@masked.com,+XXX-XXX-2440,44,114056,B,3113
110441,Customer_10441,cust10441@masked.com,+XXX-XXX-2441,43,151896,E,3132
110442,Customer_10442,cust10442@masked.com,+XXX-XXX-2442,57,182645,B,3074
110443,Customer_10443,cust10443@masked.com,+XXX-XXX-2443,31,122906,B,3058
110444,Customer_10444,cust10444@masked.com,+XXX-XXX-2444,37,165539,B,3058
110445,Customer_10445,cust10445@masked.com,+XXX-XXX-2445,48,174948,D,3046
110446,Customer_10446,cust10446@masked.com,+XXX-XXX-2446,23,36734,C,3094
110447,Customer_10447,cust10447@masked.com,+XXX-XXX-2447,22,172658,C,3140
110448,Customer_10448,cust10448@masked.com,+XXX-XXX-2448,49,50659,B,3077
110449,Customer_10449,cust10449@masked.com,+XXX-XXX-2449,54,195317,A,3112
110450,Customer_10450,cust10450@masked.com,+XXX-XXX-2450,34,176482,E,3108
110451,Customer_10451,cust10451@masked.com,+XXX-XXX-2451,53,27894,E,3105
110452,Customer_10452,cust10452@masked.com,+XXX-XXX-2452,68,130317,E,3088
110453,Customer_10453,cust10453@masked.com,+XXX-XXX-2453,67,130167,E,3032
110454,Customer_10454,cust10454@masked.com,+XXX-XXX-2454,38,123295,D,3096
110455,Customer_10455,cust10455@masked.com,+XXX-XXX-2455,49,22509,C,3078
110456,Customer_10456,cust10456@masked.com,+XXX-XXX-2456,22,88208,D,3015
110457,Customer_10457,cust10457@masked.com,+XXX-XXX-2457,31,89694,C,3043
110458,Customer_10458,cust10458@masked.com,+XXX-XXX-2458,51,130592,A,3119
110459,Customer_10459,cust10459@masked.com,+XXX-XXX-2459,69,140925,B,3133
110460,Customer_10460,cust10460@masked.com,+XXX-XXX-2460,33,141714,E,3107
110461,Customer_10461,cust10461@masked.com,+XXX-XXX-2461,64,51171,B,3142
110462,Customer_10462,cust10462@masked.com,+XXX-XXX-2462,46,44525,D,3003
110463,Customer_10463,cust10463@masked.com,+XXX-XXX-2463,54,46513,A,3055
110464,Customer_10464,cust10464@masked.com,+XXX-XXX-2464,30,141867,B,3063
110465,Customer_10465,cust10465@masked.com,+XXX-XXX-2465,32,156869,B,3094
110466,Customer_10466,cust10466@masked.com,+XXX-XXX-2466,69,150467,A,3055
110467,Customer_10467,cust10467@masked.com,+XXX-XXX-2467,42,134447,A,3031
110468,Customer_10468,cust10468@masked.com,+XXX-XXX-2468,66,124384,A,3115
110469,Customer_10469,cust10469@masked.com,+XXX-XXX-2469,51,158818,D,3008
110470,Customer_10470,cust10470@masked.com,+XXX-XXX-2470,39,109254,A,3104
110471,Customer_10471,cust10471@masked.com,+XXX-XXX-2471,65,128797,B,3077
110472,Customer_10472,cust10472@masked.com,+XXX-XXX-2472,44,44316,A,3086
110473,Customer_10473,cust10473@masked.com,+XXX-XXX-2473,45,77077,C,3020
110474,Customer_10474,cust10474@masked.com,+XXX-XXX-2474,55,185434,C,3054
110475,Customer_10475,cust10475@masked.com,+XXX-XXX-2475,28,167406,C,3075
110476,Customer_10476,cust10476@masked.com,+XXX-XXX-2476,25,48880,B,3129
110477,Customer_10477,cust10477@masked.com,+XXX-XXX-2477,42,195329,A,3140
110478,Customer_10478,cust10478@masked.com,+XXX-XXX-2478,48,160745,C,3125
110479,Customer_10479,cust10479@masked.com,+XXX-XXX-2479,32,199685,D,3131
110480,Customer_10480,cust10480@masked.com,+XXX-XXX-2480,53,183793,A,3083
110481,Customer_10481,cust10481@masked.com,+XXX-XXX-2481,36,55950,B,3114
110482,Customer_10482,cust10482@masked.com,+XXX-XXX-2482,46,40829,B,3047
110483,Customer_10483,cust10483@masked.com,+XXX-XXX-2483,32,115564,A,3122
110484,Customer_10484,cust10484@masked.com,+XXX-XXX-2484,43,80495,C,3077
110485,Customer_10485,cust10485@masked.com,+XXX-XXX-2485,69,93107,C,3029
110486,Customer_10486,cust10486@masked.com,+XXX-XXX-2486,46,179435,A,3028
110487,Customer_10487,cust10487@masked.com,+XXX-XXX-2487,61,67068,B,3135
110488,Customer_10488,cust10488@masked.com,+XXX-XXX-2488,33,193805,E,3139
110489,Customer_10489,cust10489@masked.com,+XXX-XXX-2489,43,103271,D,3040
110490,Customer_10490,cust10490@masked.com,+XXX-XXX-2490,51,25613,D,3025
110491,Customer_10491,cust10491@masked.com,+XXX-XXX-2491,56,177678,B,3049
110492,Customer_10492,cust10492@masked.com,+XXX-XXX-2492,47,167667,C,3001
110493,Customer_10493,cust10493@masked.com,+XXX-XXX-2493,56,152346,B,3054
110494,Customer_10494,cust10494@masked.com,+XXX-XXX-2494,67,57030,A,3103
110495,Customer_10495,cust10495@masked.com,+XXX-XXX-2495,62,113726,B,3013
110496,Customer_10496,cust10496@masked.com,+XXX-XXX-2496,43,75119,C,3133
110497,Customer_10497,cust10497@masked.com,+XXX-XXX-2497,58,105654,B,3127
110498,Customer_10498,cust10498@masked.com,+XXX-XXX-2498,23,144065,D,3103
110499,Customer_10499,cust10499@masked.com,+XXX-XXX-2499,50,93311,A,3094
110500,Customer_10500,cust10500@masked.com,+XXX-XXX-2500,52,117552,B,3080
110501,Customer_10501,cust10501@masked.com,+XXX-XXX-2501,35,143754,A,3060
110502,Customer_10502,cust10502@masked.com,+XXX-XXX-2502,58,52279,B,3011
110503,Customer_10503,cust10503@masked.com,+XXX-XXX-2503,31,74690,A,3012
110504,Customer_10504,cust10504@masked.com,+XXX-XXX-2504,22,139190,B,3146
110505,Customer_10505,cust10505@masked.com,+XXX-XXX-2505,46,195495,B,3088
110506,Customer_10506,cust10506@masked.com,+XXX-XXX-2506,54,186325,B,3094
110507,Customer_10507,cust10507@masked.com,+XXX-XXX-2507,21,174710,C,3058
110508,Customer_10508,cust10508@masked.com,+XXX-XXX-2508,31,130996,B,3036
110509,Customer_10509,cust10509@masked.com,+XXX-XXX-2509,25,89906,C,3024
110510,Customer_10510,cust10510@masked.com,+XXX-XXX-2510,46,39782,C,3015
110511,Customer_10511,cust10511@masked.com,+XXX-XXX-2511,26,173711,B,3086
110512,Customer_10512,cust10512@masked.com,+XXX-XXX-2512,55,188727,D,3141
110513,Customer_10513,cust10513@masked.com,+XXX-XXX-2513,25,42829,C,3133
110514,Customer_10514,cust10514@masked.com,+XXX-XXX-2514,29,151404,B,3022
110515,Customer_10515,cust10515@masked.com,+XXX-XXX-2515,48,61986,E,3125
110516,Customer_10516,cust10516@masked.com,+XXX-XXX-2516,39,72385,D,3059
110517,Customer_10517,cust10517@masked.com,+XXX-XXX-2517,25,38616,E,3139
110518,Customer_10518,cust10518@masked.com,+XXX-XXX-2518,43,73109,C,3140
110519,Customer_10519,cust10519@masked.com,+XXX-XXX-2519,64,112729,B,3099
110520,Customer_10520,cust10520@masked.com,+XXX-XXX-2520,64,25282,B,3102
110521,Customer_10521,cust10521@masked.com,+XXX-XXX-2521,36,41524,C,3133
110522,Customer_10522,cust10522@masked.com,+XXX-XXX-2522,27,27744,E,3062
110523,Customer_10523,cust10523@masked.com,+XXX-XXX-2523,34,156769,C,3037
110524,Customer_10524,cust10524@masked.com,+XXX-XXX-2524,42,88905,D,3127
110525,Customer_10525,cust10525@masked.com,+XXX-XXX-2525,29,173898,B,3049
110526,Customer_10526,cust10526@masked.com,+XXX-XXX-2526,67,162617,B,3039
110527,Customer_10527,cust10527@masked.com,+XXX-XXX-2527,43,128482,D,3007
110528,Customer_10528,cust10528@masked.com,+XXX-XXX-2528,63,26553,D,3007
110529,Customer_10529,cust10529@masked.com,+XXX-XXX-2529,24,146343,E,3103
110530,Customer_10530,cust10530@masked.com,+XXX-XXX-2530,63,69316,D,3033
110531,Customer_10531,cust10531@masked.com,+XXX-XXX-2531,46,30183,B,3056
110532,Customer_10532,cust10532@masked.com,+XXX-XXX-2532,61,141937,C,3021
110533,Customer_10533,cust10533@masked.com,+XXX-XXX-2533,26,161003,D,3086
110534,Customer_10534,cust10534@masked.com,+XXX-XXX-2534,51,179907,C,3039
110535,Customer_10535,cust10535@masked.com,+XXX-XXX-2535,37,171671,B,3085
110536,Customer_10536,cust10536@masked.com,+XXX-XXX-2536,29,124706,B,3132
110537,Customer_10537,cust10537@masked.com,+XXX-XXX-2537,47,135815,C,3094
110538,Customer_10538,cust10538@masked.com,+XXX-XXX-2538,26,160833,A,3012
110539,Customer_10539,cust10539@masked.com,+XXX-XXX-2539,26,159133,C,3027
110540,Customer_10540,cust10540@masked.com,+XXX-XXX-2540,24,20368,A,3083
110541,Customer_10541,cust10541@masked.com,+XXX-XXX-2541,63,146277,B,3061
110542,Customer_10542,cust10542@masked.com,+XXX-XXX-2542,23,75015,D,3092
110543,Customer_10543,cust10543@masked.com,+XXX-XXX-2543,44,25304,B,3086
110544,Customer_10544,cust10544@masked.com,+XXX-XXX-2544,38,75689,D,3023
110545,Customer_10545,cust10545@masked.com,+XXX-XXX-2545,52,199616,B,3097
110546,Customer_10546,cust10546@masked.com,+XXX-XXX-2546,68,48806,E,3006
110547,Customer_10547,cust10547@masked.com,+XXX-XXX-2547,41,71244,A,3036
110548,Customer_10548,cust10548@masked.com,+XXX-XXX-2548,68,84412,A,3067
110549,Customer_10549,cust10549@masked.com,+XXX-XXX-2549,49,20594,D,3085
110550,Customer_10550,cust10550@masked.com,+XXX-XXX-2550,52,37829,D,3132
110551,Customer_10551,cust10551@masked.com,+XXX-XXX-2551,45,171078,B,3086
110552,Customer_10552,cust10552@masked.com,+XXX-XXX-2552,32,184605,E,3014
110553,Customer_10553,cust10553@masked.com,+XXX-XXX-2553,66,42424,C,3122
110554,Customer_10554,cust10554@masked.com,+XXX-XXX-2554,29,178864,E,3106
110555,Customer_10555,cust10555@masked.com,+XXX-XXX-2555,27,144220,C,3088
110556,Customer_10556,cust10556@masked.com,+XXX-XXX-2556,34,190276,B,3124
110557,Customer_10557,cust10557@masked.com,+XXX-XXX-2557,40,41015,B,3112
110558,Customer_10558,cust10558@masked.com,+XXX-XXX-2558,40,45209,B,3136
110559,Customer_10559,cust10559@masked.com,+XXX-XXX-2559,30,140880,C,3149
110560,Customer_10560,cust10560@masked.com,+XXX-XXX-2560,31,142841,B,3106
110561,Customer_10561,cust10561@masked.com,+XXX-XXX-2561,59,41140,A,3086
110562,Customer_10562,cust10562@masked.com,+XXX-XXX-2562,39,125144,B,3067
110563,Customer_10563,cust10563@masked.com,+XXX-XXX-2563,39,79816,A,3014
110564,Customer_10564,cust10564@masked.com,+XXX-XXX-2564,63,123154,D,3064
110565,Customer_10565,cust10565@masked.com,+XXX-XXX-2565,26,103813,C,3053
110566,Customer_10566,cust10566@masked.com,+XXX-XXX-2566,28,67764,D,3092
110567,Customer_10567,cust10567@masked.com,+XXX-XXX-2567,21,112227,E,3019
110568,Customer_10568,cust10568@masked.com,+XXX-XXX-2568,43,102428,C,3032
110569,Customer_10569,cust10569@masked.com,+XXX-XXX-2569,60,91889,E,3099
110570,Customer_10570,cust10570@masked.com,+XXX-XXX-2570,57,22751,B,3076
110571,Customer_10571,cust10571@masked.com,+XXX-XXX-2571,30,66379,A,3134
110572,Customer_10572,cust10572@masked.com,+XXX-XXX-2572,22,30363,B,3135
110573,Customer_10573,cust10573@masked.com,+XXX-XXX-2573,56,39227,B,3106
110574,Customer_10574,cust10574@masked.com,+XXX-XXX-2574,22,94019,D,3119
110575,Customer_10575,cust10575@masked.com,+XXX-XXX-2575,35,180164,C,3073
110576,Customer_10576,cust10576@masked.com,+XXX-XXX-2576,40,128414,B,3010
110577,Customer_10577,cust10577@masked.com,+XXX-XXX-2577,62,135499,C,3030
110578,Customer_10578,cust10578@masked.com,+XXX-XXX-2578,41,136785,C,3011
110579,Customer_10579,cust10579@masked.com,+XXX-XXX-2579,50,128505,A,3123
110580,Customer_10580,cust10580@masked.com,+XXX-XXX-2580,44,69008,C,3077
110581,Customer_10581,cust10581@masked.com,+XXX-XXX-2581,22,179990,D,3095
110582,Customer_10582,cust10582@masked.com,+XXX-XXX-2582,58,86185,D,3049
110583,Customer_10583,cust10583@masked.com,+XXX-XXX-2583,42,118864,C,3116
110584,Customer_10584,cust10584@masked.com,+XXX-XXX-2584,49,198247,B,3016
110585,Customer_10585,cust10585@masked.com,+XXX-XXX-2585,34,61729,A,3128
110586,Customer_10586,cust10586@masked.com,+XXX-XXX-2586,25,52034,B,3063
110587,Customer_10587,cust10587@masked.com,+XXX-XXX-2587,44,86039,D,3131
110588,Customer_10588,cust10588@masked.com,+XXX-XXX-2588,46,45203,B,3086
110589,Customer_10589,cust10589@masked.com,+XXX-XXX-2589,22,34996,B,3015
110590,Customer_10590,cust10590@masked.com,+XXX-XXX-2590,66,129880,E,3062
110591,Customer_10591,cust10591@masked.com,+XXX-XXX-2591,65,52602,D,3075
110592,Customer_10592,cust10592@masked.com,+XXX-XXX-2592,54,47935,C,3084
110593,Customer_10593,cust10593@masked.com,+XXX-XXX-2593,43,50425,A,3108
110594,Customer_10594,cust10594@masked.com,+XXX-XXX-2594,61,141339,A,3016
110595,Customer_10595,cust10595@masked.com,+XXX-XXX-2595,55,82534,A,3140
110596,Customer_10596,cust10596@masked.com,+XXX-XXX-2596,35,65216,C,3057
110597,Customer_10597,cust10597@masked.com,+XXX-XXX-2597,23,99632,A,3078
110598,Customer_10598,cust10598@masked.com,+XXX-XXX-2598,32,54942,D,3060
110599,Customer_10599,cust10599@masked.com,+XXX-XXX-2599,58,23527,E,3112
110600,Customer_10600,cust10600@masked.com,+XXX-XXX-2600,37,33993,B,3120
110601,Customer_10601,cust10601@masked.com,+XXX-XXX-2601,58,50224,B,3033
110602,Customer_10602,cust10602@masked.com,+XXX-XXX-2602,47,25423,C,3069
110603,Customer_10603,cust10603@masked.com,+XXX-XXX-2603,39,47113,E,3016
110604,Customer_10604,cust10604@masked.com,+XXX-XXX-2604,69,63246,D,3019
110605,Customer_10605,cust10605@masked.com,+XXX-XXX-2605,68,46833,A,3058
110606,Customer_10606,cust10606@masked.com,+XXX-XXX-2606,41,165379,A,3068
110607,Customer_10607,cust10607@masked.com,+XXX-XXX-2607,60,35928,D,3101
110608,Customer_10608,cust10608@masked.com,+XXX-XXX-2608,44,141190,C,3119
110609,Customer_10609,cust10609@masked.com,+XXX-XXX-2609,44,66268,A,3144
110610,Customer_10610,cust10610@masked.com,+XXX-XXX-2610,39,80924,C,3056
110611,Customer_10611,cust10611@masked.com,+XXX-XXX-2611,51,109643,D,3082
110612,Customer_10612,cust10612@masked.com,+XXX-XXX-2612,60,101814,A,3128
110613,Customer_10613,cust10613@masked.com,+XXX-XXX-2613,40,177643,D,3012
110614,Customer_10614,cust10614@masked.com,+XXX-XXX-2614,35,94361,A,3005
110615,Customer_10615,cust10615@masked.com,+XXX-XXX-2615,60,44372,D,3096
110616,Customer_10616,cust10616@masked.com,+XXX-XXX-2616,55,69652,C,3093
110617,Customer_10617,cust10617@masked.com,+XXX-XXX-2617,68,198487,B,3109
110618,Customer_10618,cust10618@masked.com,+XXX-XXX-2618,55,21563,C,3137
110619,Customer_10619,cust10619@masked.com,+XXX-XXX-2619,53,40459,D,3050
110620,Customer_10620,cust10620@masked.com,+XXX-XXX-2620,60,109606,E,3146
110621,Customer_10621,cust10621@masked.com,+XXX-XXX-2621,61,109219,B,3050
110622,Customer_10622,cust10622@masked.com,+XXX-XXX-2622,64,167975,C,3086
110623,Customer_10623,cust10623@masked.com,+XXX-XXX-2623,38,62877,C,3067
110624,Customer_10624,cust10624@masked.com,+XXX-XXX-2624,37,54096,C,3083
110625,Customer_10625,cust10625@masked.com,+XXX-XXX-2625,28,174652,D,3041
110626,Customer_10626,cust10626@masked.com,+XXX-XXX-2626,40,34134,A,3056
110627,Customer_10627,cust10627@masked.com,+XXX-XXX-2627,31,192964,B,3061
110628,Customer_10628,cust10628@masked.com,+XXX-XXX-2628,50,43902,C,3006
110629,Customer_10629,cust10629@masked.com,+XXX-XXX-2629,47,46117,A,3111
110630,Customer_10630,cust10630@masked.com,+XXX-XXX-2630,59,22766,D,3025
110631,Customer_10631,cust10631@masked.com,+XXX-XXX-2631,34,71979,C,3018
110632,Customer_10632,cust10632@masked.com,+XXX-XXX-2632,62,180813,B,3008
110633,Customer_10633,cust10633@masked.com,+XXX-XXX-2633,35,117520,D,3060
110634,Customer_10634,cust10634@masked.com,+XXX-XXX-2634,32,162372,B,3019
110635,Customer_10635,cust10635@masked.com,+XXX-XXX-2635,40,46360,C,3105
110636,Customer_10636,cust10636@masked.com,+XXX-XXX-2636,37,25605,A,3049
110637,Customer_10637,cust10637@masked.com,+XXX-XXX-2637,60,119437,B,3080
110638,Customer_10638,cust10638@masked.com,+XXX-XXX-2638,46,64349,A,3149
110639,Customer_10639,cust10639@masked.com,+XXX-XXX-2639,34,136546,C,3140
110640,Customer_10640,cust10640@masked.com,+XXX-XXX-2640,45,75371,B,3139
110641,Customer_10641,cust10641@masked.com,+XXX-XXX-2641,46,146733,B,3009
110642,Customer_10642,cust10642@masked.com,+XXX-XXX-2642,67,57473,B,3064
110643,Customer_10643,cust10643@masked.com,+XXX-XXX-2643,45,140305,A,3007
110644,Customer_10644,cust10644@masked.com,+XXX-XXX-2644,45,122878,E,3148
110645,Customer_10645,cust10645@masked.com,+XXX-XXX-2645,47,36294,A,3021
110646,Customer_10646,cust10646@masked.com,+XXX-XXX-2646,63,24683,D,3017
110647,Customer_10647,cust10647@masked.com,+XXX-XXX-2647,32,146745,C,3008
110648,Customer_10648,cust10648@masked.com,+XXX-XXX-2648,40,120715,C,3053
110649,Customer_10649,cust10649@masked.com,+XXX-XXX-2649,36,53076,B,3025
110650,Customer_10650,cust10650@masked.com,+XXX-XXX-2650,45,171818,E,3093
110651,Customer_10651,cust10651@masked.com,+XXX-XXX-2651,47,91712,B,3099
110652,Customer_10652,cust10652@masked.com,+XXX-XXX-2652,38,120136,C,3025
110653,Customer_10653,cust10653@masked.com,+XXX-XXX-2653,30,42567,E,3033
110654,Customer_10654,cust10654@masked.com,+XXX-XXX-2654,50,98509,D,3007
110655,Customer_10655,cust10655@masked.com,+XXX-XXX-2655,21,190719,C,3137
110656,Customer_10656,cust10656@masked.com,+XXX-XXX-2656,24,36094,E,3047
110657,Customer_10657,cust10657@masked.com,+XXX-XXX-2657,43,42794,C,3106
110658,Customer_10658,cust10658@masked.com,+XXX-XXX-2658,27,22000,A,3053
110659,Customer_10659,cust10659@masked.com,+XXX-XXX-2659,50,159930,B,3118
110660,Customer_10660,cust10660@masked.com,+XXX-XXX-2660,46,85287,B,3142
110661,Customer_10661,cust10661@masked.com,+XXX-XXX-2661,21,185524,B,3080
110662,Customer_10662,cust10662@masked.com,+XXX-XXX-2662,49,101120,D,3145
110663,Customer_10663,cust10663@masked.com,+XXX-XXX-2663,45,189457,C,3095
110664,Customer_10664,cust10664@masked.com,+XXX-XXX-2664,60,26782,A,3101
110665,Customer_10665,cust10665@masked.com,+XXX-XXX-2665,46,121380,D,3061
110666,Customer_10666,cust10666@masked.com,+XXX-XXX-2666,37,156188,B,3045
110667,Customer_10667,cust10667@masked.com,+XXX-XXX-2667,51,61405,E,3086
110668,Customer_10668,cust10668@masked.com,+XXX-XXX-2668,28,155455,E,3098
110669,Customer_10669,cust10669@masked.com,+XXX-XXX-2669,25,45657,E,3038
110670,Customer_10670,cust10670@masked.com,+XXX-XXX-2670,21,173242,D,3142
110671,Customer_10671,cust10671@masked.com,+XXX-XXX-2671,35,164153,B,3052
110672,Customer_10672,cust10672@masked.com,+XXX-XXX-2672,56,89287,C,3079
110673,Customer_10673,cust10673@masked.com,+XXX-XXX-2673,27,66620,B,3015
110674,Customer_10674,cust10674@masked.com,+XXX-XXX-2674,66,151016,B,3103
110675,Customer_10675,cust10675@masked.com,+XXX-XXX-2675,64,117361,C,3069
110676,Customer_10676,cust10676@masked.com,+XXX-XXX-2676,47,131366,A,3140
110677,Customer_10677,cust10677@masked.com,+XXX-XXX-2677,55,27785,E,3107
110678,Customer_10678,cust10678@masked.com,+XXX-XXX-2678,47,32564,D,3046
110679,Customer_10679,cust10679@masked.com,+XXX-XXX-2679,40,42479,B,3008
110680,Customer_10680,cust10680@masked.com,+XXX-XXX-2680,38,147938,C,3033
110681,Customer_10681,cust10681@masked.com,+XXX-XXX-2681,60,178431,B,3085
110682,Customer_10682,cust10682@masked.com,+XXX-XXX-2682,22,110225,D,3114
110683,Customer_10683,cust10683@masked.com,+XXX-XXX-2683,50,165564,C,3063
110684,Customer_10684,cust10684@masked.com,+XXX-XXX-2684,58,168468,B,3033
110685,Customer_10685,cust10685@masked.com,+XXX-XXX-2685,50,142084,B,3011
110686,Customer_10686,cust10686@masked.com,+XXX-XXX-2686,27,48259,B,3096
110687,Customer_10687,cust10687@masked.com,+XXX-XXX-2687,59,83742,E,3120
110688,Customer_10688,cust10688@masked.com,+XXX-XXX-2688,33,60302,A,3140
110689,Customer_10689,cust10689@masked.com,+XXX-XXX-2689,53,145982,A,3086
110690,Customer_10690,cust10690@masked.com,+XXX-XXX-2690,60,138891,D,3101
110691,Customer_10691,cust10691@masked.com,+XXX-XXX-2691,50,73529,D,3095
110692,Customer_10692,cust10692@masked.com,+XXX-XXX-2692,50,153740,D,3113
110693,Customer_10693,cust10693@masked.com,+XXX-XXX-2693,43,42917,C,3046
110694,Customer_10694,cust10694@masked.com,+XXX-XXX-2694,65,183356,C,3057
110695,Customer_10695,cust10695@masked.com,+XXX-XXX-2695,44,112688,C,3132
110696,Customer_10696,cust10696@masked.com,+XXX-XXX-2696,40,196122,A,3120
110697,Customer_10697,cust10697@masked.com,+XXX-XXX-2697,48,177075,C,3117
110698,Customer_10698,cust10698@masked.com,+XXX-XXX-2698,39,121545,A,3004
110699,Customer_10699,cust10699@masked.com,+XXX-XXX-2699,69,86413,B,3095
110700,Customer_10700,cust10700@masked.com,+XXX-XXX-2700,33,135886,E,3020
110701,Customer_10701,cust10701@masked.com,+XXX-XXX-2701,36,166505,B,3127
110702,Customer_10702,cust10702@masked.com,+XXX-XXX-2702,35,53221,E,3123
110703,Customer_10703,cust10703@masked.com,+XXX-XXX-2703,31,136831,B,3145
110704,Customer_10704,cust10704@masked.com,+XXX-XXX-2704,32,130081,B,3020
110705,Customer_10705,cust10705@masked.com,+XXX-XXX-2705,42,190185,C,3053
110706,Customer_10706,cust10706@masked.com,+XXX-XXX-2706,45,125508,D,3137
110707,Customer_10707,cust10707@masked.com,+XXX-XXX-2707,23,163450,C,3103
110708,Customer_10708,cust10708@masked.com,+XXX-XXX-2708,44,164018,D,3110
110709,Customer_10709,cust10709@masked.com,+XXX-XXX-2709,45,29103,A,3115
110710,Customer_10710,cust10710@masked.com,+XXX-XXX-2710,29,132892,E,3056
110711,Customer_10711,cust10711@masked.com,+XXX-XXX-2711,48,111579,A,3127
110712,Customer_10712,cust10712@masked.com,+XXX-XXX-2712,66,151512,D,3149
110713,Customer_10713,cust10713@masked.com,+XXX-XXX-2713,50,119299,B,3119
110714,Customer_10714,cust10714@masked.com,+XXX-XXX-2714,27,87647,D,3069
110715,Customer_10715,cust10715@masked.com,+XXX-XXX-2715,31,56868,C,3094
110716,Customer_10716,cust10716@masked.com,+XXX-XXX-2716,30,58983,A,3098
110717,Customer_10717,cust10717@masked.com,+XXX-XXX-2717,23,56236,D,3041
110718,Customer_10718,cust10718@masked.com,+XXX-XXX-2718,39,131208,B,3069
110719,Customer_10719,cust10719@masked.com,+XXX-XXX-2719,22,59241,B,3001
110720,Customer_10720,cust10720@masked.com,+XXX-XXX-2720,37,166979,D,3144
110721,Customer_10721,cust10721@masked.com,+XXX-XXX-2721,49,41650,A,3108
110722,Customer_10722,cust10722@masked.com,+XXX-XXX-2722,22,150462,B,3064
110723,Customer_10723,cust10723@masked.com,+XXX-XXX-2723,36,163103,C,3069
110724,Customer_10724,cust10724@masked.com,+XXX-XXX-2724,69,68867,D,3068
110725,Customer_10725,cust10725@masked.com,+XXX-XXX-2725,30,75644,A,3120
110726,Customer_10726,cust10726@masked.com,+XXX-XXX-2726,24,24460,C,3108
110727,Customer_10727,cust10727@masked.com,+XXX-XXX-2727,63,51135,C,3059
110728,Customer_10728,cust10728@masked.com,+XXX-XXX-2728,46,114832,D,3092
110729,Customer_10729,cust10729@masked.com,+XXX-XXX-2729,69,131098,E,3011
110730,Customer_10730,cust10730@masked.com,+XXX-XXX-2730,44,28714,D,3102
110731,Customer_10731,cust10731@masked.com,+XXX-XXX-2731,32,176353,C,3111
110732,Customer_10732,cust10732@masked.com,+XXX-XXX-2732,41,85785,B,3064
110733,Customer_10733,cust10733@masked.com,+XXX-XXX-2733,62,188184,A,3047
110734,Customer_10734,cust10734@masked.com,+XXX-XXX-2734,36,26591,C,3087
110735,Customer_10735,cust10735@masked.com,+XXX-XXX-2735,56,46402,E,3061
110736,Customer_10736,cust10736@masked.com,+XXX-XXX-2736,55,128626,C,3043
110737,Customer_10737,cust10737@masked.com,+XXX-XXX-2737,29,93244,A,3146
110738,Customer_10738,cust10738@masked.com,+XXX-XXX-2738,26,195510,B,3135
110739,Customer_10739,cust10739@masked.com,+XXX-XXX-2739,64,26482,C,3054
110740,Customer_10740,cust10740@masked.com,+XXX-XXX-2740,21,108158,C,3107
110741,Customer_10741,cust10741@masked.com,+XXX-XXX-2741,34,149935,C,3046
110742,Customer_10742,cust10742@masked.com,+XXX-XXX-2742,44,64953,C,3001
110743,Customer_10743,cust10743@masked.com,+XXX-XXX-2743,30,182326,B,3112
110744,Customer_10744,cust10744@masked.com,+XXX-XXX-2744,38,141784,E,3010
110745,Customer_10745,cust10745@masked.com,+XXX-XXX-2745,65,119208,C,3137
110746,Customer_10746,cust10746@masked.com,+XXX-XXX-2746,29,41426,B,3111
110747,Customer_10747,cust10747@masked.com,+XXX-XXX-2747,47,104059,B,3089
110748,Customer_10748,cust10748@masked.com,+XXX-XXX-2748,39,156215,E,3054
110749,Customer_10749,cust10749@masked.com,+XXX-XXX-2749,56,150865,D,3147
110750,Customer_10750,cust10750@masked.com,+XXX-XXX-2750,23,89683,B,3016
110751,Customer_10751,cust10751@masked.com,+XXX-XXX-2751,58,198886,A,3067
110752,Customer_10752,cust10752@masked.com,+XXX-XXX-2752,29,87883,A,3132
110753,Customer_10753,cust10753@masked.com,+XXX-XXX-2753,30,67448,B,3051
110754,Customer_10754,cust10754@masked.com,+XXX-XXX-2754,29,74653,C,3137
110755,Customer_10755,cust10755@masked.com,+XXX-XXX-2755,37,171084,C,3096
110756,Customer_10756,cust10756@masked.com,+XXX-XXX-2756,62,198611,C,3047
110757,Customer_10757,cust10757@masked.com,+XXX-XXX-2757,58,34720,C,3028
110758,Customer_10758,cust10758@masked.com,+XXX-XXX-2758,68,45430,A,3026
110759,Customer_10759,cust10759@masked.com,+XXX-XXX-2759,69,164755,A,3145
110760,Customer_10760,cust10760@masked.com,+XXX-XXX-2760,63,77063,B,3103
110761,Customer_10761,cust10761@masked.com,+XXX-XXX-2761,40,146929,A,3059
110762,Customer_10762,cust10762@masked.com,+XXX-XXX-2762,27,112479,A,3105
110763,Customer_10763,cust10763@masked.com,+XXX-XXX-2763,24,192270,C,3068
110764,Customer_10764,cust10764@masked.com,+XXX-XXX-2764,30,26535,D,3113
110765,Customer_10765,cust10765@masked.com,+XXX-XXX-2765,41,116225,D,3020
110766,Customer_10766,cust10766@masked.com,+XXX-XXX-2766,34,83402,D,3101
110767,Customer_10767,cust10767@masked.com,+XXX-XXX-2767,45,26156,C,3130
110768,Customer_10768,cust10768@masked.com,+XXX-XXX-2768,37,84896,C,3094
110769,Customer_10769,cust10769@masked.com,+XXX-XXX-2769,48,188476,B,3104
110770,Customer_10770,cust10770@masked.com,+XXX-XXX-2770,34,100561,E,3124
110771,Customer_10771,cust10771@masked.com,+XXX-XXX-2771,33,193348,A,3001
110772,Customer_10772,cust10772@masked.com,+XXX-XXX-2772,54,38688,A,3065
110773,Customer_10773,cust10773@masked.com,+XXX-XXX-2773,61,151179,B,3112
110774,Customer_10774,cust10774@masked.com,+XXX-XXX-2774,23,185444,E,3041
110775,Customer_10775,cust10775@masked.com,+XXX-XXX-2775,24,71060,E,3019
110776,Customer_10776,cust10776@masked.com,+XXX-XXX-2776,64,85199,D,3096
110777,Customer_10777,cust10777@masked.com,+XXX-XXX-2777,35,136918,C,3067
110778,Customer_10778,cust10778@masked.com,+XXX-XXX-2778,40,146657,C,3074
110779,Customer_10779,cust10779@masked.com,+XXX-XXX-2779,28,44942,E,3124
110780,Customer_10780,cust10780@masked.com,+XXX-XXX-2780,25,174619,C,3046
110781,Customer_10781,cust10781@masked.com,+XXX-XXX-2781,22,147806,E,3004
110782,Customer_10782,cust10782@masked.com,+XXX-XXX-2782,48,178557,B,3048
110783,Customer_10783,cust10783@masked.com,+XXX-XXX-2783,42,72746,B,3123
110784,Customer_10784,cust10784@masked.com,+XXX-XXX-2784,29,22921,D,3036
110785,Customer_10785,cust10785@masked.com,+XXX-XXX-2785,48,84770,A,3145
110786,Customer_10786,cust10786@masked.com,+XXX-XXX-2786,66,114380,E,3018
110787,Customer_10787,cust10787@masked.com,+XXX-XXX-2787,21,21740,C,3039
110788,Customer_10788,cust10788@masked.com,+XXX-XXX-2788,56,157212,E,3016
110789,Customer_10789,cust10789@masked.com,+XXX-XXX-2789,69,81880,B,3098
110790,Customer_10790,cust10790@masked.com,+XXX-XXX-2790,62,128942,C,3092
110791,Customer_10791,cust10791@masked.com,+XXX-XXX-2791,22,80853,B,3041
110792,Customer_10792,cust10792@masked.com,+XXX-XXX-2792,58,45460,C,3122
110793,Customer_10793,cust10793@masked.com,+XXX-XXX-2793,46,26993,C,3106
110794,Customer_10794,cust10794@masked.com,+XXX-XXX-2794,51,146399,E,3071
110795,Customer_10795,cust10795@masked.com,+XXX-XXX-2795,61,74741,C,3064
110796,Customer_10796,cust10796@masked.com,+XXX-XXX-2796,39,27005,B,3108
110797,Customer_10797,cust10797@masked.com,+XXX-XXX-2797,51,177687,D,3052
110798,Customer_10798,cust10798@masked.com,+XXX-XXX-2798,29,170018,B,3134
110799,Customer_10799,cust10799@masked.com,+XXX-XXX-2799,23,70412,B,3132
110800,Customer_10800,cust10800@masked.com,+XXX-XXX-2800,58,100387,A,3023
110801,Customer_10801,cust10801@masked.com,+XXX-XXX-2801,26,164271,D,3027
110802,Customer_10802,cust10802@masked.com,+XXX-XXX-2802,69,117115,B,3061
110803,Customer_10803,cust10803@masked.com,+XXX-XXX-2803,65,141927,B,3016
110804,Customer_10804,cust10804@masked.com,+XXX-XXX-2804,65,181973,E,3019
110805,Customer_10805,cust10805@masked.com,+XXX-XXX-2805,27,43823,D,3002
110806,Customer_10806,cust10806@masked.com,+XXX-XXX-2806,61,22334,A,3142
110807,Customer_10807,cust10807@masked.com,+XXX-XXX-2807,45,124534,D,3050
110808,Customer_10808,cust10808@masked.com,+XXX-XXX-2808,45,143265,D,3135
110809,Customer_10809,cust10809@masked.com,+XXX-XXX-2809,21,68200,A,3140
110810,Customer_10810,cust10810@masked.com,+XXX-XXX-2810,42,86138,D,3002
110811,Customer_10811,cust10811@masked.com,+XXX-XXX-2811,40,85196,C,3072
110812,Customer_10812,cust10812@masked.com,+XXX-XXX-2812,33,68437,C,3104
110813,Customer_10813,cust10813@masked.com,+XXX-XXX-2813,60,166106,B,3117
110814,Customer_10814,cust10814@masked.com,+XXX-XXX-2814,41,135130,C,3033
110815,Customer_10815,cust10815@masked.com,+XXX-XXX-2815,43,181685,A,3136
110816,Customer_10816,cust10816@masked.com,+XXX-XXX-2816,61,96360,D,3061
110817,Customer_10817,cust10817@masked.com,+XXX-XXX-2817,53,91392,A,3119
110818,Customer_10818,cust10818@masked.com,+XXX-XXX-2818,29,163231,B,3114
110819,Customer_10819,cust10819@masked.com,+XXX-XXX-2819,49,39685,A,3012
110820,Customer_10820,cust10820@masked.com,+XXX-XXX-2820,52,153373,D,3068
110821,Customer_10821,cust10821@masked.com,+XXX-XXX-2821,31,174551,B,3076
110822,Customer_10822,cust10822@masked.com,+XXX-XXX-2822,56,139138,B,3000
110823,Customer_10823,cust10823@masked.com,+XXX-XXX-2823,49,34073,B,3088
110824,Customer_10824,cust10824@masked.com,+XXX-XXX-2824,68,23566,D,3046
110825,Customer_10825,cust10825@masked.com,+XXX-XXX-2825,51,42937,B,3003
110826,Customer_10826,cust10826@masked.com,+XXX-XXX-2826,34,101094,D,3009
110827,Customer_10827,cust10827@masked.com,+XXX-XXX-2827,45,71628,A,3027
110828,Customer_10828,cust10828@masked.com,+XXX-XXX-2828,46,84075,A,3120
110829,Customer_10829,cust10829@masked.com,+XXX-XXX-2829,42,27120,C,3125
110830,Customer_10830,cust10830@masked.com,+XXX-XXX-2830,29,51636,E,3133
110831,Customer_10831,cust10831@masked.com,+XXX-XXX-2831,53,138698,A,3139
110832,Customer_10832,cust10832@masked.com,+XXX-XXX-2832,43,38773,A,3061
110833,Customer_10833,cust10833@masked.com,+XXX-XXX-2833,55,149497,A,3066
110834,Customer_10834,cust10834@masked.com,+XXX-XXX-2834,40,169286,C,3073
110835,Customer_10835,cust10835@masked.com,+XXX-XXX-2835,53,124844,B,3094
110836,Customer_10836,cust10836@masked.com,+XXX-XXX-2836,55,105993,D,3142
110837,Customer_10837,cust10837@masked.com,+XXX-XXX-2837,66,82508,A,3035
110838,Customer_10838,cust10838@masked.com,+XXX-XXX-2838,50,113526,A,3141
110839,Customer_10839,cust10839@masked.com,+XXX-XXX-2839,66,41213,B,3111
110840,Customer_10840,cust10840@masked.com,+XXX-XXX-2840,50,126358,C,3130
110841,Customer_10841,cust10841@masked.com,+XXX-XXX-2841,42,49712,C,3112
110842,Customer_10842,cust10842@masked.com,+XXX-XXX-2842,65,192627,A,3109
110843,Customer_10843,cust10843@masked.com,+XXX-XXX-2843,21,77534,E,3113
110844,Customer_10844,cust10844@masked.com,+XXX-XXX-2844,35,166928,B,3066
110845,Customer_10845,cust10845@masked.com,+XXX-XXX-2845,45,75070,C,3125
110846,Customer_10846,cust10846@masked.com,+XXX-XXX-2846,40,40151,C,3085
110847,Customer_10847,cust10847@masked.com,+XXX-XXX-2847,27,103025,B,3018
110848,Customer_10848,cust10848@masked.com,+XXX-XXX-2848,36,88391,D,3068
110849,Customer_10849,cust10849@masked.com,+XXX-XXX-2849,43,104079,D,3009
110850,Customer_10850,cust10850@masked.com,+XXX-XXX-2850,41,165201,B,3140
110851,Customer_10851,cust10851@masked.com,+XXX-XXX-2851,21,66998,C,3127
110852,Customer_10852,cust10852@masked.com,+XXX-XXX-2852,67,40530,B,3098
110853,Customer_10853,cust10853@masked.com,+XXX-XXX-2853,40,176453,C,3031
110854,Customer_10854,cust10854@masked.com,+XXX-XXX-2854,67,122095,B,3111
110855,Customer_10855,cust10855@masked.com,+XXX-XXX-2855,39,62760,D,3023
110856,Customer_10856,cust10856@masked.com,+XXX-XXX-2856,26,169363,A,3034
110857,Customer_10857,cust10857@masked.com,+XXX-XXX-2857,58,184976,A,3082
110858,Customer_10858,cust10858@masked.com,+XXX-XXX-2858,52,40515,B,3069
110859,Customer_10859,cust10859@masked.com,+XXX-XXX-2859,21,20622,A,3108
110860,Customer_10860,cust10860@masked.com,+XXX-XXX-2860,50,149706,C,3098
110861,Customer_10861,cust10861@masked.com,+XXX-XXX-2861,36,27245,A,3032
110862,Customer_10862,cust10862@masked.com,+XXX-XXX-2862,47,107579,D,3055
110863,Customer_10863,cust10863@masked.com,+XXX-XXX-2863,38,100831,B,3146
110864,Customer_10864,cust10864@masked.com,+XXX-XXX-2864,33,83532,C,3011
110865,Customer_10865,cust10865@masked.com,+XXX-XXX-2865,64,123272,C,3010
110866,Customer_10866,cust10866@masked.com,+XXX-XXX-2866,48,58191,E,3069
110867,Customer_10867,cust10867@masked.com,+XXX-XXX-2867,30,86951,E,3139
110868,Customer_10868,cust10868@masked.com,+XXX-XXX-2868,34,125101,D,3040
110869,Customer_10869,cust10869@masked.com,+XXX-XXX-2869,49,122566,D,3105
110870,Customer_10870,cust10870@masked.com,+XXX-XXX-2870,31,119992,B,3002
110871,Customer_10871,cust10871@masked.com,+XXX-XXX-2871,47,24158,D,3002
110872,Customer_10872,cust10872@masked.com,+XXX-XXX-2872,64,44122,E,3083
110873,Customer_10873,cust10873@masked.com,+XXX-XXX-2873,37,126698,A,3106
110874,Customer_10874,cust10874@masked.com,+XXX-XXX-2874,23,78882,C,3133
110875,Customer_10875,cust10875@masked.com,+XXX-XXX-2875,51,134214,A,3019
110876,Customer_10876,cust10876@masked.com,+XXX-XXX-2876,41,116533,C,3138
110877,Customer_10877,cust10877@masked.com,+XXX-XXX-2877,53,78899,B,3095
110878,Customer_10878,cust10878@masked.com,+XXX-XXX-2878,21,38834,C,3123
110879,Customer_10879,cust10879@masked.com,+XXX-XXX-2879,26,131756,C,3020
110880,Customer_10880,cust10880@masked.com,+XXX-XXX-2880,24,157562,E,3113
110881,Customer_10881,cust10881@masked.com,+XXX-XXX-2881,42,61746,C,3012
110882,Customer_10882,cust10882@masked.com,+XXX-XXX-2882,33,29167,D,3085
110883,Customer_10883,cust10883@masked.com,+XXX-XXX-2883,64,39330,B,3034
110884,Customer_10884,cust10884@masked.com,+XXX-XXX-2884,50,95927,B,3046
110885,Customer_10885,cust10885@masked.com,+XXX-XXX-2885,60,179525,B,3148
110886,Customer_10886,cust10886@masked.com,+XXX-XXX-2886,46,165335,B,3145
110887,Customer_10887,cust10887@masked.com,+XXX-XXX-2887,59,178927,B,3124
110888,Customer_10888,cust10888@masked.com,+XXX-XXX-2888,59,142404,C,3109
110889,Customer_10889,cust10889@masked.com,+XXX-XXX-2889,27,56843,C,3036
110890,Customer_10890,cust10890@masked.com,+XXX-XXX-2890,34,140784,C,3020
110891,Customer_10891,cust10891@masked.com,+XXX-XXX-2891,46,143216,B,3013
110892,Customer_10892,cust10892@masked.com,+XXX-XXX-2892,38,129435,B,3090
110893,Customer_10893,cust10893@masked.com,+XXX-XXX-2893,44,99278,C,3059
110894,Customer_10894,cust10894@masked.com,+XXX-XXX-2894,45,169992,A,3123
110895,Customer_10895,cust10895@masked.com,+XXX-XXX-2895,52,118969,B,3022
110896,Customer_10896,cust10896@masked.com,+XXX-XXX-2896,26,149129,A,3110
110897,Customer_10897,cust10897@masked.com,+XXX-XXX-2897,36,152304,A,3123
110898,Customer_10898,cust10898@masked.com,+XXX-XXX-2898,23,97515,B,3029
110899,Customer_10899,cust10899@masked.com,+XXX-XXX-2899,41,44311,A,3114
110900,Customer_10900,cust10900@masked.com,+XXX-XXX-2900,52,117627,B,3089
110901,Customer_10901,cust10901@masked.com,+XXX-XXX-2901,22,95489,C,3037
110902,Customer_10902,cust10902@masked.com,+XXX-XXX-2902,67,50767,A,3082
110903,Customer_10903,cust10903@masked.com,+XXX-XXX-2903,40,108094,B,3026
110904,Customer_10904,cust10904@masked.com,+XXX-XXX-2904,31,81110,D,3103
110905,Customer_10905,cust10905@masked.com,+XXX-XXX-2905,38,40954,D,3115
110906,Customer_10906,cust10906@masked.com,+XXX-XXX-2906,31,27424,B,3014
110907,Customer_10907,cust10907@masked.com,+XXX-XXX-2907,55,91898,E,3002
110908,Customer_10908,cust10908@masked.com,+XXX-XXX-2908,56,166911,B,3009
110909,Customer_10909,cust10909@masked.com,+XXX-XXX-2909,58,90074,A,3119
110910,Customer_10910,cust10910@masked.com,+XXX-XXX-2910,32,197802,E,3144
110911,Customer_10911,cust10911@masked.com,+XXX-XXX-2911,51,26644,D,3127
110912,Customer_10912,cust10912@masked.com,+XXX-XXX-2912,56,43778,B,3010
110913,Customer_10913,cust10913@masked.com,+XXX-XXX-2913,50,51488,C,3132
110914,Customer_10914,cust10914@masked.com,+XXX-XXX-2914,64,155422,C,3068
110915,Customer_10915,cust10915@masked.com,+XXX-XXX-2915,24,151141,A,3063
110916,Customer_10916,cust10916@masked.com,+XXX-XXX-2916,22,182246,A,3013
110917,Customer_10917,cust10917@masked.com,+XXX-XXX-2917,64,176225,B,3049
110918,Customer_10918,cust10918@masked.com,+XXX-XXX-2918,33,27169,D,3071
110919,Customer_10919,cust10919@masked.com,+XXX-XXX-2919,46,149348,A,3068
110920,Customer_10920,cust10920@masked.com,+XXX-XXX-2920,49,164140,D,3134
110921,Customer_10921,cust10921@masked.com,+XXX-XXX-2921,68,164210,A,3126
110922,Customer_10922,cust10922@masked.com,+XXX-XXX-2922,56,140622,B,3015
110923,Customer_10923,cust10923@masked.com,+XXX-XXX-2923,48,152578,C,3077
110924,Customer_10924,cust10924@masked.com,+XXX-XXX-2924,28,163352,C,3100
110925,Customer_10925,cust10925@masked.com,+XXX-XXX-2925,25,50865,A,3055
110926,Customer_10926,cust10926@masked.com,+XXX-XXX-2926,52,119952,B,3104
110927,Customer_10927,cust10927@masked.com,+XXX-XXX-2927,50,165183,C,3131
110928,Customer_10928,cust10928@masked.com,+XXX-XXX-2928,34,55935,A,3047
110929,Customer_10929,cust10929@masked.com,+XXX-XXX-2929,67,104468,A,3016
110930,Customer_10930,cust10930@masked.com,+XXX-XXX-2930,63,25523,C,3110
110931,Customer_10931,cust10931@masked.com,+XXX-XXX-2931,30,102139,C,3069
110932,Customer_10932,cust10932@masked.com,+XXX-XXX-2932,30,73349,A,3079
110933,Customer_10933,cust10933@masked.com,+XXX-XXX-2933,26,132293,C,3092
110934,Customer_10934,cust10934@masked.com,+XXX-XXX-2934,36,157989,D,3037
110935,Customer_10935,cust10935@masked.com,+XXX-XXX-2935,46,87585,A,3100
110936,Customer_10936,cust10936@masked.com,+XXX-XXX-2936,41,187625,C,3061
110937,Customer_10937,cust10937@masked.com,+XXX-XXX-2937,56,138600,A,3120
110938,Customer_10938,cust10938@masked.com,+XXX-XXX-2938,61,61730,A,3047
110939,Customer_10939,cust10939@masked.com,+XXX-XXX-2939,62,82273,A,3009
110940,Customer_10940,cust10940@masked.com,+XXX-XXX-2940,50,135427,B,3035
110941,Customer_10941,cust10941@masked.com,+XXX-XXX-2941,25,40679,D,3003
110942,Customer_10942,cust10942@masked.com,+XXX-XXX-2942,30,116200,B,3043
110943,Customer_10943,cust10943@masked.com,+XXX-XXX-2943,68,40505,C,3055
110944,Customer_10944,cust10944@masked.com,+XXX-XXX-2944,51,194049,B,3041
110945,Customer_10945,cust10945@masked.com,+XXX-XXX-2945,31,117218,B,3113
110946,Customer_10946,cust10946@masked.com,+XXX-XXX-2946,58,33642,C,3140
110947,Customer_10947,cust10947@masked.com,+XXX-XXX-2947,27,141688,D,3020
110948,Customer_10948,cust10948@masked.com,+XXX-XXX-2948,32,135197,D,3078
110949,Customer_10949,cust10949@masked.com,+XXX-XXX-2949,65,103915,D,3068
110950,Customer_10950,cust10950@masked.com,+XXX-XXX-2950,69,184854,B,3069
110951,Customer_10951,cust10951@masked.com,+XXX-XXX-2951,61,105021,D,3066
110952,Customer_10952,cust10952@masked.com,+XXX-XXX-2952,28,102842,A,3047
110953,Customer_10953,cust10953@masked.com,+XXX-XXX-2953,48,128287,C,3035
110954,Customer_10954,cust10954@masked.com,+XXX-XXX-2954,36,123731,E,3148
110955,Customer_10955,cust10955@masked.com,+XXX-XXX-2955,23,159284,A,3026
110956,Customer_10956,cust10956@masked.com,+XXX-XXX-2956,57,37448,B,3071
110957,Customer_10957,cust10957@masked.com,+XXX-XXX-2957,52,107931,C,3100
110958,Customer_10958,cust10958@masked.com,+XXX-XXX-2958,41,132113,C,3095
110959,Customer_10959,cust10959@masked.com,+XXX-XXX-2959,65,38283,A,3127
110960,Customer_10960,cust10960@masked.com,+XXX-XXX-2960,38,118294,E,3025
110961,Customer_10961,cust10961@masked.com,+XXX-XXX-2961,68,70118,C,3065
110962,Customer_10962,cust10962@masked.com,+XXX-XXX-2962,66,140471,A,3139
110963,Customer_10963,cust10963@masked.com,+XXX-XXX-2963,31,45089,A,3021
110964,Customer_10964,cust10964@masked.com,+XXX-XXX-2964,28,187414,D,3016
110965,Customer_10965,cust10965@masked.com,+XXX-XXX-2965,32,20040,A,3006
110966,Customer_10966,cust10966@masked.com,+XXX-XXX-2966,22,190821,A,3106
110967,Customer_10967,cust10967@masked.com,+XXX-XXX-2967,61,84172,C,3067
110968,Customer_10968,cust10968@masked.com,+XXX-XXX-2968,42,61992,C,3127
110969,Customer_10969,cust10969@masked.com,+XXX-XXX-2969,29,185659,C,3036
110970,Customer_10970,cust10970@masked.com,+XXX-XXX-2970,34,100894,B,3037
110971,Customer_10971,cust10971@masked.com,+XXX-XXX-2971,35,69279,D,3095
110972,Customer_10972,cust10972@masked.com,+XXX-XXX-2972,31,104498,E,3138
110973,Customer_10973,cust10973@masked.com,+XXX-XXX-2973,33,116195,B,3000
110974,Customer_10974,cust10974@masked.com,+XXX-XXX-2974,48,51363,C,3041
110975,Customer_10975,cust10975@masked.com,+XXX-XXX-2975,45,32812,E,3062
110976,Customer_10976,cust10976@masked.com,+XXX-XXX-2976,57,101912,C,3080
110977,Customer_10977,cust10977@masked.com,+XXX-XXX-2977,26,49428,C,3007
110978,Customer_10978,cust10978@masked.com,+XXX-XXX-2978,57,44321,B,3026
110979,Customer_10979,cust10979@masked.com,+XXX-XXX-2979,53,29085,C,3051
110980,Customer_10980,cust10980@masked.com,+XXX-XXX-2980,45,88342,C,3145
110981,Customer_10981,cust10981@masked.com,+XXX-XXX-2981,43,174532,C,3090
110982,Customer_10982,cust10982@masked.com,+XXX-XXX-2982,28,189527,E,3085
110983,Customer_10983,cust10983@masked.com,+XXX-XXX-2983,37,80157,A,3015
110984,Customer_10984,cust10984@masked.com,+XXX-XXX-2984,51,115795,A,3065
110985,Customer_10985,cust10985@masked.com,+XXX-XXX-2985,46,70939,A,3004
110986,Customer_10986,cust10986@masked.com,+XXX-XXX-2986,31,30440,C,3081
110987,Customer_10987,cust10987@masked.com,+XXX-XXX-2987,50,194440,A,3130
110988,Customer_10988,cust10988@masked.com,+XXX-XXX-2988,31,153251,C,3117
110989,Customer_10989,cust10989@masked.com,+XXX-XXX-2989,23,121427,B,3080
110990,Customer_10990,cust10990@masked.com,+XXX-XXX-2990,60,25665,B,3069
110991,Customer_10991,cust10991@masked.com,+XXX-XXX-2991,60,126517,A,3114
110992,Customer_10992,cust10992@masked.com,+XXX-XXX-2992,41,23390,D,3006
110993,Customer_10993,cust10993@masked.com,+XXX-XXX-2993,55,28359,C,3049
110994,Customer_10994,cust10994@masked.com,+XXX-XXX-2994,48,94600,E,3141
110995,Customer_10995,cust10995@masked.com,+XXX-XXX-2995,42,152853,C,3110
110996,Customer_10996,cust10996@masked.com,+XXX-XXX-2996,62,148566,A,3046
110997,Customer_10997,cust10997@masked.com,+XXX-XXX-2997,66,45972,A,3111
110998,Customer_10998,cust10998@masked.com,+XXX-XXX-2998,38,110743,E,3042
110999,Customer_10999,cust10999@masked.com,+XXX-XXX-2999,43,169057,C,3090
111000,Customer_11000,cust11000@masked.com,+XXX-XXX-3000,46,120167,A,3028
111001,Customer_11001,cust11001@masked.com,+XXX-XXX-3001,55,76485,C,3127
111002,Customer_11002,cust11002@masked.com,+XXX-XXX-3002,49,119025,B,3132
111003,Customer_11003,cust11003@masked.com,+XXX-XXX-3003,66,150972,B,3095
111004,Customer_11004,cust11004@masked.com,+XXX-XXX-3004,31,92778,A,3116
111005,Customer_11005,cust11005@masked.com,+XXX-XXX-3005,62,97064,D,3069
111006,Customer_11006,cust11006@masked.com,+XXX-XXX-3006,66,191693,A,3129
111007,Customer_11007,cust11007@masked.com,+XXX-XXX-3007,21,69394,B,3069
111008,Customer_11008,cust11008@masked.com,+XXX-XXX-3008,36,92441,B,3109
111009,Customer_11009,cust11009@masked.com,+XXX-XXX-3009,45,90174,A,3131
111010,Customer_11010,cust11010@masked.com,+XXX-XXX-3010,58,122676,C,3055
111011,Customer_11011,cust11011@masked.com,+XXX-XXX-3011,38,73797,A,3088
111012,Customer_11012,cust11012@masked.com,+XXX-XXX-3012,36,77746,B,3136
111013,Customer_11013,cust11013@masked.com,+XXX-XXX-3013,39,182441,E,3130
111014,Customer_11014,cust11014@masked.com,+XXX-XXX-3014,36,70605,B,3099
111015,Customer_11015,cust11015@masked.com,+XXX-XXX-3015,25,176644,B,3128
111016,Customer_11016,cust11016@masked.com,+XXX-XXX-3016,47,188011,B,3056
111017,Customer_11017,cust11017@masked.com,+XXX-XXX-3017,64,173938,C,3143
111018,Customer_11018,cust11018@masked.com,+XXX-XXX-3018,26,76060,D,3050
111019,Customer_11019,cust11019@masked.com,+XXX-XXX-3019,54,173025,A,3111
111020,Customer_11020,cust11020@masked.com,+XXX-XXX-3020,36,67141,D,3103
111021,Customer_11021,cust11021@masked.com,+XXX-XXX-3021,43,130909,D,3126
111022,Customer_11022,cust11022@masked.com,+XXX-XXX-3022,63,23501,C,3054
111023,Customer_11023,cust11023@masked.com,+XXX-XXX-3023,64,86722,A,3000
111024,Customer_11024,cust11024@masked.com,+XXX-XXX-3024,52,119685,A,3089
111025,Customer_11025,cust11025@masked.com,+XXX-XXX-3025,63,67018,C,3052
111026,Customer_11026,cust11026@masked.com,+XXX-XXX-3026,43,84127,D,3072
111027,Customer_11027,cust11027@masked.com,+XXX-XXX-3027,40,79198,C,3107
111028,Customer_11028,cust11028@masked.com,+XXX-XXX-3028,39,169360,A,3149
111029,Customer_11029,cust11029@masked.com,+XXX-XXX-3029,49,32225,A,3007
111030,Customer_11030,cust11030@masked.com,+XXX-XXX-3030,28,152824,C,3041
111031,Customer_11031,cust11031@masked.com,+XXX-XXX-3031,49,177385,C,3024
111032,Customer_11032,cust11032@masked.com,+XXX-XXX-3032,38,146889,A,3037
111033,Customer_11033,cust11033@masked.com,+XXX-XXX-3033,25,107191,A,3084
111034,Customer_11034,cust11034@masked.com,+XXX-XXX-3034,32,118841,B,3023
111035,Customer_11035,cust11035@masked.com,+XXX-XXX-3035,30,76734,C,3059
111036,Customer_11036,cust11036@masked.com,+XXX-XXX-3036,67,38774,C,3110
111037,Customer_11037,cust11037@masked.com,+XXX-XXX-3037,57,177437,D,3065
111038,Customer_11038,cust11038@masked.com,+XXX-XXX-3038,37,134049,C,3141
111039,Customer_11039,cust11039@masked.com,+XXX-XXX-3039,52,94918,A,3052
111040,Customer_11040,cust11040@masked.com,+XXX-XXX-3040,24,122240,C,3105
111041,Customer_11041,cust11041@masked.com,+XXX-XXX-3041,51,103415,E,3095
111042,Customer_11042,cust11042@masked.com,+XXX-XXX-3042,46,183044,D,3038
111043,Customer_11043,cust11043@masked.com,+XXX-XXX-3043,32,58984,D,3041
111044,Customer_11044,cust11044@masked.com,+XXX-XXX-3044,38,40907,B,3110
111045,Customer_11045,cust11045@masked.com,+XXX-XXX-3045,28,23370,D,3103
111046,Customer_11046,cust11046@masked.com,+XXX-XXX-3046,52,156898,D,3076
111047,Customer_11047,cust11047@masked.com,+XXX-XXX-3047,40,73227,C,3007
111048,Customer_11048,cust11048@masked.com,+XXX-XXX-3048,69,24695,B,3025
111049,Customer_11049,cust11049@masked.com,+XXX-XXX-3049,60,52864,E,3139
111050,Customer_11050,cust11050@masked.com,+XXX-XXX-3050,33,98301,B,3042
111051,Customer_11051,cust11051@masked.com,+XXX-XXX-3051,43,148677,A,3109
111052,Customer_11052,cust11052@masked.com,+XXX-XXX-3052,23,81930,A,3099
111053,Customer_11053,cust11053@masked.com,+XXX-XXX-3053,55,78663,C,3062
111054,Customer_11054,cust11054@masked.com,+XXX-XXX-3054,59,73653,B,3048
111055,Customer_11055,cust11055@masked.com,+XXX-XXX-3055,41,104414,A,3114
111056,Customer_11056,cust11056@masked.com,+XXX-XXX-3056,27,24043,C,3136
111057,Customer_11057,cust11057@masked.com,+XXX-XXX-3057,46,33586,D,3064
111058,Customer_11058,cust11058@masked.com,+XXX-XXX-3058,43,52630,C,3070
111059,Customer_11059,cust11059@masked.com,+XXX-XXX-3059,52,67530,A,3006
111060,Customer_11060,cust11060@masked.com,+XXX-XXX-3060,22,22897,C,3079
111061,Customer_11061,cust11061@masked.com,+XXX-XXX-3061,59,22030,A,3066
111062,Customer_11062,cust11062@masked.com,+XXX-XXX-3062,22,101205,B,3137
111063,Customer_11063,cust11063@masked.com,+XXX-XXX-3063,59,165434,B,3100
111064,Customer_11064,cust11064@masked.com,+XXX-XXX-3064,66,62636,D,3094
111065,Customer_11065,cust11065@masked.com,+XXX-XXX-3065,35,145998,B,3086
111066,Customer_11066,cust11066@masked.com,+XXX-XXX-3066,36,92135,A,3090
111067,Customer_11067,cust11067@masked.com,+XXX-XXX-3067,46,52879,B,3102
111068,Customer_11068,cust11068@masked.com,+XXX-XXX-3068,28,149770,B,3125
111069,Customer_11069,cust11069@masked.com,+XXX-XXX-3069,36,113846,E,3112
111070,Customer_11070,cust11070@masked.com,+XXX-XXX-3070,41,57238,E,3003
111071,Customer_11071,cust11071@masked.com,+XXX-XXX-3071,59,99162,A,3087
111072,Customer_11072,cust11072@masked.com,+XXX-XXX-3072,31,176492,A,3002
111073,Customer_11073,cust11073@masked.com,+XXX-XXX-3073,44,120477,A,3090
111074,Customer_11074,cust11074@masked.com,+XXX-XXX-3074,56,154150,D,3002
111075,Customer_11075,cust11075@masked.com,+XXX-XXX-3075,38,145489,A,3080
111076,Customer_11076,cust11076@masked.com,+XXX-XXX-3076,43,86919,A,3137
111077,Customer_11077,cust11077@masked.com,+XXX-XXX-3077,33,59489,C,3093
111078,Customer_11078,cust11078@masked.com,+XXX-XXX-3078,69,23970,B,3125
111079,Customer_11079,cust11079@masked.com,+XXX-XXX-3079,64,55579,A,3112
111080,Customer_11080,cust11080@masked.com,+XXX-XXX-3080,62,34006,B,3148
111081,Customer_11081,cust11081@masked.com,+XXX-XXX-3081,59,172351,B,3099
111082,Customer_11082,cust11082@masked.com,+XXX-XXX-3082,64,99477,C,3052
111083,Customer_11083,cust11083@masked.com,+XXX-XXX-3083,64,133035,E,3086
111084,Customer_11084,cust11084@masked.com,+XXX-XXX-3084,65,119209,A,3088
111085,Customer_11085,cust11085@masked.com,+XXX-XXX-3085,21,136570,B,3053
111086,Customer_11086,cust11086@masked.com,+XXX-XXX-3086,27,150836,E,3019
111087,Customer_11087,cust11087@masked.com,+XXX-XXX-3087,68,164787,D,3112
111088,Customer_11088,cust11088@masked.com,+XXX-XXX-3088,68,198552,B,3048
111089,Customer_11089,cust11089@masked.com,+XXX-XXX-3089,41,147634,C,3134
111090,Customer_11090,cust11090@masked.com,+XXX-XXX-3090,36,61500,A,3028
111091,Customer_11091,cust11091@masked.com,+XXX-XXX-3091,68,32607,C,3047
111092,Customer_11092,cust11092@masked.com,+XXX-XXX-3092,34,67328,E,3012
111093,Customer_11093,cust11093@masked.com,+XXX-XXX-3093,63,102375,C,3002
111094,Customer_11094,cust11094@masked.com,+XXX-XXX-3094,63,118954,B,3001
111095,Customer_11095,cust11095@masked.com,+XXX-XXX-3095,22,111424,A,3015
111096,Customer_11096,cust11096@masked.com,+XXX-XXX-3096,51,73664,C,3093
111097,Customer_11097,cust11097@masked.com,+XXX-XXX-3097,59,192835,C,3101
111098,Customer_11098,cust11098@masked.com,+XXX-XXX-3098,29,78141,C,3133
111099,Customer_11099,cust11099@masked.com,+XXX-XXX-3099,61,187224,A,3044
111100,Customer_11100,cust11100@masked.com,+XXX-XXX-3100,34,188544,C,3070
111101,Customer_11101,cust11101@masked.com,+XXX-XXX-3101,30,183465,C,3132
111102,Customer_11102,cust11102@masked.com,+XXX-XXX-3102,68,194872,A,3055
111103,Customer_11103,cust11103@masked.com,+XXX-XXX-3103,44,74879,A,3126
111104,Customer_11104,cust11104@masked.com,+XXX-XXX-3104,53,85475,B,3031
111105,Customer_11105,cust11105@masked.com,+XXX-XXX-3105,54,31254,C,3048
111106,Customer_11106,cust11106@masked.com,+XXX-XXX-3106,40,84634,C,3012
111107,Customer_11107,cust11107@masked.com,+XXX-XXX-3107,48,36102,D,3024
111108,Customer_11108,cust11108@masked.com,+XXX-XXX-3108,24,39029,B,3059
111109,Customer_11109,cust11109@masked.com,+XXX-XXX-3109,54,172885,D,3058
111110,Customer_11110,cust11110@masked.com,+XXX-XXX-3110,24,80978,C,3057
111111,Customer_11111,cust11111@masked.com,+XXX-XXX-3111,26,84739,B,3019
111112,Customer_11112,cust11112@masked.com,+XXX-XXX-3112,42,153125,A,3132
111113,Customer_11113,cust11113@masked.com,+XXX-XXX-3113,24,170970,B,3056
111114,Customer_11114,cust11114@masked.com,+XXX-XXX-3114,25,118613,E,3053
111115,Customer_11115,cust11115@masked.com,+XXX-XXX-3115,31,143664,B,3111
111116,Customer_11116,cust11116@masked.com,+XXX-XXX-3116,65,181689,B,3085
111117,Customer_11117,cust11117@masked.com,+XXX-XXX-3117,55,100727,A,3036
111118,Customer_11118,cust11118@masked.com,+XXX-XXX-3118,39,41384,D,3083
111119,Customer_11119,cust11119@masked.com,+XXX-XXX-3119,31,118067,B,3047
111120,Customer_11120,cust11120@masked.com,+XXX-XXX-3120,31,117029,B,3117
111121,Customer_11121,cust11121@masked.com,+XXX-XXX-3121,47,107414,B,3047
111122,Customer_11122,cust11122@masked.com,+XXX-XXX-3122,22,68373,B,3111
111123,Customer_11123,cust11123@masked.com,+XXX-XXX-3123,67,29519,B,3109
111124,Customer_11124,cust11124@masked.com,+XXX-XXX-3124,28,185088,C,3005
111125,Customer_11125,cust11125@masked.com,+XXX-XXX-3125,54,111561,D,3077
111126,Customer_11126,cust11126@masked.com,+XXX-XXX-3126,60,180969,D,3022
111127,Customer_11127,cust11127@masked.com,+XXX-XXX-3127,40,140724,D,3125
111128,Customer_11128,cust11128@masked.com,+XXX-XXX-3128,43,110262,A,3083
111129,Customer_11129,cust11129@masked.com,+XXX-XXX-3129,35,82584,D,3012
111130,Customer_11130,cust11130@masked.com,+XXX-XXX-3130,68,26384,A,3046
111131,Customer_11131,cust11131@masked.com,+XXX-XXX-3131,33,199970,A,3043
111132,Customer_11132,cust11132@masked.com,+XXX-XXX-3132,51,187513,E,3104
111133,Customer_11133,cust11133@masked.com,+XXX-XXX-3133,69,142785,D,3013
111134,Customer_11134,cust11134@masked.com,+XXX-XXX-3134,66,57917,C,3120
111135,Customer_11135,cust11135@masked.com,+XXX-XXX-3135,34,26608,D,3035
111136,Customer_11136,cust11136@masked.com,+XXX-XXX-3136,21,168850,E,3007
111137,Customer_11137,cust11137@masked.com,+XXX-XXX-3137,47,38089,C,3149
111138,Customer_11138,cust11138@masked.com,+XXX-XXX-3138,53,62132,C,3015
111139,Customer_11139,cust11139@masked.com,+XXX-XXX-3139,55,159863,D,3090
111140,Customer_11140,cust11140@masked.com,+XXX-XXX-3140,35,105424,B,3119
111141,Customer_11141,cust11141@masked.com,+XXX-XXX-3141,25,105935,A,3059
111142,Customer_11142,cust11142@masked.com,+XXX-XXX-3142,57,70648,D,3009
111143,Customer_11143,cust11143@masked.com,+XXX-XXX-3143,24,190546,B,3030
111144,Customer_11144,cust11144@masked.com,+XXX-XXX-3144,66,64077,A,3020
111145,Customer_11145,cust11145@masked.com,+XXX-XXX-3145,40,157843,B,3080
111146,Customer_11146,cust11146@masked.com,+XXX-XXX-3146,59,76858,B,3032
111147,Customer_11147,cust11147@masked.com,+XXX-XXX-3147,42,49278,E,3030
111148,Customer_11148,cust11148@masked.com,+XXX-XXX-3148,44,36238,C,3148
111149,Customer_11149,cust11149@masked.com,+XXX-XXX-3149,67,176082,C,3035
111150,Customer_11150,cust11150@masked.com,+XXX-XXX-3150,31,153730,E,3131
111151,Customer_11151,cust11151@masked.com,+XXX-XXX-3151,66,162963,D,3067
111152,Customer_11152,cust11152@masked.com,+XXX-XXX-3152,26,186163,C,3089
111153,Customer_11153,cust11153@masked.com,+XXX-XXX-3153,47,186735,D,3131
111154,Customer_11154,cust11154@masked.com,+XXX-XXX-3154,30,87067,B,3008
111155,Customer_11155,cust11155@masked.com,+XXX-XXX-3155,59,96894,B,3029
111156,Customer_11156,cust11156@masked.com,+XXX-XXX-3156,30,115942,B,3114
111157,Customer_11157,cust11157@masked.com,+XXX-XXX-3157,66,51623,C,3044
111158,Customer_11158,cust11158@masked.com,+XXX-XXX-3158,46,131258,C,3003
111159,Customer_11159,cust11159@masked.com,+XXX-XXX-3159,57,53549,C,3068
111160,Customer_11160,cust11160@masked.com,+XXX-XXX-3160,53,119729,C,3022
111161,Customer_11161,cust11161@masked.com,+XXX-XXX-3161,28,123232,A,3015
111162,Customer_11162,cust11162@masked.com,+XXX-XXX-3162,69,88087,A,3021
111163,Customer_11163,cust11163@masked.com,+XXX-XXX-3163,48,48062,C,3071
111164,Customer_11164,cust11164@masked.com,+XXX-XXX-3164,68,96051,A,3047
111165,Customer_11165,cust11165@masked.com,+XXX-XXX-3165,56,196453,C,3106
111166,Customer_11166,cust11166@masked.com,+XXX-XXX-3166,60,28704,C,3132
111167,Customer_11167,cust11167@masked.com,+XXX-XXX-3167,45,162482,C,3006
111168,Customer_11168,cust11168@masked.com,+XXX-XXX-3168,56,91974,B,3050
111169,Customer_11169,cust11169@masked.com,+XXX-XXX-3169,33,42902,C,3064
111170,Customer_11170,cust11170@masked.com,+XXX-XXX-3170,27,156858,D,3008
111171,Customer_11171,cust11171@masked.com,+XXX-XXX-3171,21,187991,E,3081
111172,Customer_11172,cust11172@masked.com,+XXX-XXX-3172,29,91629,D,3044
111173,Customer_11173,cust11173@masked.com,+XXX-XXX-3173,48,199425,C,3121
111174,Customer_11174,cust11174@masked.com,+XXX-XXX-3174,56,148518,A,3009
111175,Customer_11175,cust11175@masked.com,+XXX-XXX-3175,66,48691,C,3072
111176,Customer_11176,cust11176@masked.com,+XXX-XXX-3176,50,182974,E,3047
111177,Customer_11177,cust11177@masked.com,+XXX-XXX-3177,29,146421,A,3086
111178,Customer_11178,cust11178@masked.com,+XXX-XXX-3178,50,43118,B,3110
111179,Customer_11179,cust11179@masked.com,+XXX-XXX-3179,55,156088,A,3015
111180,Customer_11180,cust11180@masked.com,+XXX-XXX-3180,67,59277,C,3052
111181,Customer_11181,cust11181@masked.com,+XXX-XXX-3181,47,121264,B,3039
111182,Customer_11182,cust11182@masked.com,+XXX-XXX-3182,49,172399,A,3099
111183,Customer_11183,cust11183@masked.com,+XXX-XXX-3183,25,111364,D,3019
111184,Customer_11184,cust11184@masked.com,+XXX-XXX-3184,21,192756,C,3068
111185,Customer_11185,cust11185@masked.com,+XXX-XXX-3185,63,135447,B,3044
111186,Customer_11186,cust11186@masked.com,+XXX-XXX-3186,25,107158,B,3005
111187,Customer_11187,cust11187@masked.com,+XXX-XXX-3187,49,165274,B,3038
111188,Customer_11188,cust11188@masked.com,+XXX-XXX-3188,37,102146,B,3101
111189,Customer_11189,cust11189@masked.com,+XXX-XXX-3189,69,138066,B,3129
111190,Customer_11190,cust11190@masked.com,+XXX-XXX-3190,57,144411,C,3106
111191,Customer_11191,cust11191@masked.com,+XXX-XXX-3191,44,52054,D,3038
111192,Customer_11192,cust11192@masked.com,+XXX-XXX-3192,47,193876,C,3117
111193,Customer_11193,cust11193@masked.com,+XXX-XXX-3193,29,92978,B,3148
111194,Customer_11194,cust11194@masked.com,+XXX-XXX-3194,58,194700,C,3081
111195,Customer_11195,cust11195@masked.com,+XXX-XXX-3195,33,143676,D,3053
111196,Customer_11196,cust11196@masked.com,+XXX-XXX-3196,46,69015,A,3109
111197,Customer_11197,cust11197@masked.com,+XXX-XXX-3197,31,27624,A,3011
111198,Customer_11198,cust11198@masked.com,+XXX-XXX-3198,44,103699,C,3109
111199,Customer_11199,cust11199@masked.com,+XXX-XXX-3199,53,98720,C,3037
111200,Customer_11200,cust11200@masked.com,+XXX-XXX-3200,69,76215,A,3142
111201,Customer_11201,cust11201@masked.com,+XXX-XXX-3201,26,136066,C,3006
111202,Customer_11202,cust11202@masked.com,+XXX-XXX-3202,55,82639,C,3077
111203,Customer_11203,cust11203@masked.com,+XXX-XXX-3203,36,51973,E,3064
111204,Customer_11204,cust11204@masked.com,+XXX-XXX-3204,33,42091,A,3101
111205,Customer_11205,cust11205@masked.com,+XXX-XXX-3205,64,172898,D,3100
111206,Customer_11206,cust11206@masked.com,+XXX-XXX-3206,31,164054,A,3043
111207,Customer_11207,cust11207@masked.com,+XXX-XXX-3207,43,125233,C,3030
111208,Customer_11208,cust11208@masked.com,+XXX-XXX-3208,22,157492,C,3076
111209,Customer_11209,cust11209@masked.com,+XXX-XXX-3209,50,64770,B,3047
111210,Customer_11210,cust11210@masked.com,+XXX-XXX-3210,39,155103,D,3081
111211,Customer_11211,cust11211@masked.com,+XXX-XXX-3211,60,80068,A,3126
111212,Customer_11212,cust11212@masked.com,+XXX-XXX-3212,65,59128,C,3083
111213,Customer_11213,cust11213@masked.com,+XXX-XXX-3213,66,112349,A,3009
111214,Customer_11214,cust11214@masked.com,+XXX-XXX-3214,67,135729,C,3028
111215,Customer_11215,cust11215@masked.com,+XXX-XXX-3215,69,57607,A,3047
111216,Customer_11216,cust11216@masked.com,+XXX-XXX-3216,35,92887,D,3115
111217,Customer_11217,cust11217@masked.com,+XXX-XXX-3217,62,22100,D,3012
111218,Customer_11218,cust11218@masked.com,+XXX-XXX-3218,53,21737,D,3046
111219,Customer_11219,cust11219@masked.com,+XXX-XXX-3219,64,146549,A,3102
111220,Customer_11220,cust11220@masked.com,+XXX-XXX-3220,61,161182,C,3090
111221,Customer_11221,cust11221@masked.com,+XXX-XXX-3221,25,168848,A,3052
111222,Customer_11222,cust11222@masked.com,+XXX-XXX-3222,42,159511,D,3091
111223,Customer_11223,cust11223@masked.com,+XXX-XXX-3223,47,147152,C,3076
111224,Customer_11224,cust11224@masked.com,+XXX-XXX-3224,67,144565,C,3043
111225,Customer_11225,cust11225@masked.com,+XXX-XXX-3225,55,46507,C,3001
111226,Customer_11226,cust11226@masked.com,+XXX-XXX-3226,39,180032,A,3100
111227,Customer_11227,cust11227@masked.com,+XXX-XXX-3227,59,73678,C,3056
111228,Customer_11228,cust11228@masked.com,+XXX-XXX-3228,27,149599,B,3056
111229,Customer_11229,cust11229@masked.com,+XXX-XXX-3229,59,131954,E,3033
111230,Customer_11230,cust11230@masked.com,+XXX-XXX-3230,54,191624,D,3057
111231,Customer_11231,cust11231@masked.com,+XXX-XXX-3231,54,179632,C,3034
111232,Customer_11232,cust11232@masked.com,+XXX-XXX-3232,47,146702,E,3074
111233,Customer_11233,cust11233@masked.com,+XXX-XXX-3233,64,29539,B,3032
111234,Customer_11234,cust11234@masked.com,+XXX-XXX-3234,25,99398,D,3114
111235,Customer_11235,cust11235@masked.com,+XXX-XXX-3235,24,140263,B,3074
111236,Customer_11236,cust11236@masked.com,+XXX-XXX-3236,27,162887,C,3072
111237,Customer_11237,cust11237@masked.com,+XXX-XXX-3237,68,21854,C,3077
111238,Customer_11238,cust11238@masked.com,+XXX-XXX-3238,23,63904,A,3008
111239,Customer_11239,cust11239@masked.com,+XXX-XXX-3239,41,42434,B,3047
111240,Customer_11240,cust11240@masked.com,+XXX-XXX-3240,54,57845,A,3066
111241,Customer_11241,cust11241@masked.com,+XXX-XXX-3241,69,58108,E,3118
111242,Customer_11242,cust11242@masked.com,+XXX-XXX-3242,29,143280,A,3132
111243,Customer_11243,cust11243@masked.com,+XXX-XXX-3243,40,196738,C,3118
111244,Customer_11244,cust11244@masked.com,+XXX-XXX-3244,60,98907,D,3085
111245,Customer_11245,cust11245@masked.com,+XXX-XXX-3245,32,34976,A,3105
111246,Customer_11246,cust11246@masked.com,+XXX-XXX-3246,59,69283,B,3075
111247,Customer_11247,cust11247@masked.com,+XXX-XXX-3247,66,98216,C,3039
111248,Customer_11248,cust11248@masked.com,+XXX-XXX-3248,48,131404,A,3018
111249,Customer_11249,cust11249@masked.com,+XXX-XXX-3249,68,26157,D,3046
111250,Customer_11250,cust11250@masked.com,+XXX-XXX-3250,53,75730,B,3064
111251,Customer_11251,cust11251@masked.com,+XXX-XXX-3251,30,116729,A,3145
111252,Customer_11252,cust11252@masked.com,+XXX-XXX-3252,31,181942,C,3029
111253,Customer_11253,cust11253@masked.com,+XXX-XXX-3253,27,101581,B,3125
111254,Customer_11254,cust11254@masked.com,+XXX-XXX-3254,38,108533,E,3065
111255,Customer_11255,cust11255@masked.com,+XXX-XXX-3255,39,139194,D,3004
111256,Customer_11256,cust11256@masked.com,+XXX-XXX-3256,34,180088,B,3092
111257,Customer_11257,cust11257@masked.com,+XXX-XXX-3257,37,195299,B,3096
111258,Customer_11258,cust11258@masked.com,+XXX-XXX-3258,43,107112,B,3093
111259,Customer_11259,cust11259@masked.com,+XXX-XXX-3259,39,131529,B,3105
111260,Customer_11260,cust11260@masked.com,+XXX-XXX-3260,65,115800,C,3132
111261,Customer_11261,cust11261@masked.com,+XXX-XXX-3261,23,22676,D,3084
111262,Customer_11262,cust11262@masked.com,+XXX-XXX-3262,54,21215,B,3057
111263,Customer_11263,cust11263@masked.com,+XXX-XXX-3263,45,169933,A,3078
111264,Customer_11264,cust11264@masked.com,+XXX-XXX-3264,61,166932,B,3007
111265,Customer_11265,cust11265@masked.com,+XXX-XXX-3265,51,87800,A,3011
111266,Customer_11266,cust11266@masked.com,+XXX-XXX-3266,59,182812,C,3148
111267,Customer_11267,cust11267@masked.com,+XXX-XXX-3267,34,142478,C,3093
111268,Customer_11268,cust11268@masked.com,+XXX-XXX-3268,57,152041,B,3090
111269,Customer_11269,cust11269@masked.com,+XXX-XXX-3269,67,59396,B,3032
111270,Customer_11270,cust11270@masked.com,+XXX-XXX-3270,40,20600,D,3099
111271,Customer_11271,cust11271@masked.com,+XXX-XXX-3271,52,188295,A,3014
111272,Customer_11272,cust11272@masked.com,+XXX-XXX-3272,53,42325,D,3113
111273,Customer_11273,cust11273@masked.com,+XXX-XXX-3273,51,153788,B,3128
111274,Customer_11274,cust11274@masked.com,+XXX-XXX-3274,27,163780,D,3010
111275,Customer_11275,cust11275@masked.com,+XXX-XXX-3275,25,37165,C,3054
111276,Customer_11276,cust11276@masked.com,+XXX-XXX-3276,24,81152,A,3001
111277,Customer_11277,cust11277@masked.com,+XXX-XXX-3277,31,21434,D,3064
111278,Customer_11278,cust11278@masked.com,+XXX-XXX-3278,39,34852,C,3015
111279,Customer_11279,cust11279@masked.com,+XXX-XXX-3279,58,188178,A,3149
111280,Customer_11280,cust11280@masked.com,+XXX-XXX-3280,40,166037,A,3105
111281,Customer_11281,cust11281@masked.com,+XXX-XXX-3281,47,176664,C,3145
111282,Customer_11282,cust11282@masked.com,+XXX-XXX-3282,49,146786,C,3029
111283,Customer_11283,cust11283@masked.com,+XXX-XXX-3283,38,112928,C,3009
111284,Customer_11284,cust11284@masked.com,+XXX-XXX-3284,57,40375,C,3061
111285,Customer_11285,cust11285@masked.com,+XXX-XXX-3285,67,28651,C,3084
111286,Customer_11286,cust11286@masked.com,+XXX-XXX-3286,45,101725,D,3133
111287,Customer_11287,cust11287@masked.com,+XXX-XXX-3287,40,141933,C,3066
111288,Customer_11288,cust11288@masked.com,+XXX-XXX-3288,26,148489,B,3040
111289,Customer_11289,cust11289@masked.com,+XXX-XXX-3289,56,102451,D,3017
111290,Customer_11290,cust11290@masked.com,+XXX-XXX-3290,69,153049,A,3057
111291,Customer_11291,cust11291@masked.com,+XXX-XXX-3291,35,132141,B,3059
111292,Customer_11292,cust11292@masked.com,+XXX-XXX-3292,38,66828,C,3087
111293,Customer_11293,cust11293@masked.com,+XXX-XXX-3293,58,72916,B,3026
111294,Customer_11294,cust11294@masked.com,+XXX-XXX-3294,45,118594,A,3067
111295,Customer_11295,cust11295@masked.com,+XXX-XXX-3295,40,91613,A,3021
111296,Customer_11296,cust11296@masked.com,+XXX-XXX-3296,42,72727,C,3039
111297,Customer_11297,cust11297@masked.com,+XXX-XXX-3297,32,147634,E,3108
111298,Customer_11298,cust11298@masked.com,+XXX-XXX-3298,61,73801,C,3073
111299,Customer_11299,cust11299@masked.com,+XXX-XXX-3299,60,63435,C,3065
111300,Customer_11300,cust11300@masked.com,+XXX-XXX-3300,67,92150,B,3005
111301,Customer_11301,cust11301@masked.com,+XXX-XXX-3301,53,135200,B,3111
111302,Customer_11302,cust11302@masked.com,+XXX-XXX-3302,49,119943,A,3017
111303,Customer_11303,cust11303@masked.com,+XXX-XXX-3303,22,159518,B,3080
111304,Customer_11304,cust11304@masked.com,+XXX-XXX-3304,46,123120,B,3101
111305,Customer_11305,cust11305@masked.com,+XXX-XXX-3305,52,140537,A,3109
111306,Customer_11306,cust11306@masked.com,+XXX-XXX-3306,23,104557,A,3029
111307,Customer_11307,cust11307@masked.com,+XXX-XXX-3307,50,69202,C,3121
111308,Customer_11308,cust11308@masked.com,+XXX-XXX-3308,39,151871,D,3148
111309,Customer_11309,cust11309@masked.com,+XXX-XXX-3309,30,29939,E,3061
111310,Customer_11310,cust11310@masked.com,+XXX-XXX-3310,45,190482,C,3137
111311,Customer_11311,cust11311@masked.com,+XXX-XXX-3311,66,36620,A,3119
111312,Customer_11312,cust11312@masked.com,+XXX-XXX-3312,39,120508,C,3106
111313,Customer_11313,cust11313@masked.com,+XXX-XXX-3313,63,116553,A,3140
111314,Customer_11314,cust11314@masked.com,+XXX-XXX-3314,41,158253,C,3075
111315,Customer_11315,cust11315@masked.com,+XXX-XXX-3315,26,61098,D,3008
111316,Customer_11316,cust11316@masked.com,+XXX-XXX-3316,34,198250,C,3038
111317,Customer_11317,cust11317@masked.com,+XXX-XXX-3317,28,64055,E,3023
111318,Customer_11318,cust11318@masked.com,+XXX-XXX-3318,22,40885,C,3124
111319,Customer_11319,cust11319@masked.com,+XXX-XXX-3319,38,169168,C,3117
111320,Customer_11320,cust11320@masked.com,+XXX-XXX-3320,42,45526,B,3033
111321,Customer_11321,cust11321@masked.com,+XXX-XXX-3321,50,174166,E,3060
111322,Customer_11322,cust11322@masked.com,+XXX-XXX-3322,56,23796,A,3132
111323,Customer_11323,cust11323@masked.com,+XXX-XXX-3323,48,137061,D,3078
111324,Customer_11324,cust11324@masked.com,+XXX-XXX-3324,55,106344,B,3049
111325,Customer_11325,cust11325@masked.com,+XXX-XXX-3325,22,74571,A,3131
111326,Customer_11326,cust11326@masked.com,+XXX-XXX-3326,56,155182,D,3050
111327,Customer_11327,cust11327@masked.com,+XXX-XXX-3327,38,199517,A,3051
111328,Customer_11328,cust11328@masked.com,+XXX-XXX-3328,63,193915,D,3121
111329,Customer_11329,cust11329@masked.com,+XXX-XXX-3329,29,50897,B,3007
111330,Customer_11330,cust11330@masked.com,+XXX-XXX-3330,48,161580,D,3112
111331,Customer_11331,cust11331@masked.com,+XXX-XXX-3331,28,78472,C,3044
111332,Customer_11332,cust11332@masked.com,+XXX-XXX-3332,28,50366,C,3087
111333,Customer_11333,cust11333@masked.com,+XXX-XXX-3333,25,150564,B,3027
111334,Customer_11334,cust11334@masked.com,+XXX-XXX-3334,33,71538,A,3118
111335,Customer_11335,cust11335@masked.com,+XXX-XXX-3335,27,159655,D,3106
111336,Customer_11336,cust11336@masked.com,+XXX-XXX-3336,41,83628,A,3026
111337,Customer_11337,cust11337@masked.com,+XXX-XXX-3337,49,20168,B,3080
111338,Customer_11338,cust11338@masked.com,+XXX-XXX-3338,57,113200,C,3100
111339,Customer_11339,cust11339@masked.com,+XXX-XXX-3339,65,85055,B,3061
111340,Customer_11340,cust11340@masked.com,+XXX-XXX-3340,68,144932,A,3061
111341,Customer_11341,cust11341@masked.com,+XXX-XXX-3341,34,73117,A,3025
111342,Customer_11342,cust11342@masked.com,+XXX-XXX-3342,57,105128,A,3120
111343,Customer_11343,cust11343@masked.com,+XXX-XXX-3343,24,175628,D,3023
111344,Customer_11344,cust11344@masked.com,+XXX-XXX-3344,42,71879,A,3038
111345,Customer_11345,cust11345@masked.com,+XXX-XXX-3345,31,43933,E,3123
111346,Customer_11346,cust11346@masked.com,+XXX-XXX-3346,54,36159,A,3020
111347,Customer_11347,cust11347@masked.com,+XXX-XXX-3347,65,171933,A,3093
111348,Customer_11348,cust11348@masked.com,+XXX-XXX-3348,36,147457,C,3114
111349,Customer_11349,cust11349@masked.com,+XXX-XXX-3349,29,113538,A,3120
111350,Customer_11350,cust11350@masked.com,+XXX-XXX-3350,36,164628,C,3012
111351,Customer_11351,cust11351@masked.com,+XXX-XXX-3351,59,90256,D,3130
111352,Customer_11352,cust11352@masked.com,+XXX-XXX-3352,36,103633,A,3018
111353,Customer_11353,cust11353@masked.com,+XXX-XXX-3353,51,151002,D,3141
111354,Customer_11354,cust11354@masked.com,+XXX-XXX-3354,51,141307,B,3080
111355,Customer_11355,cust11355@masked.com,+XXX-XXX-3355,33,55280,A,3122
111356,Customer_11356,cust11356@masked.com,+XXX-XXX-3356,25,47837,A,3067
111357,Customer_11357,cust11357@masked.com,+XXX-XXX-3357,67,99370,D,3018
111358,Customer_11358,cust11358@masked.com,+XXX-XXX-3358,59,190518,A,3063
111359,Customer_11359,cust11359@masked.com,+XXX-XXX-3359,38,120982,D,3100
111360,Customer_11360,cust11360@masked.com,+XXX-XXX-3360,40,53049,C,3065
111361,Customer_11361,cust11361@masked.com,+XXX-XXX-3361,22,188766,A,3065
111362,Customer_11362,cust11362@masked.com,+XXX-XXX-3362,60,161892,B,3074
111363,Customer_11363,cust11363@masked.com,+XXX-XXX-3363,50,36005,D,3044
111364,Customer_11364,cust11364@masked.com,+XXX-XXX-3364,30,199681,C,3086
111365,Customer_11365,cust11365@masked.com,+XXX-XXX-3365,62,142793,B,3066
111366,Customer_11366,cust11366@masked.com,+XXX-XXX-3366,31,82974,D,3002
111367,Customer_11367,cust11367@masked.com,+XXX-XXX-3367,49,90168,A,3023
111368,Customer_11368,cust11368@masked.com,+XXX-XXX-3368,60,128813,D,3087
111369,Customer_11369,cust11369@masked.com,+XXX-XXX-3369,36,196016,D,3016
111370,Customer_11370,cust11370@masked.com,+XXX-XXX-3370,68,192967,C,3039
111371,Customer_11371,cust11371@masked.com,+XXX-XXX-3371,48,30534,D,3005
111372,Customer_11372,cust11372@masked.com,+XXX-XXX-3372,37,87224,C,3148
111373,Customer_11373,cust11373@masked.com,+XXX-XXX-3373,58,107855,C,3118
111374,Customer_11374,cust11374@masked.com,+XXX-XXX-3374,69,127378,C,3119
111375,Customer_11375,cust11375@masked.com,+XXX-XXX-3375,64,20816,B,3034
111376,Customer_11376,cust11376@masked.com,+XXX-XXX-3376,35,140876,C,3112
111377,Customer_11377,cust11377@masked.com,+XXX-XXX-3377,51,145726,B,3028
111378,Customer_11378,cust11378@masked.com,+XXX-XXX-3378,27,118110,B,3006
111379,Customer_11379,cust11379@masked.com,+XXX-XXX-3379,66,197007,B,3052
111380,Customer_11380,cust11380@masked.com,+XXX-XXX-3380,50,184517,A,3022
111381,Customer_11381,cust11381@masked.com,+XXX-XXX-3381,56,161518,B,3096
111382,Customer_11382,cust11382@masked.com,+XXX-XXX-3382,69,115339,D,3135
111383,Customer_11383,cust11383@masked.com,+XXX-XXX-3383,46,164887,B,3075
111384,Customer_11384,cust11384@masked.com,+XXX-XXX-3384,31,113095,C,3009
111385,Customer_11385,cust11385@masked.com,+XXX-XXX-3385,26,125536,A,3116
111386,Customer_11386,cust11386@masked.com,+XXX-XXX-3386,62,96042,B,3023
111387,Customer_11387,cust11387@masked.com,+XXX-XXX-3387,49,22446,A,3038
111388,Customer_11388,cust11388@masked.com,+XXX-XXX-3388,48,103808,A,3065
111389,Customer_11389,cust11389@masked.com,+XXX-XXX-3389,35,152792,C,3005
111390,Customer_11390,cust11390@masked.com,+XXX-XXX-3390,49,46479,C,3020
111391,Customer_11391,cust11391@masked.com,+XXX-XXX-3391,26,98488,A,3072
111392,Customer_11392,cust11392@masked.com,+XXX-XXX-3392,68,119238,B,3073
111393,Customer_11393,cust11393@masked.com,+XXX-XXX-3393,32,78656,D,3035
111394,Customer_11394,cust11394@masked.com,+XXX-XXX-3394,36,54076,A,3130
111395,Customer_11395,cust11395@masked.com,+XXX-XXX-3395,66,66265,A,3043
111396,Customer_11396,cust11396@masked.com,+XXX-XXX-3396,58,52967,C,3090
111397,Customer_11397,cust11397@masked.com,+XXX-XXX-3397,29,147479,A,3059
111398,Customer_11398,cust11398@masked.com,+XXX-XXX-3398,42,73258,E,3092
111399,Customer_11399,cust11399@masked.com,+XXX-XXX-3399,53,145764,C,3082
111400,Customer_11400,cust11400@masked.com,+XXX-XXX-3400,46,68625,B,3082
111401,Customer_11401,cust11401@masked.com,+XXX-XXX-3401,60,156146,B,3076
111402,Customer_11402,cust11402@masked.com,+XXX-XXX-3402,27,199202,C,3025
111403,Customer_11403,cust11403@masked.com,+XXX-XXX-3403,66,40377,A,3020
111404,Customer_11404,cust11404@masked.com,+XXX-XXX-3404,52,108992,E,3119
111405,Customer_11405,cust11405@masked.com,+XXX-XXX-3405,60,73085,C,3129
111406,Customer_11406,cust11406@masked.com,+XXX-XXX-3406,63,59701,A,3107
111407,Customer_11407,cust11407@masked.com,+XXX-XXX-3407,44,70749,C,3026
111408,Customer_11408,cust11408@masked.com,+XXX-XXX-3408,61,134692,A,3070
111409,Customer_11409,cust11409@masked.com,+XXX-XXX-3409,59,85081,A,3147
111410,Customer_11410,cust11410@masked.com,+XXX-XXX-3410,58,28471,C,3049
111411,Customer_11411,cust11411@masked.com,+XXX-XXX-3411,57,191430,C,3094
111412,Customer_11412,cust11412@masked.com,+XXX-XXX-3412,39,154091,C,3022
111413,Customer_11413,cust11413@masked.com,+XXX-XXX-3413,63,123661,A,3140
111414,Customer_11414,cust11414@masked.com,+XXX-XXX-3414,25,169820,C,3080
111415,Customer_11415,cust11415@masked.com,+XXX-XXX-3415,50,134814,A,3131
111416,Customer_11416,cust11416@masked.com,+XXX-XXX-3416,45,48975,C,3141
111417,Customer_11417,cust11417@masked.com,+XXX-XXX-3417,50,188666,C,3019
111418,Customer_11418,cust11418@masked.com,+XXX-XXX-3418,45,23249,C,3123
111419,Customer_11419,cust11419@masked.com,+XXX-XXX-3419,29,138589,D,3012
111420,Customer_11420,cust11420@masked.com,+XXX-XXX-3420,47,81929,D,3002
111421,Customer_11421,cust11421@masked.com,+XXX-XXX-3421,44,49108,E,3130
111422,Customer_11422,cust11422@masked.com,+XXX-XXX-3422,60,115892,E,3128
111423,Customer_11423,cust11423@masked.com,+XXX-XXX-3423,63,41541,D,3089
111424,Customer_11424,cust11424@masked.com,+XXX-XXX-3424,58,195733,E,3034
111425,Customer_11425,cust11425@masked.com,+XXX-XXX-3425,35,110594,D,3013
111426,Customer_11426,cust11426@masked.com,+XXX-XXX-3426,58,39423,C,3140
111427,Customer_11427,cust11427@masked.com,+XXX-XXX-3427,46,106330,A,3049
111428,Customer_11428,cust11428@masked.com,+XXX-XXX-3428,50,78851,A,3077
111429,Customer_11429,cust11429@masked.com,+XXX-XXX-3429,31,178816,D,3002
111430,Customer_11430,cust11430@masked.com,+XXX-XXX-3430,49,143818,B,3039
111431,Customer_11431,cust11431@masked.com,+XXX-XXX-3431,35,85552,D,3050
111432,Customer_11432,cust11432@masked.com,+XXX-XXX-3432,64,142692,B,3000
111433,Customer_11433,cust11433@masked.com,+XXX-XXX-3433,29,158155,B,3103
111434,Customer_11434,cust11434@masked.com,+XXX-XXX-3434,62,188915,C,3134
111435,Customer_11435,cust11435@masked.com,+XXX-XXX-3435,49,49118,D,3116
111436,Customer_11436,cust11436@masked.com,+XXX-XXX-3436,35,65334,A,3115
111437,Customer_11437,cust11437@masked.com,+XXX-XXX-3437,37,96441,D,3051
111438,Customer_11438,cust11438@masked.com,+XXX-XXX-3438,36,196733,D,3119
111439,Customer_11439,cust11439@masked.com,+XXX-XXX-3439,42,115918,B,3138
111440,Customer_11440,cust11440@masked.com,+XXX-XXX-3440,60,75324,B,3141
111441,Customer_11441,cust11441@masked.com,+XXX-XXX-3441,69,193843,A,3085
111442,Customer_11442,cust11442@masked.com,+XXX-XXX-3442,63,112119,A,3045
111443,Customer_11443,cust11443@masked.com,+XXX-XXX-3443,31,65156,B,3075
111444,Customer_11444,cust11444@masked.com,+XXX-XXX-3444,58,26230,A,3009
111445,Customer_11445,cust11445@masked.com,+XXX-XXX-3445,45,52649,A,3060
111446,Customer_11446,cust11446@masked.com,+XXX-XXX-3446,50,61429,D,3017
111447,Customer_11447,cust11447@masked.com,+XXX-XXX-3447,22,84127,C,3085
111448,Customer_11448,cust11448@masked.com,+XXX-XXX-3448,21,187117,C,3136
111449,Customer_11449,cust11449@masked.com,+XXX-XXX-3449,58,87160,A,3144
111450,Customer_11450,cust11450@masked.com,+XXX-XXX-3450,57,92785,D,3127
111451,Customer_11451,cust11451@masked.com,+XXX-XXX-3451,29,45811,D,3103
111452,Customer_11452,cust11452@masked.com,+XXX-XXX-3452,25,102038,C,3140
111453,Customer_11453,cust11453@masked.com,+XXX-XXX-3453,44,79227,D,3100
111454,Customer_11454,cust11454@masked.com,+XXX-XXX-3454,47,60071,D,3005
111455,Customer_11455,cust11455@masked.com,+XXX-XXX-3455,50,60708,C,3084
111456,Customer_11456,cust11456@masked.com,+XXX-XXX-3456,35,78131,C,3050
111457,Customer_11457,cust11457@masked.com,+XXX-XXX-3457,67,186607,A,3035
111458,Customer_11458,cust11458@masked.com,+XXX-XXX-3458,29,193459,B,3070
111459,Customer_11459,cust11459@masked.com,+XXX-XXX-3459,66,188920,A,3099
111460,Customer_11460,cust11460@masked.com,+XXX-XXX-3460,57,196070,A,3024
111461,Customer_11461,cust11461@masked.com,+XXX-XXX-3461,50,74616,A,3138
111462,Customer_11462,cust11462@masked.com,+XXX-XXX-3462,69,183427,D,3043
111463,Customer_11463,cust11463@masked.com,+XXX-XXX-3463,35,106642,B,3013
111464,Customer_11464,cust11464@masked.com,+XXX-XXX-3464,40,179561,E,3028
111465,Customer_11465,cust11465@masked.com,+XXX-XXX-3465,69,66503,C,3073
111466,Customer_11466,cust11466@masked.com,+XXX-XXX-3466,45,159279,B,3049
111467,Customer_11467,cust11467@masked.com,+XXX-XXX-3467,29,188451,B,3004
111468,Customer_11468,cust11468@masked.com,+XXX-XXX-3468,65,75561,A,3109
111469,Customer_11469,cust11469@masked.com,+XXX-XXX-3469,42,157775,E,3121
111470,Customer_11470,cust11470@masked.com,+XXX-XXX-3470,33,39166,D,3087
111471,Customer_11471,cust11471@masked.com,+XXX-XXX-3471,57,157235,A,3056
111472,Customer_11472,cust11472@masked.com,+XXX-XXX-3472,48,192042,E,3025
111473,Customer_11473,cust11473@masked.com,+XXX-XXX-3473,34,107059,C,3005
111474,Customer_11474,cust11474@masked.com,+XXX-XXX-3474,50,94006,A,3143
111475,Customer_11475,cust11475@masked.com,+XXX-XXX-3475,59,129438,C,3059
111476,Customer_11476,cust11476@masked.com,+XXX-XXX-3476,25,163692,C,3099
111477,Customer_11477,cust11477@masked.com,+XXX-XXX-3477,32,156592,A,3011
111478,Customer_11478,cust11478@masked.com,+XXX-XXX-3478,55,108841,D,3074
111479,Customer_11479,cust11479@masked.com,+XXX-XXX-3479,61,80135,A,3002
111480,Customer_11480,cust11480@masked.com,+XXX-XXX-3480,62,120389,B,3062
111481,Customer_11481,cust11481@masked.com,+XXX-XXX-3481,21,74221,A,3133
111482,Customer_11482,cust11482@masked.com,+XXX-XXX-3482,66,99863,E,3018
111483,Customer_11483,cust11483@masked.com,+XXX-XXX-3483,21,176384,D,3017
111484,Customer_11484,cust11484@masked.com,+XXX-XXX-3484,62,136536,A,3079
111485,Customer_11485,cust11485@masked.com,+XXX-XXX-3485,63,80376,B,3072
111486,Customer_11486,cust11486@masked.com,+XXX-XXX-3486,40,56376,A,3130
111487,Customer_11487,cust11487@masked.com,+XXX-XXX-3487,54,98733,D,3125
111488,Customer_11488,cust11488@masked.com,+XXX-XXX-3488,54,65100,A,3071
111489,Customer_11489,cust11489@masked.com,+XXX-XXX-3489,44,55445,D,3037
111490,Customer_11490,cust11490@masked.com,+XXX-XXX-3490,48,85829,E,3067
111491,Customer_11491,cust11491@masked.com,+XXX-XXX-3491,31,137884,C,3079
111492,Customer_11492,cust11492@masked.com,+XXX-XXX-3492,28,116599,A,3041
111493,Customer_11493,cust11493@masked.com,+XXX-XXX-3493,55,80392,B,3063
111494,Customer_11494,cust11494@masked.com,+XXX-XXX-3494,61,113051,B,3077
111495,Customer_11495,cust11495@masked.com,+XXX-XXX-3495,36,32454,C,3126
111496,Customer_11496,cust11496@masked.com,+XXX-XXX-3496,36,102188,C,3104
111497,Customer_11497,cust11497@masked.com,+XXX-XXX-3497,62,68321,C,3075
111498,Customer_11498,cust11498@masked.com,+XXX-XXX-3498,26,45723,B,3131
111499,Customer_11499,cust11499@masked.com,+XXX-XXX-3499,40,57945,D,3129
111500,Customer_11500,cust11500@masked.com,+XXX-XXX-3500,31,194529,A,3121
111501,Customer_11501,cust11501@masked.com,+XXX-XXX-3501,28,122195,B,3043
111502,Customer_11502,cust11502@masked.com,+XXX-XXX-3502,40,189540,D,3101
111503,Customer_11503,cust11503@masked.com,+XXX-XXX-3503,52,27649,A,3061
111504,Customer_11504,cust11504@masked.com,+XXX-XXX-3504,53,147219,C,3000
111505,Customer_11505,cust11505@masked.com,+XXX-XXX-3505,26,196644,D,3016
111506,Customer_11506,cust11506@masked.com,+XXX-XXX-3506,48,157456,C,3015
111507,Customer_11507,cust11507@masked.com,+XXX-XXX-3507,28,172412,A,3008
111508,Customer_11508,cust11508@masked.com,+XXX-XXX-3508,34,42334,A,3058
111509,Customer_11509,cust11509@masked.com,+XXX-XXX-3509,23,123652,B,3118
111510,Customer_11510,cust11510@masked.com,+XXX-XXX-3510,22,91107,B,3136
111511,Customer_11511,cust11511@masked.com,+XXX-XXX-3511,42,59842,E,3139
111512,Customer_11512,cust11512@masked.com,+XXX-XXX-3512,53,30694,C,3118
111513,Customer_11513,cust11513@masked.com,+XXX-XXX-3513,63,115193,B,3040
111514,Customer_11514,cust11514@masked.com,+XXX-XXX-3514,41,98367,E,3142
111515,Customer_11515,cust11515@masked.com,+XXX-XXX-3515,26,150071,C,3065
111516,Customer_11516,cust11516@masked.com,+XXX-XXX-3516,60,138065,B,3074
111517,Customer_11517,cust11517@masked.com,+XXX-XXX-3517,27,176021,B,3010
111518,Customer_11518,cust11518@masked.com,+XXX-XXX-3518,26,133850,A,3007
111519,Customer_11519,cust11519@masked.com,+XXX-XXX-3519,64,190944,E,3133
111520,Customer_11520,cust11520@masked.com,+XXX-XXX-3520,28,101884,C,3147
111521,Customer_11521,cust11521@masked.com,+XXX-XXX-3521,44,75935,D,3098
111522,Customer_11522,cust11522@masked.com,+XXX-XXX-3522,47,36495,B,3071
111523,Customer_11523,cust11523@masked.com,+XXX-XXX-3523,48,96268,D,3112
111524,Customer_11524,cust11524@masked.com,+XXX-XXX-3524,25,143173,A,3106
111525,Customer_11525,cust11525@masked.com,+XXX-XXX-3525,39,120773,E,3033
111526,Customer_11526,cust11526@masked.com,+XXX-XXX-3526,29,116404,D,3056
111527,Customer_11527,cust11527@masked.com,+XXX-XXX-3527,45,136886,B,3116
111528,Customer_11528,cust11528@masked.com,+XXX-XXX-3528,64,41677,D,3119
111529,Customer_11529,cust11529@masked.com,+XXX-XXX-3529,67,162532,D,3146
111530,Customer_11530,cust11530@masked.com,+XXX-XXX-3530,65,133918,D,3070
111531,Customer_11531,cust11531@masked.com,+XXX-XXX-3531,33,109501,B,3039
111532,Customer_11532,cust11532@masked.com,+XXX-XXX-3532,57,96881,B,3141
111533,Customer_11533,cust11533@masked.com,+XXX-XXX-3533,22,183909,D,3102
111534,Customer_11534,cust11534@masked.com,+XXX-XXX-3534,60,58724,D,3123
111535,Customer_11535,cust11535@masked.com,+XXX-XXX-3535,34,165833,B,3122
111536,Customer_11536,cust11536@masked.com,+XXX-XXX-3536,51,95153,D,3099
111537,Customer_11537,cust11537@masked.com,+XXX-XXX-3537,26,88108,A,3136
111538,Customer_11538,cust11538@masked.com,+XXX-XXX-3538,45,71411,D,3057
111539,Customer_11539,cust11539@masked.com,+XXX-XXX-3539,59,160995,A,3147
111540,Customer_11540,cust11540@masked.com,+XXX-XXX-3540,66,124012,B,3108
111541,Customer_11541,cust11541@masked.com,+XXX-XXX-3541,51,185201,B,3120
111542,Customer_11542,cust11542@masked.com,+XXX-XXX-3542,58,77676,B,3091
111543,Customer_11543,cust11543@masked.com,+XXX-XXX-3543,36,177900,C,3049
111544,Customer_11544,cust11544@masked.com,+XXX-XXX-3544,47,50182,C,3147
111545,Customer_11545,cust11545@masked.com,+XXX-XXX-3545,50,103042,B,3104
111546,Customer_11546,cust11546@masked.com,+XXX-XXX-3546,24,21957,A,3116
111547,Customer_11547,cust11547@masked.com,+XXX-XXX-3547,59,66009,D,3026
111548,Customer_11548,cust11548@masked.com,+XXX-XXX-3548,36,77803,B,3031
111549,Customer_11549,cust11549@masked.com,+XXX-XXX-3549,56,176865,C,3000
111550,Customer_11550,cust11550@masked.com,+XXX-XXX-3550,27,108618,C,3016
111551,Customer_11551,cust11551@masked.com,+XXX-XXX-3551,41,74137,D,3136
111552,Customer_11552,cust11552@masked.com,+XXX-XXX-3552,22,75931,C,3083
111553,Customer_11553,cust11553@masked.com,+XXX-XXX-3553,28,143190,A,3044
111554,Customer_11554,cust11554@masked.com,+XXX-XXX-3554,62,186729,D,3065
111555,Customer_11555,cust11555@masked.com,+XXX-XXX-3555,47,173415,E,3031
111556,Customer_11556,cust11556@masked.com,+XXX-XXX-3556,22,198855,B,3044
111557,Customer_11557,cust11557@masked.com,+XXX-XXX-3557,26,66637,E,3008
111558,Customer_11558,cust11558@masked.com,+XXX-XXX-3558,24,190979,C,3029
111559,Customer_11559,cust11559@masked.com,+XXX-XXX-3559,41,21758,B,3083
111560,Customer_11560,cust11560@masked.com,+XXX-XXX-3560,21,83566,B,3059
111561,Customer_11561,cust11561@masked.com,+XXX-XXX-3561,58,51913,C,3000
111562,Customer_11562,cust11562@masked.com,+XXX-XXX-3562,32,126385,B,3004
111563,Customer_11563,cust11563@masked.com,+XXX-XXX-3563,47,184311,A,3062
111564,Customer_11564,cust11564@masked.com,+XXX-XXX-3564,34,73569,A,3064
111565,Customer_11565,cust11565@masked.com,+XXX-XXX-3565,35,60584,B,3077
111566,Customer_11566,cust11566@masked.com,+XXX-XXX-3566,44,36482,B,3131
111567,Customer_11567,cust11567@masked.com,+XXX-XXX-3567,38,138337,C,3113
111568,Customer_11568,cust11568@masked.com,+XXX-XXX-3568,37,153229,B,3024
111569,Customer_11569,cust11569@masked.com,+XXX-XXX-3569,29,127919,E,3134
111570,Customer_11570,cust11570@masked.com,+XXX-XXX-3570,67,98663,B,3140
111571,Customer_11571,cust11571@masked.com,+XXX-XXX-3571,38,192537,B,3042
111572,Customer_11572,cust11572@masked.com,+XXX-XXX-3572,38,76064,A,3056
111573,Customer_11573,cust11573@masked.com,+XXX-XXX-3573,25,94088,B,3141
111574,Customer_11574,cust11574@masked.com,+XXX-XXX-3574,68,175563,A,3071
111575,Customer_11575,cust11575@masked.com,+XXX-XXX-3575,29,102452,C,3026
111576,Customer_11576,cust11576@masked.com,+XXX-XXX-3576,55,74818,D,3127
111577,Customer_11577,cust11577@masked.com,+XXX-XXX-3577,64,101255,A,3105
111578,Customer_11578,cust11578@masked.com,+XXX-XXX-3578,66,194043,B,3070
111579,Customer_11579,cust11579@masked.com,+XXX-XXX-3579,21,186197,A,3066
111580,Customer_11580,cust11580@masked.com,+XXX-XXX-3580,61,116729,D,3089
111581,Customer_11581,cust11581@masked.com,+XXX-XXX-3581,29,141467,D,3003
111582,Customer_11582,cust11582@masked.com,+XXX-XXX-3582,52,197903,A,3105
111583,Customer_11583,cust11583@masked.com,+XXX-XXX-3583,40,21969,B,3078
111584,Customer_11584,cust11584@masked.com,+XXX-XXX-3584,33,123275,E,3095
111585,Customer_11585,cust11585@masked.com,+XXX-XXX-3585,60,63307,B,3092
111586,Customer_11586,cust11586@masked.com,+XXX-XXX-3586,31,32628,C,3073
111587,Customer_11587,cust11587@masked.com,+XXX-XXX-3587,66,141859,B,3125
111588,Customer_11588,cust11588@masked.com,+XXX-XXX-3588,68,102554,C,3015
111589,Customer_11589,cust11589@masked.com,+XXX-XXX-3589,63,153673,E,3146
111590,Customer_11590,cust11590@masked.com,+XXX-XXX-3590,62,135880,E,3115
111591,Customer_11591,cust11591@masked.com,+XXX-XXX-3591,46,147395,D,3017
111592,Customer_11592,cust11592@masked.com,+XXX-XXX-3592,60,35639,B,3015
111593,Customer_11593,cust11593@masked.com,+XXX-XXX-3593,31,176384,B,3129
111594,Customer_11594,cust11594@masked.com,+XXX-XXX-3594,45,79780,B,3055
111595,Customer_11595,cust11595@masked.com,+XXX-XXX-3595,60,78552,E,3078
111596,Customer_11596,cust11596@masked.com,+XXX-XXX-3596,45,82786,C,3102
111597,Customer_11597,cust11597@masked.com,+XXX-XXX-3597,40,118911,B,3027
111598,Customer_11598,cust11598@masked.com,+XXX-XXX-3598,62,124725,A,3004
111599,Customer_11599,cust11599@masked.com,+XXX-XXX-3599,69,55833,C,3105
111600,Customer_11600,cust11600@masked.com,+XXX-XXX-3600,31,81093,E,3021
111601,Customer_11601,cust11601@masked.com,+XXX-XXX-3601,64,93402,C,3116
111602,Customer_11602,cust11602@masked.com,+XXX-XXX-3602,30,191093,A,3099
111603,Customer_11603,cust11603@masked.com,+XXX-XXX-3603,69,50595,A,3012
111604,Customer_11604,cust11604@masked.com,+XXX-XXX-3604,23,73478,B,3064
111605,Customer_11605,cust11605@masked.com,+XXX-XXX-3605,59,156642,D,3143
111606,Customer_11606,cust11606@masked.com,+XXX-XXX-3606,47,71189,E,3085
111607,Customer_11607,cust11607@masked.com,+XXX-XXX-3607,55,38569,E,3063
111608,Customer_11608,cust11608@masked.com,+XXX-XXX-3608,69,176644,C,3031
111609,Customer_11609,cust11609@masked.com,+XXX-XXX-3609,60,158577,C,3079
111610,Customer_11610,cust11610@masked.com,+XXX-XXX-3610,51,21179,C,3050
111611,Customer_11611,cust11611@masked.com,+XXX-XXX-3611,41,106622,C,3078
111612,Customer_11612,cust11612@masked.com,+XXX-XXX-3612,42,47807,C,3105
111613,Customer_11613,cust11613@masked.com,+XXX-XXX-3613,39,34416,B,3062
111614,Customer_11614,cust11614@masked.com,+XXX-XXX-3614,34,170200,C,3075
111615,Customer_11615,cust11615@masked.com,+XXX-XXX-3615,57,153332,A,3059
111616,Customer_11616,cust11616@masked.com,+XXX-XXX-3616,65,58888,B,3064
111617,Customer_11617,cust11617@masked.com,+XXX-XXX-3617,43,89034,D,3116
111618,Customer_11618,cust11618@masked.com,+XXX-XXX-3618,46,138101,D,3080
111619,Customer_11619,cust11619@masked.com,+XXX-XXX-3619,63,156550,C,3104
111620,Customer_11620,cust11620@masked.com,+XXX-XXX-3620,64,156870,A,3127
111621,Customer_11621,cust11621@masked.com,+XXX-XXX-3621,60,93633,E,3070
111622,Customer_11622,cust11622@masked.com,+XXX-XXX-3622,32,101231,C,3085
111623,Customer_11623,cust11623@masked.com,+XXX-XXX-3623,21,156452,B,3139
111624,Customer_11624,cust11624@masked.com,+XXX-XXX-3624,54,176547,C,3070
111625,Customer_11625,cust11625@masked.com,+XXX-XXX-3625,64,61707,B,3045
111626,Customer_11626,cust11626@masked.com,+XXX-XXX-3626,39,51986,B,3046
111627,Customer_11627,cust11627@masked.com,+XXX-XXX-3627,43,164236,D,3078
111628,Customer_11628,cust11628@masked.com,+XXX-XXX-3628,27,150906,A,3148
111629,Customer_11629,cust11629@masked.com,+XXX-XXX-3629,27,178277,A,3141
111630,Customer_11630,cust11630@masked.com,+XXX-XXX-3630,21,66804,A,3129
111631,Customer_11631,cust11631@masked.com,+XXX-XXX-3631,38,49008,B,3126
111632,Customer_11632,cust11632@masked.com,+XXX-XXX-3632,28,193793,A,3108
111633,Customer_11633,cust11633@masked.com,+XXX-XXX-3633,45,65836,A,3118
111634,Customer_11634,cust11634@masked.com,+XXX-XXX-3634,62,98102,A,3100
111635,Customer_11635,cust11635@masked.com,+XXX-XXX-3635,49,57696,B,3005
111636,Customer_11636,cust11636@masked.com,+XXX-XXX-3636,43,79075,B,3125
111637,Customer_11637,cust11637@masked.com,+XXX-XXX-3637,49,41533,A,3102
111638,Customer_11638,cust11638@masked.com,+XXX-XXX-3638,21,73150,C,3036
111639,Customer_11639,cust11639@masked.com,+XXX-XXX-3639,35,157006,C,3141
111640,Customer_11640,cust11640@masked.com,+XXX-XXX-3640,35,80303,A,3036
111641,Customer_11641,cust11641@masked.com,+XXX-XXX-3641,48,196651,C,3007
111642,Customer_11642,cust11642@masked.com,+XXX-XXX-3642,56,122859,E,3076
111643,Customer_11643,cust11643@masked.com,+XXX-XXX-3643,62,76847,E,3140
111644,Customer_11644,cust11644@masked.com,+XXX-XXX-3644,60,59324,A,3039
111645,Customer_11645,cust11645@masked.com,+XXX-XXX-3645,52,71316,D,3106
111646,Customer_11646,cust11646@masked.com,+XXX-XXX-3646,66,72025,B,3091
111647,Customer_11647,cust11647@masked.com,+XXX-XXX-3647,33,54218,A,3017
111648,Customer_11648,cust11648@masked.com,+XXX-XXX-3648,41,123940,B,3056
111649,Customer_11649,cust11649@masked.com,+XXX-XXX-3649,69,119507,B,3082
111650,Customer_11650,cust11650@masked.com,+XXX-XXX-3650,59,59820,C,3031
111651,Customer_11651,cust11651@masked.com,+XXX-XXX-3651,58,111984,C,3024
111652,Customer_11652,cust11652@masked.com,+XXX-XXX-3652,29,72176,C,3032
111653,Customer_11653,cust11653@masked.com,+XXX-XXX-3653,40,42528,B,3087
111654,Customer_11654,cust11654@masked.com,+XXX-XXX-3654,40,71207,B,3103
111655,Customer_11655,cust11655@masked.com,+XXX-XXX-3655,28,22191,B,3033
111656,Customer_11656,cust11656@masked.com,+XXX-XXX-3656,34,177326,B,3101
111657,Customer_11657,cust11657@masked.com,+XXX-XXX-3657,40,67378,E,3126
111658,Customer_11658,cust11658@masked.com,+XXX-XXX-3658,55,109752,D,3068
111659,Customer_11659,cust11659@masked.com,+XXX-XXX-3659,65,63497,E,3039
111660,Customer_11660,cust11660@masked.com,+XXX-XXX-3660,41,128161,C,3079
111661,Customer_11661,cust11661@masked.com,+XXX-XXX-3661,61,73880,B,3140
111662,Customer_11662,cust11662@masked.com,+XXX-XXX-3662,61,123994,B,3030
111663,Customer_11663,cust11663@masked.com,+XXX-XXX-3663,42,104931,B,3115
111664,Customer_11664,cust11664@masked.com,+XXX-XXX-3664,63,44819,B,3062
111665,Customer_11665,cust11665@masked.com,+XXX-XXX-3665,26,192171,D,3047
111666,Customer_11666,cust11666@masked.com,+XXX-XXX-3666,64,55216,B,3086
111667,Customer_11667,cust11667@masked.com,+XXX-XXX-3667,47,119028,B,3047
111668,Customer_11668,cust11668@masked.com,+XXX-XXX-3668,24,111676,D,3060
111669,Customer_11669,cust11669@masked.com,+XXX-XXX-3669,24,84469,D,3139
111670,Customer_11670,cust11670@masked.com,+XXX-XXX-3670,48,65219,B,3077
111671,Customer_11671,cust11671@masked.com,+XXX-XXX-3671,47,36487,C,3017
111672,Customer_11672,cust11672@masked.com,+XXX-XXX-3672,37,56815,A,3027
111673,Customer_11673,cust11673@masked.com,+XXX-XXX-3673,59,185902,C,3079
111674,Customer_11674,cust11674@masked.com,+XXX-XXX-3674,58,112338,A,3015
111675,Customer_11675,cust11675@masked.com,+XXX-XXX-3675,49,59352,A,3076
111676,Customer_11676,cust11676@masked.com,+XXX-XXX-3676,60,73974,C,3136
111677,Customer_11677,cust11677@masked.com,+XXX-XXX-3677,27,163336,B,3025
111678,Customer_11678,cust11678@masked.com,+XXX-XXX-3678,28,155905,C,3027
111679,Customer_11679,cust11679@masked.com,+XXX-XXX-3679,61,40030,D,3104
111680,Customer_11680,cust11680@masked.com,+XXX-XXX-3680,53,142357,A,3076
111681,Customer_11681,cust11681@masked.com,+XXX-XXX-3681,52,25290,C,3008
111682,Customer_11682,cust11682@masked.com,+XXX-XXX-3682,55,144605,C,3050
111683,Customer_11683,cust11683@masked.com,+XXX-XXX-3683,38,152891,A,3075
111684,Customer_11684,cust11684@masked.com,+XXX-XXX-3684,63,90643,C,3121
111685,Customer_11685,cust11685@masked.com,+XXX-XXX-3685,36,32736,C,3031
111686,Customer_11686,cust11686@masked.com,+XXX-XXX-3686,38,177855,C,3056
111687,Customer_11687,cust11687@masked.com,+XXX-XXX-3687,58,31480,E,3053
111688,Customer_11688,cust11688@masked.com,+XXX-XXX-3688,45,57551,C,3115
111689,Customer_11689,cust11689@masked.com,+XXX-XXX-3689,54,186735,E,3143
111690,Customer_11690,cust11690@masked.com,+XXX-XXX-3690,24,38140,C,3061
111691,Customer_11691,cust11691@masked.com,+XXX-XXX-3691,25,145417,A,3083
111692,Customer_11692,cust11692@masked.com,+XXX-XXX-3692,34,104247,B,3055
111693,Customer_11693,cust11693@masked.com,+XXX-XXX-3693,21,128624,A,3022
111694,Customer_11694,cust11694@masked.com,+XXX-XXX-3694,42,170652,C,3016
111695,Customer_11695,cust11695@masked.com,+XXX-XXX-3695,66,177865,C,3077
111696,Customer_11696,cust11696@masked.com,+XXX-XXX-3696,41,187493,B,3021
111697,Customer_11697,cust11697@masked.com,+XXX-XXX-3697,33,68717,A,3107
111698,Customer_11698,cust11698@masked.com,+XXX-XXX-3698,68,161691,B,3016
111699,Customer_11699,cust11699@masked.com,+XXX-XXX-3699,56,33147,A,3014
111700,Customer_11700,cust11700@masked.com,+XXX-XXX-3700,49,59022,C,3113
111701,Customer_11701,cust11701@masked.com,+XXX-XXX-3701,58,118718,D,3047
111702,Customer_11702,cust11702@masked.com,+XXX-XXX-3702,29,48670,E,3112
111703,Customer_11703,cust11703@masked.com,+XXX-XXX-3703,53,114362,A,3096
111704,Customer_11704,cust11704@masked.com,+XXX-XXX-3704,42,28146,C,3090
111705,Customer_11705,cust11705@masked.com,+XXX-XXX-3705,37,33787,C,3015
111706,Customer_11706,cust11706@masked.com,+XXX-XXX-3706,43,198860,E,3097
111707,Customer_11707,cust11707@masked.com,+XXX-XXX-3707,56,51544,C,3110
111708,Customer_11708,cust11708@masked.com,+XXX-XXX-3708,26,63028,A,3000
111709,Customer_11709,cust11709@masked.com,+XXX-XXX-3709,68,45598,B,3040
111710,Customer_11710,cust11710@masked.com,+XXX-XXX-3710,59,145857,C,3047
111711,Customer_11711,cust11711@masked.com,+XXX-XXX-3711,49,80263,C,3107
111712,Customer_11712,cust11712@masked.com,+XXX-XXX-3712,47,40354,D,3102
111713,Customer_11713,cust11713@masked.com,+XXX-XXX-3713,25,46108,A,3127
111714,Customer_11714,cust11714@masked.com,+XXX-XXX-3714,29,108490,E,3029
111715,Customer_11715,cust11715@masked.com,+XXX-XXX-3715,44,186792,A,3044
111716,Customer_11716,cust11716@masked.com,+XXX-XXX-3716,39,36727,E,3079
111717,Customer_11717,cust11717@masked.com,+XXX-XXX-3717,53,164678,D,3038
111718,Customer_11718,cust11718@masked.com,+XXX-XXX-3718,50,181987,C,3044
111719,Customer_11719,cust11719@masked.com,+XXX-XXX-3719,60,190876,C,3077
111720,Customer_11720,cust11720@masked.com,+XXX-XXX-3720,24,173388,A,3080
111721,Customer_11721,cust11721@masked.com,+XXX-XXX-3721,52,157655,A,3139
111722,Customer_11722,cust11722@masked.com,+XXX-XXX-3722,69,69899,A,3092
111723,Customer_11723,cust11723@masked.com,+XXX-XXX-3723,21,154428,A,3031
111724,Customer_11724,cust11724@masked.com,+XXX-XXX-3724,54,140586,C,3023
111725,Customer_11725,cust11725@masked.com,+XXX-XXX-3725,41,85921,A,3115
111726,Customer_11726,cust11726@masked.com,+XXX-XXX-3726,51,35811,D,3012
111727,Customer_11727,cust11727@masked.com,+XXX-XXX-3727,34,89769,B,3147
111728,Customer_11728,cust11728@masked.com,+XXX-XXX-3728,46,48919,C,3078
111729,Customer_11729,cust11729@masked.com,+XXX-XXX-3729,42,26246,C,3055
111730,Customer_11730,cust11730@masked.com,+XXX-XXX-3730,54,148619,B,3052
111731,Customer_11731,cust11731@masked.com,+XXX-XXX-3731,53,87271,B,3067
111732,Customer_11732,cust11732@masked.com,+XXX-XXX-3732,33,38941,B,3033
111733,Customer_11733,cust11733@masked.com,+XXX-XXX-3733,52,99222,D,3027
111734,Customer_11734,cust11734@masked.com,+XXX-XXX-3734,28,188662,C,3049
111735,Customer_11735,cust11735@masked.com,+XXX-XXX-3735,42,119482,B,3129
111736,Customer_11736,cust11736@masked.com,+XXX-XXX-3736,61,34422,D,3110
111737,Customer_11737,cust11737@masked.com,+XXX-XXX-3737,40,119183,A,3093
111738,Customer_11738,cust11738@masked.com,+XXX-XXX-3738,41,103425,C,3046
111739,Customer_11739,cust11739@masked.com,+XXX-XXX-3739,54,140016,B,3025
111740,Customer_11740,cust11740@masked.com,+XXX-XXX-3740,69,123601,C,3083
111741,Customer_11741,cust11741@masked.com,+XXX-XXX-3741,50,139797,E,3105
111742,Customer_11742,cust11742@masked.com,+XXX-XXX-3742,26,96033,D,3091
111743,Customer_11743,cust11743@masked.com,+XXX-XXX-3743,55,167728,B,3119
111744,Customer_11744,cust11744@masked.com,+XXX-XXX-3744,47,149886,A,3074
111745,Customer_11745,cust11745@masked.com,+XXX-XXX-3745,40,103526,D,3121
111746,Customer_11746,cust11746@masked.com,+XXX-XXX-3746,69,82034,B,3040
111747,Customer_11747,cust11747@masked.com,+XXX-XXX-3747,58,186287,A,3051
111748,Customer_11748,cust11748@masked.com,+XXX-XXX-3748,60,59264,C,3081
111749,Customer_11749,cust11749@masked.com,+XXX-XXX-3749,34,112963,B,3133
111750,Customer_11750,cust11750@masked.com,+XXX-XXX-3750,30,21324,A,3073
111751,Customer_11751,cust11751@masked.com,+XXX-XXX-3751,62,40286,D,3065
111752,Customer_11752,cust11752@masked.com,+XXX-XXX-3752,35,170578,B,3023
111753,Customer_11753,cust11753@masked.com,+XXX-XXX-3753,60,145646,B,3027
111754,Customer_11754,cust11754@masked.com,+XXX-XXX-3754,63,46730,C,3116
111755,Customer_11755,cust11755@masked.com,+XXX-XXX-3755,68,73737,D,3113
111756,Customer_11756,cust11756@masked.com,+XXX-XXX-3756,23,137410,A,3060
111757,Customer_11757,cust11757@masked.com,+XXX-XXX-3757,35,22894,C,3068
111758,Customer_11758,cust11758@masked.com,+XXX-XXX-3758,65,179011,D,3113
111759,Customer_11759,cust11759@masked.com,+XXX-XXX-3759,51,142336,A,3074
111760,Customer_11760,cust11760@masked.com,+XXX-XXX-3760,31,68896,B,3058
111761,Customer_11761,cust11761@masked.com,+XXX-XXX-3761,66,67563,A,3129
111762,Customer_11762,cust11762@masked.com,+XXX-XXX-3762,59,185801,C,3014
111763,Customer_11763,cust11763@masked.com,+XXX-XXX-3763,39,141256,D,3104
111764,Customer_11764,cust11764@masked.com,+XXX-XXX-3764,35,183000,A,3147
111765,Customer_11765,cust11765@masked.com,+XXX-XXX-3765,58,147481,D,3097
111766,Customer_11766,cust11766@masked.com,+XXX-XXX-3766,40,104595,D,3034
111767,Customer_11767,cust11767@masked.com,+XXX-XXX-3767,42,38323,B,3030
111768,Customer_11768,cust11768@masked.com,+XXX-XXX-3768,27,114685,C,3126
111769,Customer_11769,cust11769@masked.com,+XXX-XXX-3769,34,69165,A,3018
111770,Customer_11770,cust11770@masked.com,+XXX-XXX-3770,24,67993,E,3023
111771,Customer_11771,cust11771@masked.com,+XXX-XXX-3771,29,131318,C,3083
111772,Customer_11772,cust11772@masked.com,+XXX-XXX-3772,59,150140,C,3091
111773,Customer_11773,cust11773@masked.com,+XXX-XXX-3773,45,135433,C,3144
111774,Customer_11774,cust11774@masked.com,+XXX-XXX-3774,67,77314,C,3146
111775,Customer_11775,cust11775@masked.com,+XXX-XXX-3775,55,178261,D,3117
111776,Customer_11776,cust11776@masked.com,+XXX-XXX-3776,57,34640,C,3046
111777,Customer_11777,cust11777@masked.com,+XXX-XXX-3777,69,186786,D,3102
111778,Customer_11778,cust11778@masked.com,+XXX-XXX-3778,47,131115,C,3120
111779,Customer_11779,cust11779@masked.com,+XXX-XXX-3779,48,55950,A,3093
111780,Customer_11780,cust11780@masked.com,+XXX-XXX-3780,44,138174,D,3144
111781,Customer_11781,cust11781@masked.com,+XXX-XXX-3781,53,190404,C,3041
111782,Customer_11782,cust11782@masked.com,+XXX-XXX-3782,53,106426,C,3110
111783,Customer_11783,cust11783@masked.com,+XXX-XXX-3783,36,171534,E,3028
111784,Customer_11784,cust11784@masked.com,+XXX-XXX-3784,43,54675,A,3123
111785,Customer_11785,cust11785@masked.com,+XXX-XXX-3785,66,187831,B,3016
111786,Customer_11786,cust11786@masked.com,+XXX-XXX-3786,31,55431,B,3013
111787,Customer_11787,cust11787@masked.com,+XXX-XXX-3787,66,28127,C,3049
111788,Customer_11788,cust11788@masked.com,+XXX-XXX-3788,60,36712,D,3056
111789,Customer_11789,cust11789@masked.com,+XXX-XXX-3789,39,163534,E,3103
111790,Customer_11790,cust11790@masked.com,+XXX-XXX-3790,54,30397,B,3038
111791,Customer_11791,cust11791@masked.com,+XXX-XXX-3791,43,41101,D,3095
111792,Customer_11792,cust11792@masked.com,+XXX-XXX-3792,30,144567,D,3035
111793,Customer_11793,cust11793@masked.com,+XXX-XXX-3793,57,65196,C,3113
111794,Customer_11794,cust11794@masked.com,+XXX-XXX-3794,67,100560,B,3036
111795,Customer_11795,cust11795@masked.com,+XXX-XXX-3795,21,160697,C,3013
111796,Customer_11796,cust11796@masked.com,+XXX-XXX-3796,22,122185,E,3122
111797,Customer_11797,cust11797@masked.com,+XXX-XXX-3797,42,60876,E,3082
111798,Customer_11798,cust11798@masked.com,+XXX-XXX-3798,37,113553,C,3072
111799,Customer_11799,cust11799@masked.com,+XXX-XXX-3799,67,97972,D,3101
111800,Customer_11800,cust11800@masked.com,+XXX-XXX-3800,44,128700,A,3080
111801,Customer_11801,cust11801@masked.com,+XXX-XXX-3801,41,26747,B,3082
111802,Customer_11802,cust11802@masked.com,+XXX-XXX-3802,60,38583,E,3043
111803,Customer_11803,cust11803@masked.com,+XXX-XXX-3803,49,180119,A,3067
111804,Customer_11804,cust11804@masked.com,+XXX-XXX-3804,34,55497,A,3047
111805,Customer_11805,cust11805@masked.com,+XXX-XXX-3805,28,94323,B,3056
111806,Customer_11806,cust11806@masked.com,+XXX-XXX-3806,50,159110,C,3074
111807,Customer_11807,cust11807@masked.com,+XXX-XXX-3807,42,23910,C,3021
111808,Customer_11808,cust11808@masked.com,+XXX-XXX-3808,43,121800,B,3131
111809,Customer_11809,cust11809@masked.com,+XXX-XXX-3809,60,195151,E,3045
111810,Customer_11810,cust11810@masked.com,+XXX-XXX-3810,33,60270,D,3010
111811,Customer_11811,cust11811@masked.com,+XXX-XXX-3811,48,187640,B,3030
111812,Customer_11812,cust11812@masked.com,+XXX-XXX-3812,50,159234,B,3138
111813,Customer_11813,cust11813@masked.com,+XXX-XXX-3813,25,96798,C,3119
111814,Customer_11814,cust11814@masked.com,+XXX-XXX-3814,30,183370,C,3055
111815,Customer_11815,cust11815@masked.com,+XXX-XXX-3815,59,186663,B,3037
111816,Customer_11816,cust11816@masked.com,+XXX-XXX-3816,29,119796,B,3020
111817,Customer_11817,cust11817@masked.com,+XXX-XXX-3817,34,50270,B,3109
111818,Customer_11818,cust11818@masked.com,+XXX-XXX-3818,58,73054,B,3093
111819,Customer_11819,cust11819@masked.com,+XXX-XXX-3819,30,123241,B,3137
111820,Customer_11820,cust11820@masked.com,+XXX-XXX-3820,53,43801,C,3135
111821,Customer_11821,cust11821@masked.com,+XXX-XXX-3821,31,101392,C,3007
111822,Customer_11822,cust11822@masked.com,+XXX-XXX-3822,60,97588,D,3071
111823,Customer_11823,cust11823@masked.com,+XXX-XXX-3823,26,47789,B,3118
111824,Customer_11824,cust11824@masked.com,+XXX-XXX-3824,37,33683,D,3033
111825,Customer_11825,cust11825@masked.com,+XXX-XXX-3825,56,59162,A,3143
111826,Customer_11826,cust11826@masked.com,+XXX-XXX-3826,26,159244,B,3104
111827,Customer_11827,cust11827@masked.com,+XXX-XXX-3827,67,59225,D,3140
111828,Customer_11828,cust11828@masked.com,+XXX-XXX-3828,30,56064,C,3086
111829,Customer_11829,cust11829@masked.com,+XXX-XXX-3829,69,107704,B,3149
111830,Customer_11830,cust11830@masked.com,+XXX-XXX-3830,62,191063,C,3063
111831,Customer_11831,cust11831@masked.com,+XXX-XXX-3831,25,35698,D,3001
111832,Customer_11832,cust11832@masked.com,+XXX-XXX-3832,39,97320,C,3108
111833,Customer_11833,cust11833@masked.com,+XXX-XXX-3833,27,182544,D,3025
111834,Customer_11834,cust11834@masked.com,+XXX-XXX-3834,44,182798,E,3082
111835,Customer_11835,cust11835@masked.com,+XXX-XXX-3835,62,175620,C,3106
111836,Customer_11836,cust11836@masked.com,+XXX-XXX-3836,39,113667,C,3068
111837,Customer_11837,cust11837@masked.com,+XXX-XXX-3837,31,97987,A,3096
111838,Customer_11838,cust11838@masked.com,+XXX-XXX-3838,23,58328,B,3029
111839,Customer_11839,cust11839@masked.com,+XXX-XXX-3839,50,37358,C,3007
111840,Customer_11840,cust11840@masked.com,+XXX-XXX-3840,63,26276,D,3037
111841,Customer_11841,cust11841@masked.com,+XXX-XXX-3841,58,26224,B,3080
111842,Customer_11842,cust11842@masked.com,+XXX-XXX-3842,26,70822,E,3107
111843,Customer_11843,cust11843@masked.com,+XXX-XXX-3843,67,125422,B,3064
111844,Customer_11844,cust11844@masked.com,+XXX-XXX-3844,55,41555,C,3066
111845,Customer_11845,cust11845@masked.com,+XXX-XXX-3845,42,83689,B,3089
111846,Customer_11846,cust11846@masked.com,+XXX-XXX-3846,31,57573,B,3094
111847,Customer_11847,cust11847@masked.com,+XXX-XXX-3847,28,81238,D,3071
111848,Customer_11848,cust11848@masked.com,+XXX-XXX-3848,47,46107,B,3042
111849,Customer_11849,cust11849@masked.com,+XXX-XXX-3849,49,40200,A,3045
111850,Customer_11850,cust11850@masked.com,+XXX-XXX-3850,28,35308,C,3124
111851,Customer_11851,cust11851@masked.com,+XXX-XXX-3851,43,90669,C,3038
111852,Customer_11852,cust11852@masked.com,+XXX-XXX-3852,49,85234,D,3050
111853,Customer_11853,cust11853@masked.com,+XXX-XXX-3853,36,166632,E,3003
111854,Customer_11854,cust11854@masked.com,+XXX-XXX-3854,55,161476,A,3120
111855,Customer_11855,cust11855@masked.com,+XXX-XXX-3855,28,163920,C,3079
111856,Customer_11856,cust11856@masked.com,+XXX-XXX-3856,28,117412,C,3076
111857,Customer_11857,cust11857@masked.com,+XXX-XXX-3857,65,94309,E,3132
111858,Customer_11858,cust11858@masked.com,+XXX-XXX-3858,53,101779,E,3054
111859,Customer_11859,cust11859@masked.com,+XXX-XXX-3859,62,167186,C,3019
111860,Customer_11860,cust11860@masked.com,+XXX-XXX-3860,25,100564,C,3033
111861,Customer_11861,cust11861@masked.com,+XXX-XXX-3861,57,105477,A,3121
111862,Customer_11862,cust11862@masked.com,+XXX-XXX-3862,37,107601,B,3108
111863,Customer_11863,cust11863@masked.com,+XXX-XXX-3863,42,148692,C,3125
111864,Customer_11864,cust11864@masked.com,+XXX-XXX-3864,34,102150,C,3053
111865,Customer_11865,cust11865@masked.com,+XXX-XXX-3865,58,124758,C,3144
111866,Customer_11866,cust11866@masked.com,+XXX-XXX-3866,52,38267,C,3132
111867,Customer_11867,cust11867@masked.com,+XXX-XXX-3867,34,91567,B,3088
111868,Customer_11868,cust11868@masked.com,+XXX-XXX-3868,64,161219,C,3145
111869,Customer_11869,cust11869@masked.com,+XXX-XXX-3869,40,122787,A,3052
111870,Customer_11870,cust11870@masked.com,+XXX-XXX-3870,42,54136,A,3049
111871,Customer_11871,cust11871@masked.com,+XXX-XXX-3871,50,37035,A,3071
111872,Customer_11872,cust11872@masked.com,+XXX-XXX-3872,53,120414,D,3140
111873,Customer_11873,cust11873@masked.com,+XXX-XXX-3873,25,34775,A,3015
111874,Customer_11874,cust11874@masked.com,+XXX-XXX-3874,38,186938,D,3012
111875,Customer_11875,cust11875@masked.com,+XXX-XXX-3875,66,153827,B,3019
111876,Customer_11876,cust11876@masked.com,+XXX-XXX-3876,27,191388,B,3065
111877,Customer_11877,cust11877@masked.com,+XXX-XXX-3877,49,81079,D,3046
111878,Customer_11878,cust11878@masked.com,+XXX-XXX-3878,67,115995,C,3146
111879,Customer_11879,cust11879@masked.com,+XXX-XXX-3879,29,37561,A,3121
111880,Customer_11880,cust11880@masked.com,+XXX-XXX-3880,67,100917,B,3053
111881,Customer_11881,cust11881@masked.com,+XXX-XXX-3881,68,191589,E,3005
111882,Customer_11882,cust11882@masked.com,+XXX-XXX-3882,61,45618,B,3013
111883,Customer_11883,cust11883@masked.com,+XXX-XXX-3883,27,38940,C,3131
111884,Customer_11884,cust11884@masked.com,+XXX-XXX-3884,27,31876,B,3085
111885,Customer_11885,cust11885@masked.com,+XXX-XXX-3885,69,67777,B,3026
111886,Customer_11886,cust11886@masked.com,+XXX-XXX-3886,63,75946,B,3006
111887,Customer_11887,cust11887@masked.com,+XXX-XXX-3887,26,162199,C,3130
111888,Customer_11888,cust11888@masked.com,+XXX-XXX-3888,66,193655,C,3001
111889,Customer_11889,cust11889@masked.com,+XXX-XXX-3889,67,27596,B,3079
111890,Customer_11890,cust11890@masked.com,+XXX-XXX-3890,60,38468,D,3059
111891,Customer_11891,cust11891@masked.com,+XXX-XXX-3891,47,38855,D,3023
111892,Customer_11892,cust11892@masked.com,+XXX-XXX-3892,24,50467,E,3014
111893,Customer_11893,cust11893@masked.com,+XXX-XXX-3893,21,159229,A,3094
111894,Customer_11894,cust11894@masked.com,+XXX-XXX-3894,26,127790,B,3141
111895,Customer_11895,cust11895@masked.com,+XXX-XXX-3895,51,130564,D,3133
111896,Customer_11896,cust11896@masked.com,+XXX-XXX-3896,21,151990,A,3080
111897,Customer_11897,cust11897@masked.com,+XXX-XXX-3897,25,24747,A,3017
111898,Customer_11898,cust11898@masked.com,+XXX-XXX-3898,39,62563,D,3019
111899,Customer_11899,cust11899@masked.com,+XXX-XXX-3899,25,85192,B,3114
111900,Customer_11900,cust11900@masked.com,+XXX-XXX-3900,25,140424,B,3039
111901,Customer_11901,cust11901@masked.com,+XXX-XXX-3901,69,173037,B,3038
111902,Customer_11902,cust11902@masked.com,+XXX-XXX-3902,51,80730,D,3031
111903,Customer_11903,cust11903@masked.com,+XXX-XXX-3903,64,126170,B,3123
111904,Customer_11904,cust11904@masked.com,+XXX-XXX-3904,27,175079,D,3107
111905,Customer_11905,cust11905@masked.com,+XXX-XXX-3905,35,92086,C,3026
111906,Customer_11906,cust11906@masked.com,+XXX-XXX-3906,33,127904,C,3109
111907,Customer_11907,cust11907@masked.com,+XXX-XXX-3907,32,104023,B,3096
111908,Customer_11908,cust11908@masked.com,+XXX-XXX-3908,39,51194,B,3073
111909,Customer_11909,cust11909@masked.com,+XXX-XXX-3909,33,107555,C,3016
111910,Customer_11910,cust11910@masked.com,+XXX-XXX-3910,47,173372,B,3048
111911,Customer_11911,cust11911@masked.com,+XXX-XXX-3911,58,44592,D,3080
111912,Customer_11912,cust11912@masked.com,+XXX-XXX-3912,53,118736,B,3115
111913,Customer_11913,cust11913@masked.com,+XXX-XXX-3913,26,73202,C,3022
111914,Customer_11914,cust11914@masked.com,+XXX-XXX-3914,33,184076,B,3097
111915,Customer_11915,cust11915@masked.com,+XXX-XXX-3915,33,75033,D,3071
111916,Customer_11916,cust11916@masked.com,+XXX-XXX-3916,33,83091,B,3140
111917,Customer_11917,cust11917@masked.com,+XXX-XXX-3917,40,129805,B,3056
111918,Customer_11918,cust11918@masked.com,+XXX-XXX-3918,56,127509,D,3147
111919,Customer_11919,cust11919@masked.com,+XXX-XXX-3919,57,185355,C,3085
111920,Customer_11920,cust11920@masked.com,+XXX-XXX-3920,65,37335,C,3022
111921,Customer_11921,cust11921@masked.com,+XXX-XXX-3921,29,156479,C,3104
111922,Customer_11922,cust11922@masked.com,+XXX-XXX-3922,37,20414,C,3066
111923,Customer_11923,cust11923@masked.com,+XXX-XXX-3923,55,111535,B,3033
111924,Customer_11924,cust11924@masked.com,+XXX-XXX-3924,38,90507,A,3032
111925,Customer_11925,cust11925@masked.com,+XXX-XXX-3925,45,35145,D,3045
111926,Customer_11926,cust11926@masked.com,+XXX-XXX-3926,35,156057,A,3080
111927,Customer_11927,cust11927@masked.com,+XXX-XXX-3927,43,109889,C,3146
111928,Customer_11928,cust11928@masked.com,+XXX-XXX-3928,21,27650,A,3086
111929,Customer_11929,cust11929@masked.com,+XXX-XXX-3929,61,63407,B,3014
111930,Customer_11930,cust11930@masked.com,+XXX-XXX-3930,58,182644,A,3122
111931,Customer_11931,cust11931@masked.com,+XXX-XXX-3931,38,108441,C,3120
111932,Customer_11932,cust11932@masked.com,+XXX-XXX-3932,21,113303,C,3077
111933,Customer_11933,cust11933@masked.com,+XXX-XXX-3933,59,107377,A,3065
111934,Customer_11934,cust11934@masked.com,+XXX-XXX-3934,30,125632,B,3038
111935,Customer_11935,cust11935@masked.com,+XXX-XXX-3935,51,178824,E,3017
111936,Customer_11936,cust11936@masked.com,+XXX-XXX-3936,58,174084,B,3020
111937,Customer_11937,cust11937@masked.com,+XXX-XXX-3937,27,142274,D,3026
111938,Customer_11938,cust11938@masked.com,+XXX-XXX-3938,58,32708,E,3001
111939,Customer_11939,cust11939@masked.com,+XXX-XXX-3939,28,166123,E,3096
111940,Customer_11940,cust11940@masked.com,+XXX-XXX-3940,54,47175,D,3038
111941,Customer_11941,cust11941@masked.com,+XXX-XXX-3941,29,39335,B,3055
111942,Customer_11942,cust11942@masked.com,+XXX-XXX-3942,45,152609,E,3106
111943,Customer_11943,cust11943@masked.com,+XXX-XXX-3943,47,121472,D,3126
111944,Customer_11944,cust11944@masked.com,+XXX-XXX-3944,61,156759,D,3012
111945,Customer_11945,cust11945@masked.com,+XXX-XXX-3945,27,36352,A,3125
111946,Customer_11946,cust11946@masked.com,+XXX-XXX-3946,52,136583,E,3055
111947,Customer_11947,cust11947@masked.com,+XXX-XXX-3947,29,60571,D,3027
111948,Customer_11948,cust11948@masked.com,+XXX-XXX-3948,37,192216,D,3063
111949,Customer_11949,cust11949@masked.com,+XXX-XXX-3949,55,119760,A,3070
111950,Customer_11950,cust11950@masked.com,+XXX-XXX-3950,68,119798,B,3118
111951,Customer_11951,cust11951@masked.com,+XXX-XXX-3951,36,29479,E,3099
111952,Customer_11952,cust11952@masked.com,+XXX-XXX-3952,22,46814,C,3040
111953,Customer_11953,cust11953@masked.com,+XXX-XXX-3953,63,30065,B,3003
111954,Customer_11954,cust11954@masked.com,+XXX-XXX-3954,51,45820,D,3087
111955,Customer_11955,cust11955@masked.com,+XXX-XXX-3955,36,161510,A,3083
111956,Customer_11956,cust11956@masked.com,+XXX-XXX-3956,67,42871,B,3045
111957,Customer_11957,cust11957@masked.com,+XXX-XXX-3957,53,69325,B,3087
111958,Customer_11958,cust11958@masked.com,+XXX-XXX-3958,41,39661,B,3006
111959,Customer_11959,cust11959@masked.com,+XXX-XXX-3959,37,74850,B,3076
111960,Customer_11960,cust11960@masked.com,+XXX-XXX-3960,55,21396,A,3135
111961,Customer_11961,cust11961@masked.com,+XXX-XXX-3961,27,20173,A,3140
111962,Customer_11962,cust11962@masked.com,+XXX-XXX-3962,49,140909,C,3092
111963,Customer_11963,cust11963@masked.com,+XXX-XXX-3963,31,195426,D,3019
111964,Customer_11964,cust11964@masked.com,+XXX-XXX-3964,50,35913,C,3077
111965,Customer_11965,cust11965@masked.com,+XXX-XXX-3965,38,96616,B,3026
111966,Customer_11966,cust11966@masked.com,+XXX-XXX-3966,66,141433,A,3119
111967,Customer_11967,cust11967@masked.com,+XXX-XXX-3967,36,104998,D,3024
111968,Customer_11968,cust11968@masked.com,+XXX-XXX-3968,26,82726,E,3051
111969,Customer_11969,cust11969@masked.com,+XXX-XXX-3969,22,120003,B,3020
111970,Customer_11970,cust11970@masked.com,+XXX-XXX-3970,63,100499,B,3017
111971,Customer_11971,cust11971@masked.com,+XXX-XXX-3971,63,75820,C,3038
111972,Customer_11972,cust11972@masked.com,+XXX-XXX-3972,30,143842,D,3014
111973,Customer_11973,cust11973@masked.com,+XXX-XXX-3973,24,39475,B,3052
111974,Customer_11974,cust11974@masked.com,+XXX-XXX-3974,69,190237,C,3037
111975,Customer_11975,cust11975@masked.com,+XXX-XXX-3975,30,137939,C,3051
111976,Customer_11976,cust11976@masked.com,+XXX-XXX-3976,29,134412,E,3071
111977,Customer_11977,cust11977@masked.com,+XXX-XXX-3977,65,125824,A,3027
111978,Customer_11978,cust11978@masked.com,+XXX-XXX-3978,63,161014,E,3143
111979,Customer_11979,cust11979@masked.com,+XXX-XXX-3979,62,53660,B,3117
111980,Customer_11980,cust11980@masked.com,+XXX-XXX-3980,44,28406,C,3143
111981,Customer_11981,cust11981@masked.com,+XXX-XXX-3981,25,164243,C,3034
111982,Customer_11982,cust11982@masked.com,+XXX-XXX-3982,55,115839,B,3144
111983,Customer_11983,cust11983@masked.com,+XXX-XXX-3983,24,107259,C,3098
111984,Customer_11984,cust11984@masked.com,+XXX-XXX-3984,55,102525,B,3051
111985,Customer_11985,cust11985@masked.com,+XXX-XXX-3985,62,132976,A,3139
111986,Customer_11986,cust11986@masked.com,+XXX-XXX-3986,33,73566,B,3082
111987,Customer_11987,cust11987@masked.com,+XXX-XXX-3987,57,167384,C,3047
111988,Customer_11988,cust11988@masked.com,+XXX-XXX-3988,52,118039,A,3021
111989,Customer_11989,cust11989@masked.com,+XXX-XXX-3989,65,71665,E,3122
111990,Customer_11990,cust11990@masked.com,+XXX-XXX-3990,21,180472,B,3126
111991,Customer_11991,cust11991@masked.com,+XXX-XXX-3991,31,125347,B,3051
111992,Customer_11992,cust11992@masked.com,+XXX-XXX-3992,46,168633,A,3078
111993,Customer_11993,cust11993@masked.com,+XXX-XXX-3993,23,196478,C,3128
111994,Customer_11994,cust11994@masked.com,+XXX-XXX-3994,69,107101,B,3065
111995,Customer_11995,cust11995@masked.com,+XXX-XXX-3995,33,103403,B,3063
111996,Customer_11996,cust11996@masked.com,+XXX-XXX-3996,52,49621,B,3007
111997,Customer_11997,cust11997@masked.com,+XXX-XXX-3997,68,106205,A,3024
111998,Customer_11998,cust11998@masked.com,+XXX-XXX-3998,43,109233,D,3093
111999,Customer_11999,cust11999@masked.com,+XXX-XXX-3999,43,160809,C,3014
